study_id,dataset_id,participant_id,measurement_method,measurement_device,license,source,original_paper,data_quality_tier,sex,age,age_cohort_mean,body_weight_kg,body_weight_cohort_mean_kg,height_cm,training_status,exercise_id,exercise_type,muscle_group,compound_or_isolation,movement_pattern,sets,reps,load_kg,total_volume_kg,duration_minutes,intensity_pct_1rm,intensity_tier,density,measured_kcal,measured_kcal_min,data_role,v1_prediction_kcal_min,v1_prediction_capped,v1_body_weight_source,v1_residual
reis2017,reis2017,reis_lab_p1,indirect_calorimetry_breath_by_breath,COSMED K4b2,CC BY 4.0,https://doi.org/10.1371/journal.pone.0181311,"Reis VM, Garrido ND, Vianna J, Sousa AC, Alves JV, Marques MC (2017), PLOS ONE",GOLD,male,,27.5,,78.67,,mixed,BICEP_CURL,isolation,biceps,isolation,isolation,,,,,,12.0,light,,,3.7800935,primary_training_target,3.4111749999999996,False,cohort_mean_substitution,0.36891850000000037
reis2017,reis2017,reis_lab_p1,indirect_calorimetry_breath_by_breath,COSMED K4b2,CC BY 4.0,https://doi.org/10.1371/journal.pone.0181311,"Reis VM, Garrido ND, Vianna J, Sousa AC, Alves JV, Marques MC (2017), PLOS ONE",GOLD,male,,27.5,,78.67,,mixed,BICEP_CURL,isolation,biceps,isolation,isolation,,,,,,16.0,light,,,4.0790395,primary_training_target,3.4111749999999996,False,cohort_mean_substitution,0.6678645000000007
reis2017,reis2017,reis_lab_p1,indirect_calorimetry_breath_by_breath,COSMED K4b2,CC BY 4.0,https://doi.org/10.1371/journal.pone.0181311,"Reis VM, Garrido ND, Vianna J, Sousa AC, Alves JV, Marques MC (2017), PLOS ONE",GOLD,male,,27.5,,78.67,,mixed,BICEP_CURL,isolation,biceps,isolation,isolation,,,,,,20.0,moderate,,,4.381919,primary_training_target,3.9922625000000003,False,cohort_mean_substitution,0.38965649999999963
reis2017,reis2017,reis_lab_p1,indirect_calorimetry_breath_by_breath,COSMED K4b2,CC BY 4.0,https://doi.org/10.1371/journal.pone.0181311,"Reis VM, Garrido ND, Vianna J, Sousa AC, Alves JV, Marques MC (2017), PLOS ONE",GOLD,male,,27.5,,78.67,,mixed,BICEP_CURL,isolation,biceps,isolation,isolation,,,,,,24.0,moderate,,,3.9138325,primary_training_target,3.9922625000000003,False,cohort_mean_substitution,-0.07843000000000044
reis2017,reis2017,reis_lab_p1,indirect_calorimetry_breath_by_breath,COSMED K4b2,CC BY 4.0,https://doi.org/10.1371/journal.pone.0181311,"Reis VM, Garrido ND, Vianna J, Sousa AC, Alves JV, Marques MC (2017), PLOS ONE",GOLD,male,,27.5,,78.67,,mixed,BICEP_CURL,isolation,biceps,isolation,isolation,,,,,,80.0,hard,,,10.250701,primary_training_target,8.55735,False,cohort_mean_substitution,1.6933509999999998
reis2017,reis2017,reis_lab_p2,indirect_calorimetry_breath_by_breath,COSMED K4b2,CC BY 4.0,https://doi.org/10.1371/journal.pone.0181311,"Reis VM, Garrido ND, Vianna J, Sousa AC, Alves JV, Marques MC (2017), PLOS ONE",GOLD,male,,27.5,,78.67,,mixed,BICEP_CURL,isolation,biceps,isolation,isolation,,,,,,12.0,light,,,3.9531675,primary_training_target,3.4111749999999996,False,cohort_mean_substitution,0.5419925000000005
reis2017,reis2017,reis_lab_p2,indirect_calorimetry_breath_by_breath,COSMED K4b2,CC BY 4.0,https://doi.org/10.1371/journal.pone.0181311,"Reis VM, Garrido ND, Vianna J, Sousa AC, Alves JV, Marques MC (2017), PLOS ONE",GOLD,male,,27.5,,78.67,,mixed,BICEP_CURL,isolation,biceps,isolation,isolation,,,,,,16.0,light,,,4.621862500000001,primary_training_target,3.4111749999999996,False,cohort_mean_substitution,1.210687500000001
reis2017,reis2017,reis_lab_p2,indirect_calorimetry_breath_by_breath,COSMED K4b2,CC BY 4.0,https://doi.org/10.1371/journal.pone.0181311,"Reis VM, Garrido ND, Vianna J, Sousa AC, Alves JV, Marques MC (2017), PLOS ONE",GOLD,male,,27.5,,78.67,,mixed,BICEP_CURL,isolation,biceps,isolation,isolation,,,,,,20.0,moderate,,,4.6611975,primary_training_target,3.9922625000000003,False,cohort_mean_substitution,0.6689349999999998
reis2017,reis2017,reis_lab_p2,indirect_calorimetry_breath_by_breath,COSMED K4b2,CC BY 4.0,https://doi.org/10.1371/journal.pone.0181311,"Reis VM, Garrido ND, Vianna J, Sousa AC, Alves JV, Marques MC (2017), PLOS ONE",GOLD,male,,27.5,,78.67,,mixed,BICEP_CURL,isolation,biceps,isolation,isolation,,,,,,24.0,moderate,,,5.813713,primary_training_target,3.9922625000000003,False,cohort_mean_substitution,1.8214504999999996
reis2017,reis2017,reis_lab_p2,indirect_calorimetry_breath_by_breath,COSMED K4b2,CC BY 4.0,https://doi.org/10.1371/journal.pone.0181311,"Reis VM, Garrido ND, Vianna J, Sousa AC, Alves JV, Marques MC (2017), PLOS ONE",GOLD,male,,27.5,,78.67,,mixed,BICEP_CURL,isolation,biceps,isolation,isolation,,,,,,80.0,hard,,,11.9145715,primary_training_target,8.55735,False,cohort_mean_substitution,3.3572214999999996
reis2017,reis2017,reis_lab_p3,indirect_calorimetry_breath_by_breath,COSMED K4b2,CC BY 4.0,https://doi.org/10.1371/journal.pone.0181311,"Reis VM, Garrido ND, Vianna J, Sousa AC, Alves JV, Marques MC (2017), PLOS ONE",GOLD,male,,27.5,,78.67,,mixed,BICEP_CURL,isolation,biceps,isolation,isolation,,,,,,12.0,light,,,2.8439205000000007,primary_training_target,3.4111749999999996,False,cohort_mean_substitution,-0.5672544999999989
reis2017,reis2017,reis_lab_p3,indirect_calorimetry_breath_by_breath,COSMED K4b2,CC BY 4.0,https://doi.org/10.1371/journal.pone.0181311,"Reis VM, Garrido ND, Vianna J, Sousa AC, Alves JV, Marques MC (2017), PLOS ONE",GOLD,male,,27.5,,78.67,,mixed,BICEP_CURL,isolation,biceps,isolation,isolation,,,,,,16.0,light,,,2.8439205000000007,primary_training_target,3.4111749999999996,False,cohort_mean_substitution,-0.5672544999999989
reis2017,reis2017,reis_lab_p3,indirect_calorimetry_breath_by_breath,COSMED K4b2,CC BY 4.0,https://doi.org/10.1371/journal.pone.0181311,"Reis VM, Garrido ND, Vianna J, Sousa AC, Alves JV, Marques MC (2017), PLOS ONE",GOLD,male,,27.5,,78.67,,mixed,BICEP_CURL,isolation,biceps,isolation,isolation,,,,,,20.0,moderate,,,3.4496795,primary_training_target,3.9922625000000003,False,cohort_mean_substitution,-0.5425830000000005
reis2017,reis2017,reis_lab_p3,indirect_calorimetry_breath_by_breath,COSMED K4b2,CC BY 4.0,https://doi.org/10.1371/journal.pone.0181311,"Reis VM, Garrido ND, Vianna J, Sousa AC, Alves JV, Marques MC (2017), PLOS ONE",GOLD,male,,27.5,,78.67,,mixed,BICEP_CURL,isolation,biceps,isolation,isolation,,,,,,24.0,moderate,,,3.799761,primary_training_target,3.9922625000000003,False,cohort_mean_substitution,-0.1925015000000001
reis2017,reis2017,reis_lab_p3,indirect_calorimetry_breath_by_breath,COSMED K4b2,CC BY 4.0,https://doi.org/10.1371/journal.pone.0181311,"Reis VM, Garrido ND, Vianna J, Sousa AC, Alves JV, Marques MC (2017), PLOS ONE",GOLD,male,,27.5,,78.67,,mixed,BICEP_CURL,isolation,biceps,isolation,isolation,,,,,,80.0,hard,,,6.7223515,primary_training_target,8.55735,False,cohort_mean_substitution,-1.8349984999999993
reis2017,reis2017,reis_lab_p4,indirect_calorimetry_breath_by_breath,COSMED K4b2,CC BY 4.0,https://doi.org/10.1371/journal.pone.0181311,"Reis VM, Garrido ND, Vianna J, Sousa AC, Alves JV, Marques MC (2017), PLOS ONE",GOLD,male,,27.5,,78.67,,mixed,BICEP_CURL,isolation,biceps,isolation,isolation,,,,,,12.0,light,,,3.4339455,primary_training_target,3.4111749999999996,False,cohort_mean_substitution,0.02277050000000047
reis2017,reis2017,reis_lab_p4,indirect_calorimetry_breath_by_breath,COSMED K4b2,CC BY 4.0,https://doi.org/10.1371/journal.pone.0181311,"Reis VM, Garrido ND, Vianna J, Sousa AC, Alves JV, Marques MC (2017), PLOS ONE",GOLD,male,,27.5,,78.67,,mixed,BICEP_CURL,isolation,biceps,isolation,isolation,,,,,,16.0,light,,,2.5371075000000003,primary_training_target,3.4111749999999996,False,cohort_mean_substitution,-0.8740674999999993
reis2017,reis2017,reis_lab_p4,indirect_calorimetry_breath_by_breath,COSMED K4b2,CC BY 4.0,https://doi.org/10.1371/journal.pone.0181311,"Reis VM, Garrido ND, Vianna J, Sousa AC, Alves JV, Marques MC (2017), PLOS ONE",GOLD,male,,27.5,,78.67,,mixed,BICEP_CURL,isolation,biceps,isolation,isolation,,,,,,20.0,moderate,,,3.6778225,primary_training_target,3.9922625000000003,False,cohort_mean_substitution,-0.3144400000000003
reis2017,reis2017,reis_lab_p4,indirect_calorimetry_breath_by_breath,COSMED K4b2,CC BY 4.0,https://doi.org/10.1371/journal.pone.0181311,"Reis VM, Garrido ND, Vianna J, Sousa AC, Alves JV, Marques MC (2017), PLOS ONE",GOLD,male,,27.5,,78.67,,mixed,BICEP_CURL,isolation,biceps,isolation,isolation,,,,,,24.0,moderate,,,3.343475,primary_training_target,3.9922625000000003,False,cohort_mean_substitution,-0.6487875000000001
reis2017,reis2017,reis_lab_p4,indirect_calorimetry_breath_by_breath,COSMED K4b2,CC BY 4.0,https://doi.org/10.1371/journal.pone.0181311,"Reis VM, Garrido ND, Vianna J, Sousa AC, Alves JV, Marques MC (2017), PLOS ONE",GOLD,male,,27.5,,78.67,,mixed,BICEP_CURL,isolation,biceps,isolation,isolation,,,,,,80.0,hard,,,6.321134500000001,primary_training_target,8.55735,False,cohort_mean_substitution,-2.2362154999999984
reis2017,reis2017,reis_lab_p5,indirect_calorimetry_breath_by_breath,COSMED K4b2,CC BY 4.0,https://doi.org/10.1371/journal.pone.0181311,"Reis VM, Garrido ND, Vianna J, Sousa AC, Alves JV, Marques MC (2017), PLOS ONE",GOLD,male,,27.5,,78.67,,mixed,BICEP_CURL,isolation,biceps,isolation,isolation,,,,,,12.0,light,,,2.7141150000000005,primary_training_target,3.4111749999999996,False,cohort_mean_substitution,-0.6970599999999991
reis2017,reis2017,reis_lab_p5,indirect_calorimetry_breath_by_breath,COSMED K4b2,CC BY 4.0,https://doi.org/10.1371/journal.pone.0181311,"Reis VM, Garrido ND, Vianna J, Sousa AC, Alves JV, Marques MC (2017), PLOS ONE",GOLD,male,,27.5,,78.67,,mixed,BICEP_CURL,isolation,biceps,isolation,isolation,,,,,,16.0,light,,,3.3710095,primary_training_target,3.4111749999999996,False,cohort_mean_substitution,-0.04016549999999963
reis2017,reis2017,reis_lab_p5,indirect_calorimetry_breath_by_breath,COSMED K4b2,CC BY 4.0,https://doi.org/10.1371/journal.pone.0181311,"Reis VM, Garrido ND, Vianna J, Sousa AC, Alves JV, Marques MC (2017), PLOS ONE",GOLD,male,,27.5,,78.67,,mixed,BICEP_CURL,isolation,biceps,isolation,isolation,,,,,,20.0,moderate,,,3.5912855,primary_training_target,3.9922625000000003,False,cohort_mean_substitution,-0.40097700000000014
reis2017,reis2017,reis_lab_p5,indirect_calorimetry_breath_by_breath,COSMED K4b2,CC BY 4.0,https://doi.org/10.1371/journal.pone.0181311,"Reis VM, Garrido ND, Vianna J, Sousa AC, Alves JV, Marques MC (2017), PLOS ONE",GOLD,male,,27.5,,78.67,,mixed,BICEP_CURL,isolation,biceps,isolation,isolation,,,,,,24.0,moderate,,,4.16951,primary_training_target,3.9922625000000003,False,cohort_mean_substitution,0.17724749999999956
reis2017,reis2017,reis_lab_p5,indirect_calorimetry_breath_by_breath,COSMED K4b2,CC BY 4.0,https://doi.org/10.1371/journal.pone.0181311,"Reis VM, Garrido ND, Vianna J, Sousa AC, Alves JV, Marques MC (2017), PLOS ONE",GOLD,male,,27.5,,78.67,,mixed,BICEP_CURL,isolation,biceps,isolation,isolation,,,,,,80.0,hard,,,7.697859500000001,primary_training_target,8.55735,False,cohort_mean_substitution,-0.8594904999999988
reis2017,reis2017,reis_lab_p6,indirect_calorimetry_breath_by_breath,COSMED K4b2,CC BY 4.0,https://doi.org/10.1371/journal.pone.0181311,"Reis VM, Garrido ND, Vianna J, Sousa AC, Alves JV, Marques MC (2017), PLOS ONE",GOLD,male,,27.5,,78.67,,mixed,BICEP_CURL,isolation,biceps,isolation,isolation,,,,,,12.0,light,,,3.4221449999999995,primary_training_target,3.4111749999999996,False,cohort_mean_substitution,0.010969999999999924
reis2017,reis2017,reis_lab_p6,indirect_calorimetry_breath_by_breath,COSMED K4b2,CC BY 4.0,https://doi.org/10.1371/journal.pone.0181311,"Reis VM, Garrido ND, Vianna J, Sousa AC, Alves JV, Marques MC (2017), PLOS ONE",GOLD,male,,27.5,,78.67,,mixed,BICEP_CURL,isolation,biceps,isolation,isolation,,,,,,16.0,light,,,4.3307835,primary_training_target,3.4111749999999996,False,cohort_mean_substitution,0.9196085000000003
reis2017,reis2017,reis_lab_p6,indirect_calorimetry_breath_by_breath,COSMED K4b2,CC BY 4.0,https://doi.org/10.1371/journal.pone.0181311,"Reis VM, Garrido ND, Vianna J, Sousa AC, Alves JV, Marques MC (2017), PLOS ONE",GOLD,male,,27.5,,78.67,,mixed,BICEP_CURL,isolation,biceps,isolation,isolation,,,,,,20.0,moderate,,,4.358318,primary_training_target,3.9922625000000003,False,cohort_mean_substitution,0.3660554999999994
reis2017,reis2017,reis_lab_p6,indirect_calorimetry_breath_by_breath,COSMED K4b2,CC BY 4.0,https://doi.org/10.1371/journal.pone.0181311,"Reis VM, Garrido ND, Vianna J, Sousa AC, Alves JV, Marques MC (2017), PLOS ONE",GOLD,male,,27.5,,78.67,,mixed,BICEP_CURL,isolation,biceps,isolation,isolation,,,,,,24.0,moderate,,,4.3229165,primary_training_target,3.9922625000000003,False,cohort_mean_substitution,0.33065399999999956
reis2017,reis2017,reis_lab_p6,indirect_calorimetry_breath_by_breath,COSMED K4b2,CC BY 4.0,https://doi.org/10.1371/journal.pone.0181311,"Reis VM, Garrido ND, Vianna J, Sousa AC, Alves JV, Marques MC (2017), PLOS ONE",GOLD,male,,27.5,,78.67,,mixed,BICEP_CURL,isolation,biceps,isolation,isolation,,,,,,80.0,hard,,,9.0588505,primary_training_target,8.55735,False,cohort_mean_substitution,0.5015005000000006
reis2017,reis2017,reis_lab_p7,indirect_calorimetry_breath_by_breath,COSMED K4b2,CC BY 4.0,https://doi.org/10.1371/journal.pone.0181311,"Reis VM, Garrido ND, Vianna J, Sousa AC, Alves JV, Marques MC (2017), PLOS ONE",GOLD,male,,27.5,,78.67,,mixed,BICEP_CURL,isolation,biceps,isolation,isolation,,,,,,12.0,light,,,3.3710095,primary_training_target,3.4111749999999996,False,cohort_mean_substitution,-0.04016549999999963
reis2017,reis2017,reis_lab_p7,indirect_calorimetry_breath_by_breath,COSMED K4b2,CC BY 4.0,https://doi.org/10.1371/journal.pone.0181311,"Reis VM, Garrido ND, Vianna J, Sousa AC, Alves JV, Marques MC (2017), PLOS ONE",GOLD,male,,27.5,,78.67,,mixed,BICEP_CURL,isolation,biceps,isolation,isolation,,,,,,16.0,light,,,4.275714499999999,primary_training_target,3.4111749999999996,False,cohort_mean_substitution,0.8645394999999998
reis2017,reis2017,reis_lab_p7,indirect_calorimetry_breath_by_breath,COSMED K4b2,CC BY 4.0,https://doi.org/10.1371/journal.pone.0181311,"Reis VM, Garrido ND, Vianna J, Sousa AC, Alves JV, Marques MC (2017), PLOS ONE",GOLD,male,,27.5,,78.67,,mixed,BICEP_CURL,isolation,biceps,isolation,isolation,,,,,,20.0,moderate,,,4.8814735,primary_training_target,3.9922625000000003,False,cohort_mean_substitution,0.889211
reis2017,reis2017,reis_lab_p7,indirect_calorimetry_breath_by_breath,COSMED K4b2,CC BY 4.0,https://doi.org/10.1371/journal.pone.0181311,"Reis VM, Garrido ND, Vianna J, Sousa AC, Alves JV, Marques MC (2017), PLOS ONE",GOLD,male,,27.5,,78.67,,mixed,BICEP_CURL,isolation,biceps,isolation,isolation,,,,,,24.0,moderate,,,5.420363,primary_training_target,3.9922625000000003,False,cohort_mean_substitution,1.4281004999999998
reis2017,reis2017,reis_lab_p7,indirect_calorimetry_breath_by_breath,COSMED K4b2,CC BY 4.0,https://doi.org/10.1371/journal.pone.0181311,"Reis VM, Garrido ND, Vianna J, Sousa AC, Alves JV, Marques MC (2017), PLOS ONE",GOLD,male,,27.5,,78.67,,mixed,BICEP_CURL,isolation,biceps,isolation,isolation,,,,,,80.0,hard,,,11.312746000000002,primary_training_target,8.55735,False,cohort_mean_substitution,2.755396000000003
reis2017,reis2017,reis_lab_p8,indirect_calorimetry_breath_by_breath,COSMED K4b2,CC BY 4.0,https://doi.org/10.1371/journal.pone.0181311,"Reis VM, Garrido ND, Vianna J, Sousa AC, Alves JV, Marques MC (2017), PLOS ONE",GOLD,male,,27.5,,78.67,,mixed,BICEP_CURL,isolation,biceps,isolation,isolation,,,,,,12.0,light,,,3.666022,primary_training_target,3.4111749999999996,False,cohort_mean_substitution,0.25484700000000027
reis2017,reis2017,reis_lab_p8,indirect_calorimetry_breath_by_breath,COSMED K4b2,CC BY 4.0,https://doi.org/10.1371/journal.pone.0181311,"Reis VM, Garrido ND, Vianna J, Sousa AC, Alves JV, Marques MC (2017), PLOS ONE",GOLD,male,,27.5,,78.67,,mixed,BICEP_CURL,isolation,biceps,isolation,isolation,,,,,,16.0,light,,,2.824253,primary_training_target,3.4111749999999996,False,cohort_mean_substitution,-0.5869219999999995
reis2017,reis2017,reis_lab_p8,indirect_calorimetry_breath_by_breath,COSMED K4b2,CC BY 4.0,https://doi.org/10.1371/journal.pone.0181311,"Reis VM, Garrido ND, Vianna J, Sousa AC, Alves JV, Marques MC (2017), PLOS ONE",GOLD,male,,27.5,,78.67,,mixed,BICEP_CURL,isolation,biceps,isolation,isolation,,,,,,20.0,moderate,,,4.067239000000001,primary_training_target,3.9922625000000003,False,cohort_mean_substitution,0.07497650000000045
reis2017,reis2017,reis_lab_p8,indirect_calorimetry_breath_by_breath,COSMED K4b2,CC BY 4.0,https://doi.org/10.1371/journal.pone.0181311,"Reis VM, Garrido ND, Vianna J, Sousa AC, Alves JV, Marques MC (2017), PLOS ONE",GOLD,male,,27.5,,78.67,,mixed,BICEP_CURL,isolation,biceps,isolation,isolation,,,,,,24.0,moderate,,,4.7398675,primary_training_target,3.9922625000000003,False,cohort_mean_substitution,0.7476049999999996
reis2017,reis2017,reis_lab_p8,indirect_calorimetry_breath_by_breath,COSMED K4b2,CC BY 4.0,https://doi.org/10.1371/journal.pone.0181311,"Reis VM, Garrido ND, Vianna J, Sousa AC, Alves JV, Marques MC (2017), PLOS ONE",GOLD,male,,27.5,,78.67,,mixed,BICEP_CURL,isolation,biceps,isolation,isolation,,,,,,80.0,hard,,,9.3577965,primary_training_target,8.55735,False,cohort_mean_substitution,0.8004464999999996
reis2017,reis2017,reis_lab_p9,indirect_calorimetry_breath_by_breath,COSMED K4b2,CC BY 4.0,https://doi.org/10.1371/journal.pone.0181311,"Reis VM, Garrido ND, Vianna J, Sousa AC, Alves JV, Marques MC (2017), PLOS ONE",GOLD,male,,27.5,,78.67,,mixed,BICEP_CURL,isolation,biceps,isolation,isolation,,,,,,12.0,light,,,3.233337,primary_training_target,3.4111749999999996,False,cohort_mean_substitution,-0.1778379999999995
reis2017,reis2017,reis_lab_p9,indirect_calorimetry_breath_by_breath,COSMED K4b2,CC BY 4.0,https://doi.org/10.1371/journal.pone.0181311,"Reis VM, Garrido ND, Vianna J, Sousa AC, Alves JV, Marques MC (2017), PLOS ONE",GOLD,male,,27.5,,78.67,,mixed,BICEP_CURL,isolation,biceps,isolation,isolation,,,,,,16.0,light,,,3.894165000000001,primary_training_target,3.4111749999999996,False,cohort_mean_substitution,0.48299000000000136
reis2017,reis2017,reis_lab_p9,indirect_calorimetry_breath_by_breath,COSMED K4b2,CC BY 4.0,https://doi.org/10.1371/journal.pone.0181311,"Reis VM, Garrido ND, Vianna J, Sousa AC, Alves JV, Marques MC (2017), PLOS ONE",GOLD,male,,27.5,,78.67,,mixed,BICEP_CURL,isolation,biceps,isolation,isolation,,,,,,20.0,moderate,,,4.924742,primary_training_target,3.9922625000000003,False,cohort_mean_substitution,0.9324794999999999
reis2017,reis2017,reis_lab_p9,indirect_calorimetry_breath_by_breath,COSMED K4b2,CC BY 4.0,https://doi.org/10.1371/journal.pone.0181311,"Reis VM, Garrido ND, Vianna J, Sousa AC, Alves JV, Marques MC (2017), PLOS ONE",GOLD,male,,27.5,,78.67,,mixed,BICEP_CURL,isolation,biceps,isolation,isolation,,,,,,24.0,moderate,,,5.727176,primary_training_target,3.9922625000000003,False,cohort_mean_substitution,1.7349134999999998
reis2017,reis2017,reis_lab_p9,indirect_calorimetry_breath_by_breath,COSMED K4b2,CC BY 4.0,https://doi.org/10.1371/journal.pone.0181311,"Reis VM, Garrido ND, Vianna J, Sousa AC, Alves JV, Marques MC (2017), PLOS ONE",GOLD,male,,27.5,,78.67,,mixed,BICEP_CURL,isolation,biceps,isolation,isolation,,,,,,80.0,hard,,,11.7257635,primary_training_target,8.55735,False,cohort_mean_substitution,3.1684134999999998
reis2017,reis2017,reis_lab_p10,indirect_calorimetry_breath_by_breath,COSMED K4b2,CC BY 4.0,https://doi.org/10.1371/journal.pone.0181311,"Reis VM, Garrido ND, Vianna J, Sousa AC, Alves JV, Marques MC (2017), PLOS ONE",GOLD,male,,27.5,,78.67,,mixed,BICEP_CURL,isolation,biceps,isolation,isolation,,,,,,12.0,light,,,2.0414865000000004,primary_training_target,3.4111749999999996,False,cohort_mean_substitution,-1.3696884999999992
reis2017,reis2017,reis_lab_p10,indirect_calorimetry_breath_by_breath,COSMED K4b2,CC BY 4.0,https://doi.org/10.1371/journal.pone.0181311,"Reis VM, Garrido ND, Vianna J, Sousa AC, Alves JV, Marques MC (2017), PLOS ONE",GOLD,male,,27.5,,78.67,,mixed,BICEP_CURL,isolation,biceps,isolation,isolation,,,,,,16.0,light,,,2.4899055,primary_training_target,3.4111749999999996,False,cohort_mean_substitution,-0.9212694999999997
reis2017,reis2017,reis_lab_p10,indirect_calorimetry_breath_by_breath,COSMED K4b2,CC BY 4.0,https://doi.org/10.1371/journal.pone.0181311,"Reis VM, Garrido ND, Vianna J, Sousa AC, Alves JV, Marques MC (2017), PLOS ONE",GOLD,male,,27.5,,78.67,,mixed,BICEP_CURL,isolation,biceps,isolation,isolation,,,,,,20.0,moderate,,,2.761317,primary_training_target,3.9922625000000003,False,cohort_mean_substitution,-1.2309455000000002
reis2017,reis2017,reis_lab_p10,indirect_calorimetry_breath_by_breath,COSMED K4b2,CC BY 4.0,https://doi.org/10.1371/journal.pone.0181311,"Reis VM, Garrido ND, Vianna J, Sousa AC, Alves JV, Marques MC (2017), PLOS ONE",GOLD,male,,27.5,,78.67,,mixed,BICEP_CURL,isolation,biceps,isolation,isolation,,,,,,24.0,moderate,,,3.603086,primary_training_target,3.9922625000000003,False,cohort_mean_substitution,-0.3891765000000005
reis2017,reis2017,reis_lab_p10,indirect_calorimetry_breath_by_breath,COSMED K4b2,CC BY 4.0,https://doi.org/10.1371/journal.pone.0181311,"Reis VM, Garrido ND, Vianna J, Sousa AC, Alves JV, Marques MC (2017), PLOS ONE",GOLD,male,,27.5,,78.67,,mixed,BICEP_CURL,isolation,biceps,isolation,isolation,,,,,,80.0,hard,,,5.6367055000000015,primary_training_target,8.55735,False,cohort_mean_substitution,-2.920644499999998
reis2017,reis2017,reis_lab_p11,indirect_calorimetry_breath_by_breath,COSMED K4b2,CC BY 4.0,https://doi.org/10.1371/journal.pone.0181311,"Reis VM, Garrido ND, Vianna J, Sousa AC, Alves JV, Marques MC (2017), PLOS ONE",GOLD,male,,27.5,,78.67,,mixed,BICEP_CURL,isolation,biceps,isolation,isolation,,,,,,12.0,light,,,2.9855265,primary_training_target,3.4111749999999996,False,cohort_mean_substitution,-0.42564849999999943
reis2017,reis2017,reis_lab_p11,indirect_calorimetry_breath_by_breath,COSMED K4b2,CC BY 4.0,https://doi.org/10.1371/journal.pone.0181311,"Reis VM, Garrido ND, Vianna J, Sousa AC, Alves JV, Marques MC (2017), PLOS ONE",GOLD,male,,27.5,,78.67,,mixed,BICEP_CURL,isolation,biceps,isolation,isolation,,,,,,16.0,light,,,4.901141000000001,primary_training_target,3.4111749999999996,False,cohort_mean_substitution,1.4899660000000012
reis2017,reis2017,reis_lab_p11,indirect_calorimetry_breath_by_breath,COSMED K4b2,CC BY 4.0,https://doi.org/10.1371/journal.pone.0181311,"Reis VM, Garrido ND, Vianna J, Sousa AC, Alves JV, Marques MC (2017), PLOS ONE",GOLD,male,,27.5,,78.67,,mixed,BICEP_CURL,isolation,biceps,isolation,isolation,,,,,,20.0,moderate,,,2.9461915,primary_training_target,3.9922625000000003,False,cohort_mean_substitution,-1.0460710000000004
reis2017,reis2017,reis_lab_p11,indirect_calorimetry_breath_by_breath,COSMED K4b2,CC BY 4.0,https://doi.org/10.1371/journal.pone.0181311,"Reis VM, Garrido ND, Vianna J, Sousa AC, Alves JV, Marques MC (2017), PLOS ONE",GOLD,male,,27.5,,78.67,,mixed,BICEP_CURL,isolation,biceps,isolation,isolation,,,,,,24.0,moderate,,,3.5991525,primary_training_target,3.9922625000000003,False,cohort_mean_substitution,-0.39311000000000007
reis2017,reis2017,reis_lab_p11,indirect_calorimetry_breath_by_breath,COSMED K4b2,CC BY 4.0,https://doi.org/10.1371/journal.pone.0181311,"Reis VM, Garrido ND, Vianna J, Sousa AC, Alves JV, Marques MC (2017), PLOS ONE",GOLD,male,,27.5,,78.67,,mixed,BICEP_CURL,isolation,biceps,isolation,isolation,,,,,,80.0,hard,,,6.690883500000001,primary_training_target,8.55735,False,cohort_mean_substitution,-1.8664664999999987
reis2017,reis2017,reis_lab_p12,indirect_calorimetry_breath_by_breath,COSMED K4b2,CC BY 4.0,https://doi.org/10.1371/journal.pone.0181311,"Reis VM, Garrido ND, Vianna J, Sousa AC, Alves JV, Marques MC (2017), PLOS ONE",GOLD,male,,27.5,,78.67,,mixed,BICEP_CURL,isolation,biceps,isolation,isolation,,,,,,12.0,light,,,3.083864,primary_training_target,3.4111749999999996,False,cohort_mean_substitution,-0.32731099999999946
reis2017,reis2017,reis_lab_p12,indirect_calorimetry_breath_by_breath,COSMED K4b2,CC BY 4.0,https://doi.org/10.1371/journal.pone.0181311,"Reis VM, Garrido ND, Vianna J, Sousa AC, Alves JV, Marques MC (2017), PLOS ONE",GOLD,male,,27.5,,78.67,,mixed,BICEP_CURL,isolation,biceps,isolation,isolation,,,,,,16.0,light,,,2.9540584999999995,primary_training_target,3.4111749999999996,False,cohort_mean_substitution,-0.45711650000000015
reis2017,reis2017,reis_lab_p12,indirect_calorimetry_breath_by_breath,COSMED K4b2,CC BY 4.0,https://doi.org/10.1371/journal.pone.0181311,"Reis VM, Garrido ND, Vianna J, Sousa AC, Alves JV, Marques MC (2017), PLOS ONE",GOLD,male,,27.5,,78.67,,mixed,BICEP_CURL,isolation,biceps,isolation,isolation,,,,,,20.0,moderate,,,3.327741,primary_training_target,3.9922625000000003,False,cohort_mean_substitution,-0.6645215000000002
reis2017,reis2017,reis_lab_p12,indirect_calorimetry_breath_by_breath,COSMED K4b2,CC BY 4.0,https://doi.org/10.1371/journal.pone.0181311,"Reis VM, Garrido ND, Vianna J, Sousa AC, Alves JV, Marques MC (2017), PLOS ONE",GOLD,male,,27.5,,78.67,,mixed,BICEP_CURL,isolation,biceps,isolation,isolation,,,,,,24.0,moderate,,,4.32685,primary_training_target,3.9922625000000003,False,cohort_mean_substitution,0.33458750000000004
reis2017,reis2017,reis_lab_p12,indirect_calorimetry_breath_by_breath,COSMED K4b2,CC BY 4.0,https://doi.org/10.1371/journal.pone.0181311,"Reis VM, Garrido ND, Vianna J, Sousa AC, Alves JV, Marques MC (2017), PLOS ONE",GOLD,male,,27.5,,78.67,,mixed,BICEP_CURL,isolation,biceps,isolation,isolation,,,,,,80.0,hard,,,6.521742999999999,primary_training_target,8.55735,False,cohort_mean_substitution,-2.0356070000000006
reis2017,reis2017,reis_lab_p13,indirect_calorimetry_breath_by_breath,COSMED K4b2,CC BY 4.0,https://doi.org/10.1371/journal.pone.0181311,"Reis VM, Garrido ND, Vianna J, Sousa AC, Alves JV, Marques MC (2017), PLOS ONE",GOLD,male,,27.5,,78.67,,mixed,BICEP_CURL,isolation,biceps,isolation,isolation,,,,,,12.0,light,,,4.3701185,primary_training_target,3.4111749999999996,False,cohort_mean_substitution,0.9589435000000006
reis2017,reis2017,reis_lab_p13,indirect_calorimetry_breath_by_breath,COSMED K4b2,CC BY 4.0,https://doi.org/10.1371/journal.pone.0181311,"Reis VM, Garrido ND, Vianna J, Sousa AC, Alves JV, Marques MC (2017), PLOS ONE",GOLD,male,,27.5,,78.67,,mixed,BICEP_CURL,isolation,biceps,isolation,isolation,,,,,,16.0,light,,,3.22547,primary_training_target,3.4111749999999996,False,cohort_mean_substitution,-0.18570499999999956
reis2017,reis2017,reis_lab_p13,indirect_calorimetry_breath_by_breath,COSMED K4b2,CC BY 4.0,https://doi.org/10.1371/journal.pone.0181311,"Reis VM, Garrido ND, Vianna J, Sousa AC, Alves JV, Marques MC (2017), PLOS ONE",GOLD,male,,27.5,,78.67,,mixed,BICEP_CURL,isolation,biceps,isolation,isolation,,,,,,20.0,moderate,,,4.7595350000000005,primary_training_target,3.9922625000000003,False,cohort_mean_substitution,0.7672725000000002
reis2017,reis2017,reis_lab_p13,indirect_calorimetry_breath_by_breath,COSMED K4b2,CC BY 4.0,https://doi.org/10.1371/journal.pone.0181311,"Reis VM, Garrido ND, Vianna J, Sousa AC, Alves JV, Marques MC (2017), PLOS ONE",GOLD,male,,27.5,,78.67,,mixed,BICEP_CURL,isolation,biceps,isolation,isolation,,,,,,24.0,moderate,,,4.9680105,primary_training_target,3.9922625000000003,False,cohort_mean_substitution,0.9757479999999998
reis2017,reis2017,reis_lab_p13,indirect_calorimetry_breath_by_breath,COSMED K4b2,CC BY 4.0,https://doi.org/10.1371/journal.pone.0181311,"Reis VM, Garrido ND, Vianna J, Sousa AC, Alves JV, Marques MC (2017), PLOS ONE",GOLD,male,,27.5,,78.67,,mixed,BICEP_CURL,isolation,biceps,isolation,isolation,,,,,,80.0,hard,,,10.006824000000002,primary_training_target,8.55735,False,cohort_mean_substitution,1.4494740000000021
reis2017,reis2017,reis_lab_p14,indirect_calorimetry_breath_by_breath,COSMED K4b2,CC BY 4.0,https://doi.org/10.1371/journal.pone.0181311,"Reis VM, Garrido ND, Vianna J, Sousa AC, Alves JV, Marques MC (2017), PLOS ONE",GOLD,male,,27.5,,78.67,,mixed,BICEP_CURL,isolation,biceps,isolation,isolation,,,,,,12.0,light,,,3.1035315,primary_training_target,3.4111749999999996,False,cohort_mean_substitution,-0.30764349999999974
reis2017,reis2017,reis_lab_p14,indirect_calorimetry_breath_by_breath,COSMED K4b2,CC BY 4.0,https://doi.org/10.1371/journal.pone.0181311,"Reis VM, Garrido ND, Vianna J, Sousa AC, Alves JV, Marques MC (2017), PLOS ONE",GOLD,male,,27.5,,78.67,,mixed,BICEP_CURL,isolation,biceps,isolation,isolation,,,,,,16.0,light,,,2.950125,primary_training_target,3.4111749999999996,False,cohort_mean_substitution,-0.46104999999999974
reis2017,reis2017,reis_lab_p14,indirect_calorimetry_breath_by_breath,COSMED K4b2,CC BY 4.0,https://doi.org/10.1371/journal.pone.0181311,"Reis VM, Garrido ND, Vianna J, Sousa AC, Alves JV, Marques MC (2017), PLOS ONE",GOLD,male,,27.5,,78.67,,mixed,BICEP_CURL,isolation,biceps,isolation,isolation,,,,,,20.0,moderate,,,3.1979355000000003,primary_training_target,3.9922625000000003,False,cohort_mean_substitution,-0.794327
reis2017,reis2017,reis_lab_p14,indirect_calorimetry_breath_by_breath,COSMED K4b2,CC BY 4.0,https://doi.org/10.1371/journal.pone.0181311,"Reis VM, Garrido ND, Vianna J, Sousa AC, Alves JV, Marques MC (2017), PLOS ONE",GOLD,male,,27.5,,78.67,,mixed,BICEP_CURL,isolation,biceps,isolation,isolation,,,,,,24.0,moderate,,,2.8950560000000003,primary_training_target,3.9922625000000003,False,cohort_mean_substitution,-1.0972065
reis2017,reis2017,reis_lab_p14,indirect_calorimetry_breath_by_breath,COSMED K4b2,CC BY 4.0,https://doi.org/10.1371/journal.pone.0181311,"Reis VM, Garrido ND, Vianna J, Sousa AC, Alves JV, Marques MC (2017), PLOS ONE",GOLD,male,,27.5,,78.67,,mixed,BICEP_CURL,isolation,biceps,isolation,isolation,,,,,,80.0,hard,,,6.144126999999999,primary_training_target,8.55735,False,cohort_mean_substitution,-2.4132230000000003
reis2017,reis2017,reis_lab_p1,indirect_calorimetry_breath_by_breath,COSMED K4b2,CC BY 4.0,https://doi.org/10.1371/journal.pone.0181311,"Reis VM, Garrido ND, Vianna J, Sousa AC, Alves JV, Marques MC (2017), PLOS ONE",GOLD,male,,27.5,,78.67,,mixed,TRICEPS_EXTENSION,isolation,triceps,isolation,isolation,,,,,,12.0,light,,,4.2481800000000005,primary_training_target,3.2711749999999995,False,cohort_mean_substitution,0.977005000000001
reis2017,reis2017,reis_lab_p1,indirect_calorimetry_breath_by_breath,COSMED K4b2,CC BY 4.0,https://doi.org/10.1371/journal.pone.0181311,"Reis VM, Garrido ND, Vianna J, Sousa AC, Alves JV, Marques MC (2017), PLOS ONE",GOLD,male,,27.5,,78.67,,mixed,TRICEPS_EXTENSION,isolation,triceps,isolation,isolation,,,,,,16.0,light,,,4.987678000000001,primary_training_target,3.2711749999999995,False,cohort_mean_substitution,1.7165030000000012
reis2017,reis2017,reis_lab_p1,indirect_calorimetry_breath_by_breath,COSMED K4b2,CC BY 4.0,https://doi.org/10.1371/journal.pone.0181311,"Reis VM, Garrido ND, Vianna J, Sousa AC, Alves JV, Marques MC (2017), PLOS ONE",GOLD,male,,27.5,,78.67,,mixed,TRICEPS_EXTENSION,isolation,triceps,isolation,isolation,,,,,,20.0,moderate,,,6.808888499999998,primary_training_target,4.4142625,False,cohort_mean_substitution,2.394625999999998
reis2017,reis2017,reis_lab_p1,indirect_calorimetry_breath_by_breath,COSMED K4b2,CC BY 4.0,https://doi.org/10.1371/journal.pone.0181311,"Reis VM, Garrido ND, Vianna J, Sousa AC, Alves JV, Marques MC (2017), PLOS ONE",GOLD,male,,27.5,,78.67,,mixed,TRICEPS_EXTENSION,isolation,triceps,isolation,isolation,,,,,,24.0,moderate,,,6.793154499999999,primary_training_target,4.4142625,False,cohort_mean_substitution,2.3788919999999987
reis2017,reis2017,reis_lab_p1,indirect_calorimetry_breath_by_breath,COSMED K4b2,CC BY 4.0,https://doi.org/10.1371/journal.pone.0181311,"Reis VM, Garrido ND, Vianna J, Sousa AC, Alves JV, Marques MC (2017), PLOS ONE",GOLD,male,,27.5,,78.67,,mixed,TRICEPS_EXTENSION,isolation,triceps,isolation,isolation,,,,,,80.0,hard,,,18.38085215,primary_training_target,10.760349999999999,False,cohort_mean_substitution,7.62050215
reis2017,reis2017,reis_lab_p2,indirect_calorimetry_breath_by_breath,COSMED K4b2,CC BY 4.0,https://doi.org/10.1371/journal.pone.0181311,"Reis VM, Garrido ND, Vianna J, Sousa AC, Alves JV, Marques MC (2017), PLOS ONE",GOLD,male,,27.5,,78.67,,mixed,TRICEPS_EXTENSION,isolation,triceps,isolation,isolation,,,,,,12.0,light,,,2.6787135,primary_training_target,3.2711749999999995,False,cohort_mean_substitution,-0.5924614999999993
reis2017,reis2017,reis_lab_p2,indirect_calorimetry_breath_by_breath,COSMED K4b2,CC BY 4.0,https://doi.org/10.1371/journal.pone.0181311,"Reis VM, Garrido ND, Vianna J, Sousa AC, Alves JV, Marques MC (2017), PLOS ONE",GOLD,male,,27.5,,78.67,,mixed,TRICEPS_EXTENSION,isolation,triceps,isolation,isolation,,,,,,16.0,light,,,3.233337,primary_training_target,3.2711749999999995,False,cohort_mean_substitution,-0.03783799999999937
reis2017,reis2017,reis_lab_p2,indirect_calorimetry_breath_by_breath,COSMED K4b2,CC BY 4.0,https://doi.org/10.1371/journal.pone.0181311,"Reis VM, Garrido ND, Vianna J, Sousa AC, Alves JV, Marques MC (2017), PLOS ONE",GOLD,male,,27.5,,78.67,,mixed,TRICEPS_EXTENSION,isolation,triceps,isolation,isolation,,,,,,20.0,moderate,,,2.8753885,primary_training_target,4.4142625,False,cohort_mean_substitution,-1.5388740000000003
reis2017,reis2017,reis_lab_p2,indirect_calorimetry_breath_by_breath,COSMED K4b2,CC BY 4.0,https://doi.org/10.1371/journal.pone.0181311,"Reis VM, Garrido ND, Vianna J, Sousa AC, Alves JV, Marques MC (2017), PLOS ONE",GOLD,male,,27.5,,78.67,,mixed,TRICEPS_EXTENSION,isolation,triceps,isolation,isolation,,,,,,24.0,moderate,,,4.948343,primary_training_target,4.4142625,False,cohort_mean_substitution,0.5340805
reis2017,reis2017,reis_lab_p2,indirect_calorimetry_breath_by_breath,COSMED K4b2,CC BY 4.0,https://doi.org/10.1371/journal.pone.0181311,"Reis VM, Garrido ND, Vianna J, Sousa AC, Alves JV, Marques MC (2017), PLOS ONE",GOLD,male,,27.5,,78.67,,mixed,TRICEPS_EXTENSION,isolation,triceps,isolation,isolation,,,,,,80.0,hard,,,9.94821485,primary_training_target,10.760349999999999,False,cohort_mean_substitution,-0.8121351499999996
reis2017,reis2017,reis_lab_p3,indirect_calorimetry_breath_by_breath,COSMED K4b2,CC BY 4.0,https://doi.org/10.1371/journal.pone.0181311,"Reis VM, Garrido ND, Vianna J, Sousa AC, Alves JV, Marques MC (2017), PLOS ONE",GOLD,male,,27.5,,78.67,,mixed,TRICEPS_EXTENSION,isolation,triceps,isolation,isolation,,,,,,12.0,light,,,3.0405955,primary_training_target,3.2711749999999995,False,cohort_mean_substitution,-0.23057949999999972
reis2017,reis2017,reis_lab_p3,indirect_calorimetry_breath_by_breath,COSMED K4b2,CC BY 4.0,https://doi.org/10.1371/journal.pone.0181311,"Reis VM, Garrido ND, Vianna J, Sousa AC, Alves JV, Marques MC (2017), PLOS ONE",GOLD,male,,27.5,,78.67,,mixed,TRICEPS_EXTENSION,isolation,triceps,isolation,isolation,,,,,,16.0,light,,,4.311116,primary_training_target,3.2711749999999995,False,cohort_mean_substitution,1.0399410000000007
reis2017,reis2017,reis_lab_p3,indirect_calorimetry_breath_by_breath,COSMED K4b2,CC BY 4.0,https://doi.org/10.1371/journal.pone.0181311,"Reis VM, Garrido ND, Vianna J, Sousa AC, Alves JV, Marques MC (2017), PLOS ONE",GOLD,male,,27.5,,78.67,,mixed,TRICEPS_EXTENSION,isolation,triceps,isolation,isolation,,,,,,20.0,moderate,,,4.271781,primary_training_target,4.4142625,False,cohort_mean_substitution,-0.1424815000000006
reis2017,reis2017,reis_lab_p3,indirect_calorimetry_breath_by_breath,COSMED K4b2,CC BY 4.0,https://doi.org/10.1371/journal.pone.0181311,"Reis VM, Garrido ND, Vianna J, Sousa AC, Alves JV, Marques MC (2017), PLOS ONE",GOLD,male,,27.5,,78.67,,mixed,TRICEPS_EXTENSION,isolation,triceps,isolation,isolation,,,,,,24.0,moderate,,,4.7398675,primary_training_target,4.4142625,False,cohort_mean_substitution,0.3256049999999995
reis2017,reis2017,reis_lab_p3,indirect_calorimetry_breath_by_breath,COSMED K4b2,CC BY 4.0,https://doi.org/10.1371/journal.pone.0181311,"Reis VM, Garrido ND, Vianna J, Sousa AC, Alves JV, Marques MC (2017), PLOS ONE",GOLD,male,,27.5,,78.67,,mixed,TRICEPS_EXTENSION,isolation,triceps,isolation,isolation,,,,,,80.0,hard,,,11.15815945,primary_training_target,10.760349999999999,False,cohort_mean_substitution,0.39780945000000045
reis2017,reis2017,reis_lab_p4,indirect_calorimetry_breath_by_breath,COSMED K4b2,CC BY 4.0,https://doi.org/10.1371/journal.pone.0181311,"Reis VM, Garrido ND, Vianna J, Sousa AC, Alves JV, Marques MC (2017), PLOS ONE",GOLD,male,,27.5,,78.67,,mixed,TRICEPS_EXTENSION,isolation,triceps,isolation,isolation,,,,,,12.0,light,,,3.6227535,primary_training_target,3.2711749999999995,False,cohort_mean_substitution,0.35157850000000046
reis2017,reis2017,reis_lab_p4,indirect_calorimetry_breath_by_breath,COSMED K4b2,CC BY 4.0,https://doi.org/10.1371/journal.pone.0181311,"Reis VM, Garrido ND, Vianna J, Sousa AC, Alves JV, Marques MC (2017), PLOS ONE",GOLD,male,,27.5,,78.67,,mixed,TRICEPS_EXTENSION,isolation,triceps,isolation,isolation,,,,,,16.0,light,,,3.949234,primary_training_target,3.2711749999999995,False,cohort_mean_substitution,0.6780590000000006
reis2017,reis2017,reis_lab_p4,indirect_calorimetry_breath_by_breath,COSMED K4b2,CC BY 4.0,https://doi.org/10.1371/journal.pone.0181311,"Reis VM, Garrido ND, Vianna J, Sousa AC, Alves JV, Marques MC (2017), PLOS ONE",GOLD,male,,27.5,,78.67,,mixed,TRICEPS_EXTENSION,isolation,triceps,isolation,isolation,,,,,,20.0,moderate,,,5.176486000000001,primary_training_target,4.4142625,False,cohort_mean_substitution,0.7622235000000002
reis2017,reis2017,reis_lab_p4,indirect_calorimetry_breath_by_breath,COSMED K4b2,CC BY 4.0,https://doi.org/10.1371/journal.pone.0181311,"Reis VM, Garrido ND, Vianna J, Sousa AC, Alves JV, Marques MC (2017), PLOS ONE",GOLD,male,,27.5,,78.67,,mixed,TRICEPS_EXTENSION,isolation,triceps,isolation,isolation,,,,,,24.0,moderate,,,5.790112000000001,primary_training_target,4.4142625,False,cohort_mean_substitution,1.3758495000000002
reis2017,reis2017,reis_lab_p4,indirect_calorimetry_breath_by_breath,COSMED K4b2,CC BY 4.0,https://doi.org/10.1371/journal.pone.0181311,"Reis VM, Garrido ND, Vianna J, Sousa AC, Alves JV, Marques MC (2017), PLOS ONE",GOLD,male,,27.5,,78.67,,mixed,TRICEPS_EXTENSION,isolation,triceps,isolation,isolation,,,,,,80.0,hard,,,12.98094335,primary_training_target,10.760349999999999,False,cohort_mean_substitution,2.2205933500000015
reis2017,reis2017,reis_lab_p5,indirect_calorimetry_breath_by_breath,COSMED K4b2,CC BY 4.0,https://doi.org/10.1371/journal.pone.0181311,"Reis VM, Garrido ND, Vianna J, Sousa AC, Alves JV, Marques MC (2017), PLOS ONE",GOLD,male,,27.5,,78.67,,mixed,TRICEPS_EXTENSION,isolation,triceps,isolation,isolation,,,,,,12.0,light,,,2.9697925,primary_training_target,3.2711749999999995,False,cohort_mean_substitution,-0.30138249999999944
reis2017,reis2017,reis_lab_p5,indirect_calorimetry_breath_by_breath,COSMED K4b2,CC BY 4.0,https://doi.org/10.1371/journal.pone.0181311,"Reis VM, Garrido ND, Vianna J, Sousa AC, Alves JV, Marques MC (2017), PLOS ONE",GOLD,male,,27.5,,78.67,,mixed,TRICEPS_EXTENSION,isolation,triceps,isolation,isolation,,,,,,16.0,light,,,2.98946,primary_training_target,3.2711749999999995,False,cohort_mean_substitution,-0.2817149999999997
reis2017,reis2017,reis_lab_p5,indirect_calorimetry_breath_by_breath,COSMED K4b2,CC BY 4.0,https://doi.org/10.1371/journal.pone.0181311,"Reis VM, Garrido ND, Vianna J, Sousa AC, Alves JV, Marques MC (2017), PLOS ONE",GOLD,male,,27.5,,78.67,,mixed,TRICEPS_EXTENSION,isolation,triceps,isolation,isolation,,,,,,20.0,moderate,,,4.2285125,primary_training_target,4.4142625,False,cohort_mean_substitution,-0.18575000000000053
reis2017,reis2017,reis_lab_p5,indirect_calorimetry_breath_by_breath,COSMED K4b2,CC BY 4.0,https://doi.org/10.1371/journal.pone.0181311,"Reis VM, Garrido ND, Vianna J, Sousa AC, Alves JV, Marques MC (2017), PLOS ONE",GOLD,male,,27.5,,78.67,,mixed,TRICEPS_EXTENSION,isolation,triceps,isolation,isolation,,,,,,24.0,moderate,,,3.8115615,primary_training_target,4.4142625,False,cohort_mean_substitution,-0.6027010000000006
reis2017,reis2017,reis_lab_p5,indirect_calorimetry_breath_by_breath,COSMED K4b2,CC BY 4.0,https://doi.org/10.1371/journal.pone.0181311,"Reis VM, Garrido ND, Vianna J, Sousa AC, Alves JV, Marques MC (2017), PLOS ONE",GOLD,male,,27.5,,78.67,,mixed,TRICEPS_EXTENSION,isolation,triceps,isolation,isolation,,,,,,80.0,hard,,,8.866109,primary_training_target,10.760349999999999,False,cohort_mean_substitution,-1.8942409999999992
reis2017,reis2017,reis_lab_p6,indirect_calorimetry_breath_by_breath,COSMED K4b2,CC BY 4.0,https://doi.org/10.1371/journal.pone.0181311,"Reis VM, Garrido ND, Vianna J, Sousa AC, Alves JV, Marques MC (2017), PLOS ONE",GOLD,male,,27.5,,78.67,,mixed,TRICEPS_EXTENSION,isolation,triceps,isolation,isolation,,,,,,12.0,light,,,3.1664675000000004,primary_training_target,3.2711749999999995,False,cohort_mean_substitution,-0.10470749999999907
reis2017,reis2017,reis_lab_p6,indirect_calorimetry_breath_by_breath,COSMED K4b2,CC BY 4.0,https://doi.org/10.1371/journal.pone.0181311,"Reis VM, Garrido ND, Vianna J, Sousa AC, Alves JV, Marques MC (2017), PLOS ONE",GOLD,male,,27.5,,78.67,,mixed,TRICEPS_EXTENSION,isolation,triceps,isolation,isolation,,,,,,16.0,light,,,2.8360535,primary_training_target,3.2711749999999995,False,cohort_mean_substitution,-0.4351214999999997
reis2017,reis2017,reis_lab_p6,indirect_calorimetry_breath_by_breath,COSMED K4b2,CC BY 4.0,https://doi.org/10.1371/journal.pone.0181311,"Reis VM, Garrido ND, Vianna J, Sousa AC, Alves JV, Marques MC (2017), PLOS ONE",GOLD,male,,27.5,,78.67,,mixed,TRICEPS_EXTENSION,isolation,triceps,isolation,isolation,,,,,,20.0,moderate,,,3.3080735,primary_training_target,4.4142625,False,cohort_mean_substitution,-1.1061890000000005
reis2017,reis2017,reis_lab_p6,indirect_calorimetry_breath_by_breath,COSMED K4b2,CC BY 4.0,https://doi.org/10.1371/journal.pone.0181311,"Reis VM, Garrido ND, Vianna J, Sousa AC, Alves JV, Marques MC (2017), PLOS ONE",GOLD,male,,27.5,,78.67,,mixed,TRICEPS_EXTENSION,isolation,triceps,isolation,isolation,,,,,,24.0,moderate,,,3.8430295,primary_training_target,4.4142625,False,cohort_mean_substitution,-0.5712330000000003
reis2017,reis2017,reis_lab_p6,indirect_calorimetry_breath_by_breath,COSMED K4b2,CC BY 4.0,https://doi.org/10.1371/journal.pone.0181311,"Reis VM, Garrido ND, Vianna J, Sousa AC, Alves JV, Marques MC (2017), PLOS ONE",GOLD,male,,27.5,,78.67,,mixed,TRICEPS_EXTENSION,isolation,triceps,isolation,isolation,,,,,,80.0,hard,,,7.672291749999999,primary_training_target,10.760349999999999,False,cohort_mean_substitution,-3.0880582499999996
reis2017,reis2017,reis_lab_p7,indirect_calorimetry_breath_by_breath,COSMED K4b2,CC BY 4.0,https://doi.org/10.1371/journal.pone.0181311,"Reis VM, Garrido ND, Vianna J, Sousa AC, Alves JV, Marques MC (2017), PLOS ONE",GOLD,male,,27.5,,78.67,,mixed,TRICEPS_EXTENSION,isolation,triceps,isolation,isolation,,,,,,12.0,light,,,2.5056395,primary_training_target,3.2711749999999995,False,cohort_mean_substitution,-0.7655354999999995
reis2017,reis2017,reis_lab_p7,indirect_calorimetry_breath_by_breath,COSMED K4b2,CC BY 4.0,https://doi.org/10.1371/journal.pone.0181311,"Reis VM, Garrido ND, Vianna J, Sousa AC, Alves JV, Marques MC (2017), PLOS ONE",GOLD,male,,27.5,,78.67,,mixed,TRICEPS_EXTENSION,isolation,triceps,isolation,isolation,,,,,,16.0,light,,,3.5991525,primary_training_target,3.2711749999999995,False,cohort_mean_substitution,0.3279775000000007
reis2017,reis2017,reis_lab_p7,indirect_calorimetry_breath_by_breath,COSMED K4b2,CC BY 4.0,https://doi.org/10.1371/journal.pone.0181311,"Reis VM, Garrido ND, Vianna J, Sousa AC, Alves JV, Marques MC (2017), PLOS ONE",GOLD,male,,27.5,,78.67,,mixed,TRICEPS_EXTENSION,isolation,triceps,isolation,isolation,,,,,,20.0,moderate,,,4.5353255,primary_training_target,4.4142625,False,cohort_mean_substitution,0.12106299999999948
reis2017,reis2017,reis_lab_p7,indirect_calorimetry_breath_by_breath,COSMED K4b2,CC BY 4.0,https://doi.org/10.1371/journal.pone.0181311,"Reis VM, Garrido ND, Vianna J, Sousa AC, Alves JV, Marques MC (2017), PLOS ONE",GOLD,male,,27.5,,78.67,,mixed,TRICEPS_EXTENSION,isolation,triceps,isolation,isolation,,,,,,24.0,moderate,,,4.279648,primary_training_target,4.4142625,False,cohort_mean_substitution,-0.13461450000000053
reis2017,reis2017,reis_lab_p7,indirect_calorimetry_breath_by_breath,COSMED K4b2,CC BY 4.0,https://doi.org/10.1371/journal.pone.0181311,"Reis VM, Garrido ND, Vianna J, Sousa AC, Alves JV, Marques MC (2017), PLOS ONE",GOLD,male,,27.5,,78.67,,mixed,TRICEPS_EXTENSION,isolation,triceps,isolation,isolation,,,,,,80.0,hard,,,10.7431752,primary_training_target,10.760349999999999,False,cohort_mean_substitution,-0.01717479999999938
reis2017,reis2017,reis_lab_p8,indirect_calorimetry_breath_by_breath,COSMED K4b2,CC BY 4.0,https://doi.org/10.1371/journal.pone.0181311,"Reis VM, Garrido ND, Vianna J, Sousa AC, Alves JV, Marques MC (2017), PLOS ONE",GOLD,male,,27.5,,78.67,,mixed,TRICEPS_EXTENSION,isolation,triceps,isolation,isolation,,,,,,12.0,light,,,2.155558,primary_training_target,3.2711749999999995,False,cohort_mean_substitution,-1.1156169999999994
reis2017,reis2017,reis_lab_p8,indirect_calorimetry_breath_by_breath,COSMED K4b2,CC BY 4.0,https://doi.org/10.1371/journal.pone.0181311,"Reis VM, Garrido ND, Vianna J, Sousa AC, Alves JV, Marques MC (2017), PLOS ONE",GOLD,male,,27.5,,78.67,,mixed,TRICEPS_EXTENSION,isolation,triceps,isolation,isolation,,,,,,16.0,light,,,4.389786000000001,primary_training_target,3.2711749999999995,False,cohort_mean_substitution,1.1186110000000014
reis2017,reis2017,reis_lab_p8,indirect_calorimetry_breath_by_breath,COSMED K4b2,CC BY 4.0,https://doi.org/10.1371/journal.pone.0181311,"Reis VM, Garrido ND, Vianna J, Sousa AC, Alves JV, Marques MC (2017), PLOS ONE",GOLD,male,,27.5,,78.67,,mixed,TRICEPS_EXTENSION,isolation,triceps,isolation,isolation,,,,,,20.0,moderate,,,3.288406,primary_training_target,4.4142625,False,cohort_mean_substitution,-1.1258565000000003
reis2017,reis2017,reis_lab_p8,indirect_calorimetry_breath_by_breath,COSMED K4b2,CC BY 4.0,https://doi.org/10.1371/journal.pone.0181311,"Reis VM, Garrido ND, Vianna J, Sousa AC, Alves JV, Marques MC (2017), PLOS ONE",GOLD,male,,27.5,,78.67,,mixed,TRICEPS_EXTENSION,isolation,triceps,isolation,isolation,,,,,,24.0,moderate,,,4.216712000000001,primary_training_target,4.4142625,False,cohort_mean_substitution,-0.1975504999999993
reis2017,reis2017,reis_lab_p8,indirect_calorimetry_breath_by_breath,COSMED K4b2,CC BY 4.0,https://doi.org/10.1371/journal.pone.0181311,"Reis VM, Garrido ND, Vianna J, Sousa AC, Alves JV, Marques MC (2017), PLOS ONE",GOLD,male,,27.5,,78.67,,mixed,TRICEPS_EXTENSION,isolation,triceps,isolation,isolation,,,,,,80.0,hard,,,9.66342945,primary_training_target,10.760349999999999,False,cohort_mean_substitution,-1.0969205499999983
reis2017,reis2017,reis_lab_p9,indirect_calorimetry_breath_by_breath,COSMED K4b2,CC BY 4.0,https://doi.org/10.1371/journal.pone.0181311,"Reis VM, Garrido ND, Vianna J, Sousa AC, Alves JV, Marques MC (2017), PLOS ONE",GOLD,male,,27.5,,78.67,,mixed,TRICEPS_EXTENSION,isolation,triceps,isolation,isolation,,,,,,12.0,light,,,2.9304575,primary_training_target,3.2711749999999995,False,cohort_mean_substitution,-0.34071749999999934
reis2017,reis2017,reis_lab_p9,indirect_calorimetry_breath_by_breath,COSMED K4b2,CC BY 4.0,https://doi.org/10.1371/journal.pone.0181311,"Reis VM, Garrido ND, Vianna J, Sousa AC, Alves JV, Marques MC (2017), PLOS ONE",GOLD,male,,27.5,,78.67,,mixed,TRICEPS_EXTENSION,isolation,triceps,isolation,isolation,,,,,,16.0,light,,,3.2097360000000004,primary_training_target,3.2711749999999995,False,cohort_mean_substitution,-0.06143899999999913
reis2017,reis2017,reis_lab_p9,indirect_calorimetry_breath_by_breath,COSMED K4b2,CC BY 4.0,https://doi.org/10.1371/journal.pone.0181311,"Reis VM, Garrido ND, Vianna J, Sousa AC, Alves JV, Marques MC (2017), PLOS ONE",GOLD,male,,27.5,,78.67,,mixed,TRICEPS_EXTENSION,isolation,triceps,isolation,isolation,,,,,,20.0,moderate,,,3.4260785000000005,primary_training_target,4.4142625,False,cohort_mean_substitution,-0.988184
reis2017,reis2017,reis_lab_p9,indirect_calorimetry_breath_by_breath,COSMED K4b2,CC BY 4.0,https://doi.org/10.1371/journal.pone.0181311,"Reis VM, Garrido ND, Vianna J, Sousa AC, Alves JV, Marques MC (2017), PLOS ONE",GOLD,male,,27.5,,78.67,,mixed,TRICEPS_EXTENSION,isolation,triceps,isolation,isolation,,,,,,24.0,moderate,,,3.992502500000001,primary_training_target,4.4142625,False,cohort_mean_substitution,-0.42175999999999947
reis2017,reis2017,reis_lab_p9,indirect_calorimetry_breath_by_breath,COSMED K4b2,CC BY 4.0,https://doi.org/10.1371/journal.pone.0181311,"Reis VM, Garrido ND, Vianna J, Sousa AC, Alves JV, Marques MC (2017), PLOS ONE",GOLD,male,,27.5,,78.67,,mixed,TRICEPS_EXTENSION,isolation,triceps,isolation,isolation,,,,,,80.0,hard,,,8.22298175,primary_training_target,10.760349999999999,False,cohort_mean_substitution,-2.5373682499999983
reis2017,reis2017,reis_lab_p10,indirect_calorimetry_breath_by_breath,COSMED K4b2,CC BY 4.0,https://doi.org/10.1371/journal.pone.0181311,"Reis VM, Garrido ND, Vianna J, Sousa AC, Alves JV, Marques MC (2017), PLOS ONE",GOLD,male,,27.5,,78.67,,mixed,TRICEPS_EXTENSION,isolation,triceps,isolation,isolation,,,,,,12.0,light,,,3.3631425000000004,primary_training_target,3.2711749999999995,False,cohort_mean_substitution,0.09196750000000087
reis2017,reis2017,reis_lab_p10,indirect_calorimetry_breath_by_breath,COSMED K4b2,CC BY 4.0,https://doi.org/10.1371/journal.pone.0181311,"Reis VM, Garrido ND, Vianna J, Sousa AC, Alves JV, Marques MC (2017), PLOS ONE",GOLD,male,,27.5,,78.67,,mixed,TRICEPS_EXTENSION,isolation,triceps,isolation,isolation,,,,,,16.0,light,,,2.4859720000000003,primary_training_target,3.2711749999999995,False,cohort_mean_substitution,-0.7852029999999992
reis2017,reis2017,reis_lab_p10,indirect_calorimetry_breath_by_breath,COSMED K4b2,CC BY 4.0,https://doi.org/10.1371/journal.pone.0181311,"Reis VM, Garrido ND, Vianna J, Sousa AC, Alves JV, Marques MC (2017), PLOS ONE",GOLD,male,,27.5,,78.67,,mixed,TRICEPS_EXTENSION,isolation,triceps,isolation,isolation,,,,,,20.0,moderate,,,4.016103500000001,primary_training_target,4.4142625,False,cohort_mean_substitution,-0.3981589999999997
reis2017,reis2017,reis_lab_p10,indirect_calorimetry_breath_by_breath,COSMED K4b2,CC BY 4.0,https://doi.org/10.1371/journal.pone.0181311,"Reis VM, Garrido ND, Vianna J, Sousa AC, Alves JV, Marques MC (2017), PLOS ONE",GOLD,male,,27.5,,78.67,,mixed,TRICEPS_EXTENSION,isolation,triceps,isolation,isolation,,,,,,24.0,moderate,,,3.988569000000001,primary_training_target,4.4142625,False,cohort_mean_substitution,-0.4256934999999995
reis2017,reis2017,reis_lab_p10,indirect_calorimetry_breath_by_breath,COSMED K4b2,CC BY 4.0,https://doi.org/10.1371/journal.pone.0181311,"Reis VM, Garrido ND, Vianna J, Sousa AC, Alves JV, Marques MC (2017), PLOS ONE",GOLD,male,,27.5,,78.67,,mixed,TRICEPS_EXTENSION,isolation,triceps,isolation,isolation,,,,,,80.0,hard,,,8.6395394,primary_training_target,10.760349999999999,False,cohort_mean_substitution,-2.1208105999999987
reis2017,reis2017,reis_lab_p11,indirect_calorimetry_breath_by_breath,COSMED K4b2,CC BY 4.0,https://doi.org/10.1371/journal.pone.0181311,"Reis VM, Garrido ND, Vianna J, Sousa AC, Alves JV, Marques MC (2017), PLOS ONE",GOLD,male,,27.5,,78.67,,mixed,TRICEPS_EXTENSION,isolation,triceps,isolation,isolation,,,,,,12.0,light,,,5.121417,primary_training_target,3.2711749999999995,False,cohort_mean_substitution,1.8502420000000006
reis2017,reis2017,reis_lab_p11,indirect_calorimetry_breath_by_breath,COSMED K4b2,CC BY 4.0,https://doi.org/10.1371/journal.pone.0181311,"Reis VM, Garrido ND, Vianna J, Sousa AC, Alves JV, Marques MC (2017), PLOS ONE",GOLD,male,,27.5,,78.67,,mixed,TRICEPS_EXTENSION,isolation,triceps,isolation,isolation,,,,,,16.0,light,,,4.4645225,primary_training_target,3.2711749999999995,False,cohort_mean_substitution,1.1933475000000007
reis2017,reis2017,reis_lab_p11,indirect_calorimetry_breath_by_breath,COSMED K4b2,CC BY 4.0,https://doi.org/10.1371/journal.pone.0181311,"Reis VM, Garrido ND, Vianna J, Sousa AC, Alves JV, Marques MC (2017), PLOS ONE",GOLD,male,,27.5,,78.67,,mixed,TRICEPS_EXTENSION,isolation,triceps,isolation,isolation,,,,,,20.0,moderate,,,5.4950995,primary_training_target,4.4142625,False,cohort_mean_substitution,1.0808369999999998
reis2017,reis2017,reis_lab_p11,indirect_calorimetry_breath_by_breath,COSMED K4b2,CC BY 4.0,https://doi.org/10.1371/journal.pone.0181311,"Reis VM, Garrido ND, Vianna J, Sousa AC, Alves JV, Marques MC (2017), PLOS ONE",GOLD,male,,27.5,,78.67,,mixed,TRICEPS_EXTENSION,isolation,triceps,isolation,isolation,,,,,,24.0,moderate,,,6.875758000000001,primary_training_target,4.4142625,False,cohort_mean_substitution,2.4614955000000007
reis2017,reis2017,reis_lab_p11,indirect_calorimetry_breath_by_breath,COSMED K4b2,CC BY 4.0,https://doi.org/10.1371/journal.pone.0181311,"Reis VM, Garrido ND, Vianna J, Sousa AC, Alves JV, Marques MC (2017), PLOS ONE",GOLD,male,,27.5,,78.67,,mixed,TRICEPS_EXTENSION,isolation,triceps,isolation,isolation,,,,,,80.0,hard,,,16.78463785,primary_training_target,10.760349999999999,False,cohort_mean_substitution,6.02428785
reis2017,reis2017,reis_lab_p12,indirect_calorimetry_breath_by_breath,COSMED K4b2,CC BY 4.0,https://doi.org/10.1371/journal.pone.0181311,"Reis VM, Garrido ND, Vianna J, Sousa AC, Alves JV, Marques MC (2017), PLOS ONE",GOLD,male,,27.5,,78.67,,mixed,TRICEPS_EXTENSION,isolation,triceps,isolation,isolation,,,,,,12.0,light,,,2.98946,primary_training_target,3.2711749999999995,False,cohort_mean_substitution,-0.2817149999999997
reis2017,reis2017,reis_lab_p12,indirect_calorimetry_breath_by_breath,COSMED K4b2,CC BY 4.0,https://doi.org/10.1371/journal.pone.0181311,"Reis VM, Garrido ND, Vianna J, Sousa AC, Alves JV, Marques MC (2017), PLOS ONE",GOLD,male,,27.5,,78.67,,mixed,TRICEPS_EXTENSION,isolation,triceps,isolation,isolation,,,,,,16.0,light,,,2.8203195,primary_training_target,3.2711749999999995,False,cohort_mean_substitution,-0.4508554999999994
reis2017,reis2017,reis_lab_p12,indirect_calorimetry_breath_by_breath,COSMED K4b2,CC BY 4.0,https://doi.org/10.1371/journal.pone.0181311,"Reis VM, Garrido ND, Vianna J, Sousa AC, Alves JV, Marques MC (2017), PLOS ONE",GOLD,male,,27.5,,78.67,,mixed,TRICEPS_EXTENSION,isolation,triceps,isolation,isolation,,,,,,20.0,moderate,,,3.3120069999999995,primary_training_target,4.4142625,False,cohort_mean_substitution,-1.102255500000001
reis2017,reis2017,reis_lab_p12,indirect_calorimetry_breath_by_breath,COSMED K4b2,CC BY 4.0,https://doi.org/10.1371/journal.pone.0181311,"Reis VM, Garrido ND, Vianna J, Sousa AC, Alves JV, Marques MC (2017), PLOS ONE",GOLD,male,,27.5,,78.67,,mixed,TRICEPS_EXTENSION,isolation,triceps,isolation,isolation,,,,,,24.0,moderate,,,3.5755515000000004,primary_training_target,4.4142625,False,cohort_mean_substitution,-0.838711
reis2017,reis2017,reis_lab_p12,indirect_calorimetry_breath_by_breath,COSMED K4b2,CC BY 4.0,https://doi.org/10.1371/journal.pone.0181311,"Reis VM, Garrido ND, Vianna J, Sousa AC, Alves JV, Marques MC (2017), PLOS ONE",GOLD,male,,27.5,,78.67,,mixed,TRICEPS_EXTENSION,isolation,triceps,isolation,isolation,,,,,,80.0,hard,,,7.0810867,primary_training_target,10.760349999999999,False,cohort_mean_substitution,-3.679263299999999
reis2017,reis2017,reis_lab_p13,indirect_calorimetry_breath_by_breath,COSMED K4b2,CC BY 4.0,https://doi.org/10.1371/journal.pone.0181311,"Reis VM, Garrido ND, Vianna J, Sousa AC, Alves JV, Marques MC (2017), PLOS ONE",GOLD,male,,27.5,,78.67,,mixed,TRICEPS_EXTENSION,isolation,triceps,isolation,isolation,,,,,,12.0,light,,,3.957101,primary_training_target,3.2711749999999995,False,cohort_mean_substitution,0.6859260000000007
reis2017,reis2017,reis_lab_p13,indirect_calorimetry_breath_by_breath,COSMED K4b2,CC BY 4.0,https://doi.org/10.1371/journal.pone.0181311,"Reis VM, Garrido ND, Vianna J, Sousa AC, Alves JV, Marques MC (2017), PLOS ONE",GOLD,male,,27.5,,78.67,,mixed,TRICEPS_EXTENSION,isolation,triceps,isolation,isolation,,,,,,16.0,light,,,2.5607085,primary_training_target,3.2711749999999995,False,cohort_mean_substitution,-0.7104664999999994
reis2017,reis2017,reis_lab_p13,indirect_calorimetry_breath_by_breath,COSMED K4b2,CC BY 4.0,https://doi.org/10.1371/journal.pone.0181311,"Reis VM, Garrido ND, Vianna J, Sousa AC, Alves JV, Marques MC (2017), PLOS ONE",GOLD,male,,27.5,,78.67,,mixed,TRICEPS_EXTENSION,isolation,triceps,isolation,isolation,,,,,,20.0,moderate,,,5.605237500000001,primary_training_target,4.4142625,False,cohort_mean_substitution,1.1909750000000008
reis2017,reis2017,reis_lab_p13,indirect_calorimetry_breath_by_breath,COSMED K4b2,CC BY 4.0,https://doi.org/10.1371/journal.pone.0181311,"Reis VM, Garrido ND, Vianna J, Sousa AC, Alves JV, Marques MC (2017), PLOS ONE",GOLD,male,,27.5,,78.67,,mixed,TRICEPS_EXTENSION,isolation,triceps,isolation,isolation,,,,,,24.0,moderate,,,4.397653,primary_training_target,4.4142625,False,cohort_mean_substitution,-0.016609500000000388
reis2017,reis2017,reis_lab_p13,indirect_calorimetry_breath_by_breath,COSMED K4b2,CC BY 4.0,https://doi.org/10.1371/journal.pone.0181311,"Reis VM, Garrido ND, Vianna J, Sousa AC, Alves JV, Marques MC (2017), PLOS ONE",GOLD,male,,27.5,,78.67,,mixed,TRICEPS_EXTENSION,isolation,triceps,isolation,isolation,,,,,,80.0,hard,,,11.97868755,primary_training_target,10.760349999999999,False,cohort_mean_substitution,1.218337550000001
reis2017,reis2017,reis_lab_p14,indirect_calorimetry_breath_by_breath,COSMED K4b2,CC BY 4.0,https://doi.org/10.1371/journal.pone.0181311,"Reis VM, Garrido ND, Vianna J, Sousa AC, Alves JV, Marques MC (2017), PLOS ONE",GOLD,male,,27.5,,78.67,,mixed,TRICEPS_EXTENSION,isolation,triceps,isolation,isolation,,,,,,12.0,light,,,2.1240900000000003,primary_training_target,3.2711749999999995,False,cohort_mean_substitution,-1.1470849999999992
reis2017,reis2017,reis_lab_p14,indirect_calorimetry_breath_by_breath,COSMED K4b2,CC BY 4.0,https://doi.org/10.1371/journal.pone.0181311,"Reis VM, Garrido ND, Vianna J, Sousa AC, Alves JV, Marques MC (2017), PLOS ONE",GOLD,male,,27.5,,78.67,,mixed,TRICEPS_EXTENSION,isolation,triceps,isolation,isolation,,,,,,16.0,light,,,3.233337,primary_training_target,3.2711749999999995,False,cohort_mean_substitution,-0.03783799999999937
reis2017,reis2017,reis_lab_p14,indirect_calorimetry_breath_by_breath,COSMED K4b2,CC BY 4.0,https://doi.org/10.1371/journal.pone.0181311,"Reis VM, Garrido ND, Vianna J, Sousa AC, Alves JV, Marques MC (2017), PLOS ONE",GOLD,male,,27.5,,78.67,,mixed,TRICEPS_EXTENSION,isolation,triceps,isolation,isolation,,,,,,20.0,moderate,,,3.1113985000000004,primary_training_target,4.4142625,False,cohort_mean_substitution,-1.302864
reis2017,reis2017,reis_lab_p14,indirect_calorimetry_breath_by_breath,COSMED K4b2,CC BY 4.0,https://doi.org/10.1371/journal.pone.0181311,"Reis VM, Garrido ND, Vianna J, Sousa AC, Alves JV, Marques MC (2017), PLOS ONE",GOLD,male,,27.5,,78.67,,mixed,TRICEPS_EXTENSION,isolation,triceps,isolation,isolation,,,,,,24.0,moderate,,,4.948343,primary_training_target,4.4142625,False,cohort_mean_substitution,0.5340805
reis2017,reis2017,reis_lab_p14,indirect_calorimetry_breath_by_breath,COSMED K4b2,CC BY 4.0,https://doi.org/10.1371/journal.pone.0181311,"Reis VM, Garrido ND, Vianna J, Sousa AC, Alves JV, Marques MC (2017), PLOS ONE",GOLD,male,,27.5,,78.67,,mixed,TRICEPS_EXTENSION,isolation,triceps,isolation,isolation,,,,,,80.0,hard,,,9.95922865,primary_training_target,10.760349999999999,False,cohort_mean_substitution,-0.801121349999999
reis2017,reis2017,reis_lab_p1,indirect_calorimetry_breath_by_breath,COSMED K4b2,CC BY 4.0,https://doi.org/10.1371/journal.pone.0181311,"Reis VM, Garrido ND, Vianna J, Sousa AC, Alves JV, Marques MC (2017), PLOS ONE",GOLD,male,,27.5,,78.67,,mixed,BARBELL_SQUAT,squat,quads,compound,squat,,,,,,12.0,light,,,8.9565795,primary_training_target,10.536175,False,cohort_mean_substitution,-1.5795955
reis2017,reis2017,reis_lab_p1,indirect_calorimetry_breath_by_breath,COSMED K4b2,CC BY 4.0,https://doi.org/10.1371/journal.pone.0181311,"Reis VM, Garrido ND, Vianna J, Sousa AC, Alves JV, Marques MC (2017), PLOS ONE",GOLD,male,,27.5,,78.67,,mixed,BARBELL_SQUAT,squat,quads,compound,squat,,,,,,16.0,light,,,9.094252,primary_training_target,10.536175,False,cohort_mean_substitution,-1.441923000000001
reis2017,reis2017,reis_lab_p1,indirect_calorimetry_breath_by_breath,COSMED K4b2,CC BY 4.0,https://doi.org/10.1371/journal.pone.0181311,"Reis VM, Garrido ND, Vianna J, Sousa AC, Alves JV, Marques MC (2017), PLOS ONE",GOLD,male,,27.5,,78.67,,mixed,BARBELL_SQUAT,squat,quads,compound,squat,,,,,,20.0,moderate,,,10.2546345,primary_training_target,11.5542625,False,cohort_mean_substitution,-1.2996280000000002
reis2017,reis2017,reis_lab_p1,indirect_calorimetry_breath_by_breath,COSMED K4b2,CC BY 4.0,https://doi.org/10.1371/journal.pone.0181311,"Reis VM, Garrido ND, Vianna J, Sousa AC, Alves JV, Marques MC (2017), PLOS ONE",GOLD,male,,27.5,,78.67,,mixed,BARBELL_SQUAT,squat,quads,compound,squat,,,,,,24.0,moderate,,,10.195632000000002,primary_training_target,11.5542625,False,cohort_mean_substitution,-1.3586304999999985
reis2017,reis2017,reis_lab_p1,indirect_calorimetry_breath_by_breath,COSMED K4b2,CC BY 4.0,https://doi.org/10.1371/journal.pone.0181311,"Reis VM, Garrido ND, Vianna J, Sousa AC, Alves JV, Marques MC (2017), PLOS ONE",GOLD,male,,27.5,,78.67,,mixed,BARBELL_SQUAT,squat,quads,compound,squat,,,,,,80.0,hard,,,31.548377139000003,primary_training_target,20.0,True,cohort_mean_substitution,11.548377139000003
reis2017,reis2017,reis_lab_p2,indirect_calorimetry_breath_by_breath,COSMED K4b2,CC BY 4.0,https://doi.org/10.1371/journal.pone.0181311,"Reis VM, Garrido ND, Vianna J, Sousa AC, Alves JV, Marques MC (2017), PLOS ONE",GOLD,male,,27.5,,78.67,,mixed,BARBELL_SQUAT,squat,quads,compound,squat,,,,,,12.0,light,,,10.714854,primary_training_target,10.536175,False,cohort_mean_substitution,0.1786790000000007
reis2017,reis2017,reis_lab_p2,indirect_calorimetry_breath_by_breath,COSMED K4b2,CC BY 4.0,https://doi.org/10.1371/journal.pone.0181311,"Reis VM, Garrido ND, Vianna J, Sousa AC, Alves JV, Marques MC (2017), PLOS ONE",GOLD,male,,27.5,,78.67,,mixed,BARBELL_SQUAT,squat,quads,compound,squat,,,,,,16.0,light,,,12.713072,primary_training_target,10.536175,False,cohort_mean_substitution,2.1768970000000003
reis2017,reis2017,reis_lab_p2,indirect_calorimetry_breath_by_breath,COSMED K4b2,CC BY 4.0,https://doi.org/10.1371/journal.pone.0181311,"Reis VM, Garrido ND, Vianna J, Sousa AC, Alves JV, Marques MC (2017), PLOS ONE",GOLD,male,,27.5,,78.67,,mixed,BARBELL_SQUAT,squat,quads,compound,squat,,,,,,20.0,moderate,,,11.179007,primary_training_target,11.5542625,False,cohort_mean_substitution,-0.37525549999999974
reis2017,reis2017,reis_lab_p2,indirect_calorimetry_breath_by_breath,COSMED K4b2,CC BY 4.0,https://doi.org/10.1371/journal.pone.0181311,"Reis VM, Garrido ND, Vianna J, Sousa AC, Alves JV, Marques MC (2017), PLOS ONE",GOLD,male,,27.5,,78.67,,mixed,BARBELL_SQUAT,squat,quads,compound,squat,,,,,,24.0,moderate,,,12.964816,primary_training_target,11.5542625,False,cohort_mean_substitution,1.4105535000000007
reis2017,reis2017,reis_lab_p2,indirect_calorimetry_breath_by_breath,COSMED K4b2,CC BY 4.0,https://doi.org/10.1371/journal.pone.0181311,"Reis VM, Garrido ND, Vianna J, Sousa AC, Alves JV, Marques MC (2017), PLOS ONE",GOLD,male,,27.5,,78.67,,mixed,BARBELL_SQUAT,squat,quads,compound,squat,,,,,,80.0,hard,,,40.023338899,primary_training_target,20.0,True,cohort_mean_substitution,20.023338899000002
reis2017,reis2017,reis_lab_p3,indirect_calorimetry_breath_by_breath,COSMED K4b2,CC BY 4.0,https://doi.org/10.1371/journal.pone.0181311,"Reis VM, Garrido ND, Vianna J, Sousa AC, Alves JV, Marques MC (2017), PLOS ONE",GOLD,male,,27.5,,78.67,,mixed,BARBELL_SQUAT,squat,quads,compound,squat,,,,,,12.0,light,,,7.076366499999999,primary_training_target,10.536175,False,cohort_mean_substitution,-3.459808500000001
reis2017,reis2017,reis_lab_p3,indirect_calorimetry_breath_by_breath,COSMED K4b2,CC BY 4.0,https://doi.org/10.1371/journal.pone.0181311,"Reis VM, Garrido ND, Vianna J, Sousa AC, Alves JV, Marques MC (2017), PLOS ONE",GOLD,male,,27.5,,78.67,,mixed,BARBELL_SQUAT,squat,quads,compound,squat,,,,,,16.0,light,,,8.622232,primary_training_target,10.536175,False,cohort_mean_substitution,-1.9139429999999997
reis2017,reis2017,reis_lab_p3,indirect_calorimetry_breath_by_breath,COSMED K4b2,CC BY 4.0,https://doi.org/10.1371/journal.pone.0181311,"Reis VM, Garrido ND, Vianna J, Sousa AC, Alves JV, Marques MC (2017), PLOS ONE",GOLD,male,,27.5,,78.67,,mixed,BARBELL_SQUAT,squat,quads,compound,squat,,,,,,20.0,moderate,,,8.146278500000001,primary_training_target,11.5542625,False,cohort_mean_substitution,-3.407983999999999
reis2017,reis2017,reis_lab_p3,indirect_calorimetry_breath_by_breath,COSMED K4b2,CC BY 4.0,https://doi.org/10.1371/journal.pone.0181311,"Reis VM, Garrido ND, Vianna J, Sousa AC, Alves JV, Marques MC (2017), PLOS ONE",GOLD,male,,27.5,,78.67,,mixed,BARBELL_SQUAT,squat,quads,compound,squat,,,,,,24.0,moderate,,,9.353863,primary_training_target,11.5542625,False,cohort_mean_substitution,-2.2003994999999996
reis2017,reis2017,reis_lab_p3,indirect_calorimetry_breath_by_breath,COSMED K4b2,CC BY 4.0,https://doi.org/10.1371/journal.pone.0181311,"Reis VM, Garrido ND, Vianna J, Sousa AC, Alves JV, Marques MC (2017), PLOS ONE",GOLD,male,,27.5,,78.67,,mixed,BARBELL_SQUAT,squat,quads,compound,squat,,,,,,80.0,hard,,,26.9823664055,primary_training_target,20.0,True,cohort_mean_substitution,6.982366405499999
reis2017,reis2017,reis_lab_p4,indirect_calorimetry_breath_by_breath,COSMED K4b2,CC BY 4.0,https://doi.org/10.1371/journal.pone.0181311,"Reis VM, Garrido ND, Vianna J, Sousa AC, Alves JV, Marques MC (2017), PLOS ONE",GOLD,male,,27.5,,78.67,,mixed,BARBELL_SQUAT,squat,quads,compound,squat,,,,,,12.0,light,,,10.4749105,primary_training_target,10.536175,False,cohort_mean_substitution,-0.061264500000000055
reis2017,reis2017,reis_lab_p4,indirect_calorimetry_breath_by_breath,COSMED K4b2,CC BY 4.0,https://doi.org/10.1371/journal.pone.0181311,"Reis VM, Garrido ND, Vianna J, Sousa AC, Alves JV, Marques MC (2017), PLOS ONE",GOLD,male,,27.5,,78.67,,mixed,BARBELL_SQUAT,squat,quads,compound,squat,,,,,,16.0,light,,,11.580224,primary_training_target,10.536175,False,cohort_mean_substitution,1.0440489999999993
reis2017,reis2017,reis_lab_p4,indirect_calorimetry_breath_by_breath,COSMED K4b2,CC BY 4.0,https://doi.org/10.1371/journal.pone.0181311,"Reis VM, Garrido ND, Vianna J, Sousa AC, Alves JV, Marques MC (2017), PLOS ONE",GOLD,male,,27.5,,78.67,,mixed,BARBELL_SQUAT,squat,quads,compound,squat,,,,,,20.0,moderate,,,12.0719115,primary_training_target,11.5542625,False,cohort_mean_substitution,0.5176490000000005
reis2017,reis2017,reis_lab_p4,indirect_calorimetry_breath_by_breath,COSMED K4b2,CC BY 4.0,https://doi.org/10.1371/journal.pone.0181311,"Reis VM, Garrido ND, Vianna J, Sousa AC, Alves JV, Marques MC (2017), PLOS ONE",GOLD,male,,27.5,,78.67,,mixed,BARBELL_SQUAT,squat,quads,compound,squat,,,,,,24.0,moderate,,,12.327589,primary_training_target,11.5542625,False,cohort_mean_substitution,0.7733264999999996
reis2017,reis2017,reis_lab_p4,indirect_calorimetry_breath_by_breath,COSMED K4b2,CC BY 4.0,https://doi.org/10.1371/journal.pone.0181311,"Reis VM, Garrido ND, Vianna J, Sousa AC, Alves JV, Marques MC (2017), PLOS ONE",GOLD,male,,27.5,,78.67,,mixed,BARBELL_SQUAT,squat,quads,compound,squat,,,,,,80.0,hard,,,38.4131646075,primary_training_target,20.0,True,cohort_mean_substitution,18.4131646075
reis2017,reis2017,reis_lab_p5,indirect_calorimetry_breath_by_breath,COSMED K4b2,CC BY 4.0,https://doi.org/10.1371/journal.pone.0181311,"Reis VM, Garrido ND, Vianna J, Sousa AC, Alves JV, Marques MC (2017), PLOS ONE",GOLD,male,,27.5,,78.67,,mixed,BARBELL_SQUAT,squat,quads,compound,squat,,,,,,12.0,light,,,11.4976205,primary_training_target,10.536175,False,cohort_mean_substitution,0.9614455
reis2017,reis2017,reis_lab_p5,indirect_calorimetry_breath_by_breath,COSMED K4b2,CC BY 4.0,https://doi.org/10.1371/journal.pone.0181311,"Reis VM, Garrido ND, Vianna J, Sousa AC, Alves JV, Marques MC (2017), PLOS ONE",GOLD,male,,27.5,,78.67,,mixed,BARBELL_SQUAT,squat,quads,compound,squat,,,,,,16.0,light,,,9.9163535,primary_training_target,10.536175,False,cohort_mean_substitution,-0.6198215000000005
reis2017,reis2017,reis_lab_p5,indirect_calorimetry_breath_by_breath,COSMED K4b2,CC BY 4.0,https://doi.org/10.1371/journal.pone.0181311,"Reis VM, Garrido ND, Vianna J, Sousa AC, Alves JV, Marques MC (2017), PLOS ONE",GOLD,male,,27.5,,78.67,,mixed,BARBELL_SQUAT,squat,quads,compound,squat,,,,,,20.0,moderate,,,12.461328,primary_training_target,11.5542625,False,cohort_mean_substitution,0.9070654999999999
reis2017,reis2017,reis_lab_p5,indirect_calorimetry_breath_by_breath,COSMED K4b2,CC BY 4.0,https://doi.org/10.1371/journal.pone.0181311,"Reis VM, Garrido ND, Vianna J, Sousa AC, Alves JV, Marques MC (2017), PLOS ONE",GOLD,male,,27.5,,78.67,,mixed,BARBELL_SQUAT,squat,quads,compound,squat,,,,,,24.0,moderate,,,10.3097035,primary_training_target,11.5542625,False,cohort_mean_substitution,-1.2445590000000006
reis2017,reis2017,reis_lab_p5,indirect_calorimetry_breath_by_breath,COSMED K4b2,CC BY 4.0,https://doi.org/10.1371/journal.pone.0181311,"Reis VM, Garrido ND, Vianna J, Sousa AC, Alves JV, Marques MC (2017), PLOS ONE",GOLD,male,,27.5,,78.67,,mixed,BARBELL_SQUAT,squat,quads,compound,squat,,,,,,80.0,hard,,,34.4384179265,primary_training_target,20.0,True,cohort_mean_substitution,14.438417926500001
reis2017,reis2017,reis_lab_p6,indirect_calorimetry_breath_by_breath,COSMED K4b2,CC BY 4.0,https://doi.org/10.1371/journal.pone.0181311,"Reis VM, Garrido ND, Vianna J, Sousa AC, Alves JV, Marques MC (2017), PLOS ONE",GOLD,male,,27.5,,78.67,,mixed,BARBELL_SQUAT,squat,quads,compound,squat,,,,,,12.0,light,,,11.391416,primary_training_target,10.536175,False,cohort_mean_substitution,0.8552409999999995
reis2017,reis2017,reis_lab_p6,indirect_calorimetry_breath_by_breath,COSMED K4b2,CC BY 4.0,https://doi.org/10.1371/journal.pone.0181311,"Reis VM, Garrido ND, Vianna J, Sousa AC, Alves JV, Marques MC (2017), PLOS ONE",GOLD,male,,27.5,,78.67,,mixed,BARBELL_SQUAT,squat,quads,compound,squat,,,,,,16.0,light,,,11.446485,primary_training_target,10.536175,False,cohort_mean_substitution,0.9103099999999991
reis2017,reis2017,reis_lab_p6,indirect_calorimetry_breath_by_breath,COSMED K4b2,CC BY 4.0,https://doi.org/10.1371/journal.pone.0181311,"Reis VM, Garrido ND, Vianna J, Sousa AC, Alves JV, Marques MC (2017), PLOS ONE",GOLD,male,,27.5,,78.67,,mixed,BARBELL_SQUAT,squat,quads,compound,squat,,,,,,20.0,moderate,,,13.680713,primary_training_target,11.5542625,False,cohort_mean_substitution,2.1264505000000007
reis2017,reis2017,reis_lab_p6,indirect_calorimetry_breath_by_breath,COSMED K4b2,CC BY 4.0,https://doi.org/10.1371/journal.pone.0181311,"Reis VM, Garrido ND, Vianna J, Sousa AC, Alves JV, Marques MC (2017), PLOS ONE",GOLD,male,,27.5,,78.67,,mixed,BARBELL_SQUAT,squat,quads,compound,squat,,,,,,24.0,moderate,,,11.446485,primary_training_target,11.5542625,False,cohort_mean_substitution,-0.10777750000000097
reis2017,reis2017,reis_lab_p6,indirect_calorimetry_breath_by_breath,COSMED K4b2,CC BY 4.0,https://doi.org/10.1371/journal.pone.0181311,"Reis VM, Garrido ND, Vianna J, Sousa AC, Alves JV, Marques MC (2017), PLOS ONE",GOLD,male,,27.5,,78.67,,mixed,BARBELL_SQUAT,squat,quads,compound,squat,,,,,,80.0,hard,,,38.881727061,primary_training_target,20.0,True,cohort_mean_substitution,18.881727061
reis2017,reis2017,reis_lab_p7,indirect_calorimetry_breath_by_breath,COSMED K4b2,CC BY 4.0,https://doi.org/10.1371/journal.pone.0181311,"Reis VM, Garrido ND, Vianna J, Sousa AC, Alves JV, Marques MC (2017), PLOS ONE",GOLD,male,,27.5,,78.67,,mixed,BARBELL_SQUAT,squat,quads,compound,squat,,,,,,12.0,light,,,8.260349999999999,primary_training_target,10.536175,False,cohort_mean_substitution,-2.275825000000001
reis2017,reis2017,reis_lab_p7,indirect_calorimetry_breath_by_breath,COSMED K4b2,CC BY 4.0,https://doi.org/10.1371/journal.pone.0181311,"Reis VM, Garrido ND, Vianna J, Sousa AC, Alves JV, Marques MC (2017), PLOS ONE",GOLD,male,,27.5,,78.67,,mixed,BARBELL_SQUAT,squat,quads,compound,squat,,,,,,16.0,light,,,9.6016735,primary_training_target,10.536175,False,cohort_mean_substitution,-0.9345014999999997
reis2017,reis2017,reis_lab_p7,indirect_calorimetry_breath_by_breath,COSMED K4b2,CC BY 4.0,https://doi.org/10.1371/journal.pone.0181311,"Reis VM, Garrido ND, Vianna J, Sousa AC, Alves JV, Marques MC (2017), PLOS ONE",GOLD,male,,27.5,,78.67,,mixed,BARBELL_SQUAT,squat,quads,compound,squat,,,,,,20.0,moderate,,,12.311855,primary_training_target,11.5542625,False,cohort_mean_substitution,0.7575924999999994
reis2017,reis2017,reis_lab_p7,indirect_calorimetry_breath_by_breath,COSMED K4b2,CC BY 4.0,https://doi.org/10.1371/journal.pone.0181311,"Reis VM, Garrido ND, Vianna J, Sousa AC, Alves JV, Marques MC (2017), PLOS ONE",GOLD,male,,27.5,,78.67,,mixed,BARBELL_SQUAT,squat,quads,compound,squat,,,,,,24.0,moderate,,,11.4346845,primary_training_target,11.5542625,False,cohort_mean_substitution,-0.11957800000000063
reis2017,reis2017,reis_lab_p7,indirect_calorimetry_breath_by_breath,COSMED K4b2,CC BY 4.0,https://doi.org/10.1371/journal.pone.0181311,"Reis VM, Garrido ND, Vianna J, Sousa AC, Alves JV, Marques MC (2017), PLOS ONE",GOLD,male,,27.5,,78.67,,mixed,BARBELL_SQUAT,squat,quads,compound,squat,,,,,,80.0,hard,,,34.609458307,primary_training_target,20.0,True,cohort_mean_substitution,14.609458306999997
reis2017,reis2017,reis_lab_p8,indirect_calorimetry_breath_by_breath,COSMED K4b2,CC BY 4.0,https://doi.org/10.1371/journal.pone.0181311,"Reis VM, Garrido ND, Vianna J, Sousa AC, Alves JV, Marques MC (2017), PLOS ONE",GOLD,male,,27.5,,78.67,,mixed,BARBELL_SQUAT,squat,quads,compound,squat,,,,,,12.0,light,,,11.808367,primary_training_target,10.536175,False,cohort_mean_substitution,1.2721920000000004
reis2017,reis2017,reis_lab_p8,indirect_calorimetry_breath_by_breath,COSMED K4b2,CC BY 4.0,https://doi.org/10.1371/journal.pone.0181311,"Reis VM, Garrido ND, Vianna J, Sousa AC, Alves JV, Marques MC (2017), PLOS ONE",GOLD,male,,27.5,,78.67,,mixed,BARBELL_SQUAT,squat,quads,compound,squat,,,,,,16.0,light,,,10.899728500000002,primary_training_target,10.536175,False,cohort_mean_substitution,0.36355350000000186
reis2017,reis2017,reis_lab_p8,indirect_calorimetry_breath_by_breath,COSMED K4b2,CC BY 4.0,https://doi.org/10.1371/journal.pone.0181311,"Reis VM, Garrido ND, Vianna J, Sousa AC, Alves JV, Marques MC (2017), PLOS ONE",GOLD,male,,27.5,,78.67,,mixed,BARBELL_SQUAT,squat,quads,compound,squat,,,,,,20.0,moderate,,,12.2607195,primary_training_target,11.5542625,False,cohort_mean_substitution,0.7064570000000003
reis2017,reis2017,reis_lab_p8,indirect_calorimetry_breath_by_breath,COSMED K4b2,CC BY 4.0,https://doi.org/10.1371/journal.pone.0181311,"Reis VM, Garrido ND, Vianna J, Sousa AC, Alves JV, Marques MC (2017), PLOS ONE",GOLD,male,,27.5,,78.67,,mixed,BARBELL_SQUAT,squat,quads,compound,squat,,,,,,24.0,moderate,,,13.53124,primary_training_target,11.5542625,False,cohort_mean_substitution,1.9769775000000003
reis2017,reis2017,reis_lab_p8,indirect_calorimetry_breath_by_breath,COSMED K4b2,CC BY 4.0,https://doi.org/10.1371/journal.pone.0181311,"Reis VM, Garrido ND, Vianna J, Sousa AC, Alves JV, Marques MC (2017), PLOS ONE",GOLD,male,,27.5,,78.67,,mixed,BARBELL_SQUAT,squat,quads,compound,squat,,,,,,80.0,hard,,,40.8992703465,primary_training_target,20.0,True,cohort_mean_substitution,20.899270346500003
reis2017,reis2017,reis_lab_p9,indirect_calorimetry_breath_by_breath,COSMED K4b2,CC BY 4.0,https://doi.org/10.1371/journal.pone.0181311,"Reis VM, Garrido ND, Vianna J, Sousa AC, Alves JV, Marques MC (2017), PLOS ONE",GOLD,male,,27.5,,78.67,,mixed,BARBELL_SQUAT,squat,quads,compound,squat,,,,,,12.0,light,,,12.138780999999998,primary_training_target,10.536175,False,cohort_mean_substitution,1.602605999999998
reis2017,reis2017,reis_lab_p9,indirect_calorimetry_breath_by_breath,COSMED K4b2,CC BY 4.0,https://doi.org/10.1371/journal.pone.0181311,"Reis VM, Garrido ND, Vianna J, Sousa AC, Alves JV, Marques MC (2017), PLOS ONE",GOLD,male,,27.5,,78.67,,mixed,BARBELL_SQUAT,squat,quads,compound,squat,,,,,,16.0,light,,,12.2135175,primary_training_target,10.536175,False,cohort_mean_substitution,1.6773425
reis2017,reis2017,reis_lab_p9,indirect_calorimetry_breath_by_breath,COSMED K4b2,CC BY 4.0,https://doi.org/10.1371/journal.pone.0181311,"Reis VM, Garrido ND, Vianna J, Sousa AC, Alves JV, Marques MC (2017), PLOS ONE",GOLD,male,,27.5,,78.67,,mixed,BARBELL_SQUAT,squat,quads,compound,squat,,,,,,20.0,moderate,,,12.500663,primary_training_target,11.5542625,False,cohort_mean_substitution,0.9464004999999993
reis2017,reis2017,reis_lab_p9,indirect_calorimetry_breath_by_breath,COSMED K4b2,CC BY 4.0,https://doi.org/10.1371/journal.pone.0181311,"Reis VM, Garrido ND, Vianna J, Sousa AC, Alves JV, Marques MC (2017), PLOS ONE",GOLD,male,,27.5,,78.67,,mixed,BARBELL_SQUAT,squat,quads,compound,squat,,,,,,24.0,moderate,,,14.2196025,primary_training_target,11.5542625,False,cohort_mean_substitution,2.6653400000000005
reis2017,reis2017,reis_lab_p9,indirect_calorimetry_breath_by_breath,COSMED K4b2,CC BY 4.0,https://doi.org/10.1371/journal.pone.0181311,"Reis VM, Garrido ND, Vianna J, Sousa AC, Alves JV, Marques MC (2017), PLOS ONE",GOLD,male,,27.5,,78.67,,mixed,BARBELL_SQUAT,squat,quads,compound,squat,,,,,,80.0,hard,,,42.965392357,primary_training_target,20.0,True,cohort_mean_substitution,22.965392357
reis2017,reis2017,reis_lab_p10,indirect_calorimetry_breath_by_breath,COSMED K4b2,CC BY 4.0,https://doi.org/10.1371/journal.pone.0181311,"Reis VM, Garrido ND, Vianna J, Sousa AC, Alves JV, Marques MC (2017), PLOS ONE",GOLD,male,,27.5,,78.67,,mixed,BARBELL_SQUAT,squat,quads,compound,squat,,,,,,12.0,light,,,12.917614000000002,primary_training_target,10.536175,False,cohort_mean_substitution,2.381439000000002
reis2017,reis2017,reis_lab_p10,indirect_calorimetry_breath_by_breath,COSMED K4b2,CC BY 4.0,https://doi.org/10.1371/journal.pone.0181311,"Reis VM, Garrido ND, Vianna J, Sousa AC, Alves JV, Marques MC (2017), PLOS ONE",GOLD,male,,27.5,,78.67,,mixed,BARBELL_SQUAT,squat,quads,compound,squat,,,,,,16.0,light,,,10.2625015,primary_training_target,10.536175,False,cohort_mean_substitution,-0.27367349999999924
reis2017,reis2017,reis_lab_p10,indirect_calorimetry_breath_by_breath,COSMED K4b2,CC BY 4.0,https://doi.org/10.1371/journal.pone.0181311,"Reis VM, Garrido ND, Vianna J, Sousa AC, Alves JV, Marques MC (2017), PLOS ONE",GOLD,male,,27.5,,78.67,,mixed,BARBELL_SQUAT,squat,quads,compound,squat,,,,,,20.0,moderate,,,13.3857005,primary_training_target,11.5542625,False,cohort_mean_substitution,1.8314380000000003
reis2017,reis2017,reis_lab_p10,indirect_calorimetry_breath_by_breath,COSMED K4b2,CC BY 4.0,https://doi.org/10.1371/journal.pone.0181311,"Reis VM, Garrido ND, Vianna J, Sousa AC, Alves JV, Marques MC (2017), PLOS ONE",GOLD,male,,27.5,,78.67,,mixed,BARBELL_SQUAT,squat,quads,compound,squat,,,,,,24.0,moderate,,,11.7414975,primary_training_target,11.5542625,False,cohort_mean_substitution,0.18723499999999937
reis2017,reis2017,reis_lab_p10,indirect_calorimetry_breath_by_breath,COSMED K4b2,CC BY 4.0,https://doi.org/10.1371/journal.pone.0181311,"Reis VM, Garrido ND, Vianna J, Sousa AC, Alves JV, Marques MC (2017), PLOS ONE",GOLD,male,,27.5,,78.67,,mixed,BARBELL_SQUAT,squat,quads,compound,squat,,,,,,80.0,hard,,,37.857003109,primary_training_target,20.0,True,cohort_mean_substitution,17.857003108999997
reis2017,reis2017,reis_lab_p11,indirect_calorimetry_breath_by_breath,COSMED K4b2,CC BY 4.0,https://doi.org/10.1371/journal.pone.0181311,"Reis VM, Garrido ND, Vianna J, Sousa AC, Alves JV, Marques MC (2017), PLOS ONE",GOLD,male,,27.5,,78.67,,mixed,BARBELL_SQUAT,squat,quads,compound,squat,,,,,,12.0,light,,,9.20439,primary_training_target,10.536175,False,cohort_mean_substitution,-1.331785
reis2017,reis2017,reis_lab_p11,indirect_calorimetry_breath_by_breath,COSMED K4b2,CC BY 4.0,https://doi.org/10.1371/journal.pone.0181311,"Reis VM, Garrido ND, Vianna J, Sousa AC, Alves JV, Marques MC (2017), PLOS ONE",GOLD,male,,27.5,,78.67,,mixed,BARBELL_SQUAT,squat,quads,compound,squat,,,,,,16.0,light,,,9.6016735,primary_training_target,10.536175,False,cohort_mean_substitution,-0.9345014999999997
reis2017,reis2017,reis_lab_p11,indirect_calorimetry_breath_by_breath,COSMED K4b2,CC BY 4.0,https://doi.org/10.1371/journal.pone.0181311,"Reis VM, Garrido ND, Vianna J, Sousa AC, Alves JV, Marques MC (2017), PLOS ONE",GOLD,male,,27.5,,78.67,,mixed,BARBELL_SQUAT,squat,quads,compound,squat,,,,,,20.0,moderate,,,10.486711,primary_training_target,11.5542625,False,cohort_mean_substitution,-1.0675515000000004
reis2017,reis2017,reis_lab_p11,indirect_calorimetry_breath_by_breath,COSMED K4b2,CC BY 4.0,https://doi.org/10.1371/journal.pone.0181311,"Reis VM, Garrido ND, Vianna J, Sousa AC, Alves JV, Marques MC (2017), PLOS ONE",GOLD,male,,27.5,,78.67,,mixed,BARBELL_SQUAT,squat,quads,compound,squat,,,,,,24.0,moderate,,,10.360839000000002,primary_training_target,11.5542625,False,cohort_mean_substitution,-1.193423499999998
reis2017,reis2017,reis_lab_p11,indirect_calorimetry_breath_by_breath,COSMED K4b2,CC BY 4.0,https://doi.org/10.1371/journal.pone.0181311,"Reis VM, Garrido ND, Vianna J, Sousa AC, Alves JV, Marques MC (2017), PLOS ONE",GOLD,male,,27.5,,78.67,,mixed,BARBELL_SQUAT,squat,quads,compound,squat,,,,,,80.0,hard,,,31.9477807955,primary_training_target,20.0,True,cohort_mean_substitution,11.947780795500002
reis2017,reis2017,reis_lab_p12,indirect_calorimetry_breath_by_breath,COSMED K4b2,CC BY 4.0,https://doi.org/10.1371/journal.pone.0181311,"Reis VM, Garrido ND, Vianna J, Sousa AC, Alves JV, Marques MC (2017), PLOS ONE",GOLD,male,,27.5,,78.67,,mixed,BARBELL_SQUAT,squat,quads,compound,squat,,,,,,12.0,light,,,7.969271000000001,primary_training_target,10.536175,False,cohort_mean_substitution,-2.566903999999999
reis2017,reis2017,reis_lab_p12,indirect_calorimetry_breath_by_breath,COSMED K4b2,CC BY 4.0,https://doi.org/10.1371/journal.pone.0181311,"Reis VM, Garrido ND, Vianna J, Sousa AC, Alves JV, Marques MC (2017), PLOS ONE",GOLD,male,,27.5,,78.67,,mixed,BARBELL_SQUAT,squat,quads,compound,squat,,,,,,16.0,light,,,9.0273825,primary_training_target,10.536175,False,cohort_mean_substitution,-1.5087925000000002
reis2017,reis2017,reis_lab_p12,indirect_calorimetry_breath_by_breath,COSMED K4b2,CC BY 4.0,https://doi.org/10.1371/journal.pone.0181311,"Reis VM, Garrido ND, Vianna J, Sousa AC, Alves JV, Marques MC (2017), PLOS ONE",GOLD,male,,27.5,,78.67,,mixed,BARBELL_SQUAT,squat,quads,compound,squat,,,,,,20.0,moderate,,,9.157188,primary_training_target,11.5542625,False,cohort_mean_substitution,-2.3970745000000004
reis2017,reis2017,reis_lab_p12,indirect_calorimetry_breath_by_breath,COSMED K4b2,CC BY 4.0,https://doi.org/10.1371/journal.pone.0181311,"Reis VM, Garrido ND, Vianna J, Sousa AC, Alves JV, Marques MC (2017), PLOS ONE",GOLD,male,,27.5,,78.67,,mixed,BARBELL_SQUAT,squat,quads,compound,squat,,,,,,24.0,moderate,,,8.984114,primary_training_target,11.5542625,False,cohort_mean_substitution,-2.5701485
reis2017,reis2017,reis_lab_p12,indirect_calorimetry_breath_by_breath,COSMED K4b2,CC BY 4.0,https://doi.org/10.1371/journal.pone.0181311,"Reis VM, Garrido ND, Vianna J, Sousa AC, Alves JV, Marques MC (2017), PLOS ONE",GOLD,male,,27.5,,78.67,,mixed,BARBELL_SQUAT,squat,quads,compound,squat,,,,,,80.0,hard,,,28.235705377500004,primary_training_target,20.0,True,cohort_mean_substitution,8.235705377500004
reis2017,reis2017,reis_lab_p13,indirect_calorimetry_breath_by_breath,COSMED K4b2,CC BY 4.0,https://doi.org/10.1371/journal.pone.0181311,"Reis VM, Garrido ND, Vianna J, Sousa AC, Alves JV, Marques MC (2017), PLOS ONE",GOLD,male,,27.5,,78.67,,mixed,BARBELL_SQUAT,squat,quads,compound,squat,,,,,,12.0,light,,,11.8437685,primary_training_target,10.536175,False,cohort_mean_substitution,1.3075934999999994
reis2017,reis2017,reis_lab_p13,indirect_calorimetry_breath_by_breath,COSMED K4b2,CC BY 4.0,https://doi.org/10.1371/journal.pone.0181311,"Reis VM, Garrido ND, Vianna J, Sousa AC, Alves JV, Marques MC (2017), PLOS ONE",GOLD,male,,27.5,,78.67,,mixed,BARBELL_SQUAT,squat,quads,compound,squat,,,,,,16.0,light,,,10.6479845,primary_training_target,10.536175,False,cohort_mean_substitution,0.11180949999999967
reis2017,reis2017,reis_lab_p13,indirect_calorimetry_breath_by_breath,COSMED K4b2,CC BY 4.0,https://doi.org/10.1371/journal.pone.0181311,"Reis VM, Garrido ND, Vianna J, Sousa AC, Alves JV, Marques MC (2017), PLOS ONE",GOLD,male,,27.5,,78.67,,mixed,BARBELL_SQUAT,squat,quads,compound,squat,,,,,,20.0,moderate,,,11.4582855,primary_training_target,11.5542625,False,cohort_mean_substitution,-0.09597699999999953
reis2017,reis2017,reis_lab_p13,indirect_calorimetry_breath_by_breath,COSMED K4b2,CC BY 4.0,https://doi.org/10.1371/journal.pone.0181311,"Reis VM, Garrido ND, Vianna J, Sousa AC, Alves JV, Marques MC (2017), PLOS ONE",GOLD,male,,27.5,,78.67,,mixed,BARBELL_SQUAT,squat,quads,compound,squat,,,,,,24.0,moderate,,,11.32848,primary_training_target,11.5542625,False,cohort_mean_substitution,-0.22578249999999933
reis2017,reis2017,reis_lab_p13,indirect_calorimetry_breath_by_breath,COSMED K4b2,CC BY 4.0,https://doi.org/10.1371/journal.pone.0181311,"Reis VM, Garrido ND, Vianna J, Sousa AC, Alves JV, Marques MC (2017), PLOS ONE",GOLD,male,,27.5,,78.67,,mixed,BARBELL_SQUAT,squat,quads,compound,squat,,,,,,80.0,hard,,,34.6971635565,primary_training_target,20.0,True,cohort_mean_substitution,14.697163556500001
reis2017,reis2017,reis_lab_p14,indirect_calorimetry_breath_by_breath,COSMED K4b2,CC BY 4.0,https://doi.org/10.1371/journal.pone.0181311,"Reis VM, Garrido ND, Vianna J, Sousa AC, Alves JV, Marques MC (2017), PLOS ONE",GOLD,male,,27.5,,78.67,,mixed,BARBELL_SQUAT,squat,quads,compound,squat,,,,,,12.0,light,,,11.076736,primary_training_target,10.536175,False,cohort_mean_substitution,0.5405610000000003
reis2017,reis2017,reis_lab_p14,indirect_calorimetry_breath_by_breath,COSMED K4b2,CC BY 4.0,https://doi.org/10.1371/journal.pone.0181311,"Reis VM, Garrido ND, Vianna J, Sousa AC, Alves JV, Marques MC (2017), PLOS ONE",GOLD,male,,27.5,,78.67,,mixed,BARBELL_SQUAT,squat,quads,compound,squat,,,,,,16.0,light,,,12.713072,primary_training_target,10.536175,False,cohort_mean_substitution,2.1768970000000003
reis2017,reis2017,reis_lab_p14,indirect_calorimetry_breath_by_breath,COSMED K4b2,CC BY 4.0,https://doi.org/10.1371/journal.pone.0181311,"Reis VM, Garrido ND, Vianna J, Sousa AC, Alves JV, Marques MC (2017), PLOS ONE",GOLD,male,,27.5,,78.67,,mixed,BARBELL_SQUAT,squat,quads,compound,squat,,,,,,20.0,moderate,,,12.606867499999998,primary_training_target,11.5542625,False,cohort_mean_substitution,1.052604999999998
reis2017,reis2017,reis_lab_p14,indirect_calorimetry_breath_by_breath,COSMED K4b2,CC BY 4.0,https://doi.org/10.1371/journal.pone.0181311,"Reis VM, Garrido ND, Vianna J, Sousa AC, Alves JV, Marques MC (2017), PLOS ONE",GOLD,male,,27.5,,78.67,,mixed,BARBELL_SQUAT,squat,quads,compound,squat,,,,,,24.0,moderate,,,12.964816,primary_training_target,11.5542625,False,cohort_mean_substitution,1.4105535000000007
reis2017,reis2017,reis_lab_p14,indirect_calorimetry_breath_by_breath,COSMED K4b2,CC BY 4.0,https://doi.org/10.1371/journal.pone.0181311,"Reis VM, Garrido ND, Vianna J, Sousa AC, Alves JV, Marques MC (2017), PLOS ONE",GOLD,male,,27.5,,78.67,,mixed,BARBELL_SQUAT,squat,quads,compound,squat,,,,,,80.0,hard,,,41.6278725515,primary_training_target,20.0,True,cohort_mean_substitution,21.627872551499998
reis2017,reis2017,reis_lab_p1,indirect_calorimetry_breath_by_breath,COSMED K4b2,CC BY 4.0,https://doi.org/10.1371/journal.pone.0181311,"Reis VM, Garrido ND, Vianna J, Sousa AC, Alves JV, Marques MC (2017), PLOS ONE",GOLD,male,,27.5,,78.67,,mixed,LEG_PRESS,squat,quads,compound,squat,,,,,,12.0,light,,,6.2267305,primary_training_target,6.2711749999999995,False,cohort_mean_substitution,-0.04444449999999911
reis2017,reis2017,reis_lab_p1,indirect_calorimetry_breath_by_breath,COSMED K4b2,CC BY 4.0,https://doi.org/10.1371/journal.pone.0181311,"Reis VM, Garrido ND, Vianna J, Sousa AC, Alves JV, Marques MC (2017), PLOS ONE",GOLD,male,,27.5,,78.67,,mixed,LEG_PRESS,squat,quads,compound,squat,,,,,,16.0,light,,,5.609171000000001,primary_training_target,6.2711749999999995,False,cohort_mean_substitution,-0.6620039999999987
reis2017,reis2017,reis_lab_p1,indirect_calorimetry_breath_by_breath,COSMED K4b2,CC BY 4.0,https://doi.org/10.1371/journal.pone.0181311,"Reis VM, Garrido ND, Vianna J, Sousa AC, Alves JV, Marques MC (2017), PLOS ONE",GOLD,male,,27.5,,78.67,,mixed,LEG_PRESS,squat,quads,compound,squat,,,,,,20.0,moderate,,,7.300575999999999,primary_training_target,7.7892625,False,cohort_mean_substitution,-0.4886865000000018
reis2017,reis2017,reis_lab_p1,indirect_calorimetry_breath_by_breath,COSMED K4b2,CC BY 4.0,https://doi.org/10.1371/journal.pone.0181311,"Reis VM, Garrido ND, Vianna J, Sousa AC, Alves JV, Marques MC (2017), PLOS ONE",GOLD,male,,27.5,,78.67,,mixed,LEG_PRESS,squat,quads,compound,squat,,,,,,24.0,moderate,,,6.254265,primary_training_target,7.7892625,False,cohort_mean_substitution,-1.5349975000000002
reis2017,reis2017,reis_lab_p1,indirect_calorimetry_breath_by_breath,COSMED K4b2,CC BY 4.0,https://doi.org/10.1371/journal.pone.0181311,"Reis VM, Garrido ND, Vianna J, Sousa AC, Alves JV, Marques MC (2017), PLOS ONE",GOLD,male,,27.5,,78.67,,mixed,LEG_PRESS,squat,quads,compound,squat,,,,,,80.0,hard,,,19.077475,primary_training_target,19.82235,False,cohort_mean_substitution,-0.7448750000000004
reis2017,reis2017,reis_lab_p2,indirect_calorimetry_breath_by_breath,COSMED K4b2,CC BY 4.0,https://doi.org/10.1371/journal.pone.0181311,"Reis VM, Garrido ND, Vianna J, Sousa AC, Alves JV, Marques MC (2017), PLOS ONE",GOLD,male,,27.5,,78.67,,mixed,LEG_PRESS,squat,quads,compound,squat,,,,,,12.0,light,,,6.679083,primary_training_target,6.2711749999999995,False,cohort_mean_substitution,0.4079080000000008
reis2017,reis2017,reis_lab_p2,indirect_calorimetry_breath_by_breath,COSMED K4b2,CC BY 4.0,https://doi.org/10.1371/journal.pone.0181311,"Reis VM, Garrido ND, Vianna J, Sousa AC, Alves JV, Marques MC (2017), PLOS ONE",GOLD,male,,27.5,,78.67,,mixed,LEG_PRESS,squat,quads,compound,squat,,,,,,16.0,light,,,8.6340325,primary_training_target,6.2711749999999995,False,cohort_mean_substitution,2.3628575000000005
reis2017,reis2017,reis_lab_p2,indirect_calorimetry_breath_by_breath,COSMED K4b2,CC BY 4.0,https://doi.org/10.1371/journal.pone.0181311,"Reis VM, Garrido ND, Vianna J, Sousa AC, Alves JV, Marques MC (2017), PLOS ONE",GOLD,male,,27.5,,78.67,,mixed,LEG_PRESS,squat,quads,compound,squat,,,,,,20.0,moderate,,,9.235858,primary_training_target,7.7892625,False,cohort_mean_substitution,1.4465955
reis2017,reis2017,reis_lab_p2,indirect_calorimetry_breath_by_breath,COSMED K4b2,CC BY 4.0,https://doi.org/10.1371/journal.pone.0181311,"Reis VM, Garrido ND, Vianna J, Sousa AC, Alves JV, Marques MC (2017), PLOS ONE",GOLD,male,,27.5,,78.67,,mixed,LEG_PRESS,squat,quads,compound,squat,,,,,,24.0,moderate,,,12.6147345,primary_training_target,7.7892625,False,cohort_mean_substitution,4.825472
reis2017,reis2017,reis_lab_p2,indirect_calorimetry_breath_by_breath,COSMED K4b2,CC BY 4.0,https://doi.org/10.1371/journal.pone.0181311,"Reis VM, Garrido ND, Vianna J, Sousa AC, Alves JV, Marques MC (2017), PLOS ONE",GOLD,male,,27.5,,78.67,,mixed,LEG_PRESS,squat,quads,compound,squat,,,,,,80.0,hard,,,28.87189,primary_training_target,19.82235,False,cohort_mean_substitution,9.04954
reis2017,reis2017,reis_lab_p3,indirect_calorimetry_breath_by_breath,COSMED K4b2,CC BY 4.0,https://doi.org/10.1371/journal.pone.0181311,"Reis VM, Garrido ND, Vianna J, Sousa AC, Alves JV, Marques MC (2017), PLOS ONE",GOLD,male,,27.5,,78.67,,mixed,LEG_PRESS,squat,quads,compound,squat,,,,,,12.0,light,,,5.7232425,primary_training_target,6.2711749999999995,False,cohort_mean_substitution,-0.5479324999999999
reis2017,reis2017,reis_lab_p3,indirect_calorimetry_breath_by_breath,COSMED K4b2,CC BY 4.0,https://doi.org/10.1371/journal.pone.0181311,"Reis VM, Garrido ND, Vianna J, Sousa AC, Alves JV, Marques MC (2017), PLOS ONE",GOLD,male,,27.5,,78.67,,mixed,LEG_PRESS,squat,quads,compound,squat,,,,,,16.0,light,,,6.974095500000001,primary_training_target,6.2711749999999995,False,cohort_mean_substitution,0.7029205000000012
reis2017,reis2017,reis_lab_p3,indirect_calorimetry_breath_by_breath,COSMED K4b2,CC BY 4.0,https://doi.org/10.1371/journal.pone.0181311,"Reis VM, Garrido ND, Vianna J, Sousa AC, Alves JV, Marques MC (2017), PLOS ONE",GOLD,male,,27.5,,78.67,,mixed,LEG_PRESS,squat,quads,compound,squat,,,,,,20.0,moderate,,,7.143236000000001,primary_training_target,7.7892625,False,cohort_mean_substitution,-0.6460264999999996
reis2017,reis2017,reis_lab_p3,indirect_calorimetry_breath_by_breath,COSMED K4b2,CC BY 4.0,https://doi.org/10.1371/journal.pone.0181311,"Reis VM, Garrido ND, Vianna J, Sousa AC, Alves JV, Marques MC (2017), PLOS ONE",GOLD,male,,27.5,,78.67,,mixed,LEG_PRESS,squat,quads,compound,squat,,,,,,24.0,moderate,,,10.0579595,primary_training_target,7.7892625,False,cohort_mean_substitution,2.2686970000000004
reis2017,reis2017,reis_lab_p3,indirect_calorimetry_breath_by_breath,COSMED K4b2,CC BY 4.0,https://doi.org/10.1371/journal.pone.0181311,"Reis VM, Garrido ND, Vianna J, Sousa AC, Alves JV, Marques MC (2017), PLOS ONE",GOLD,male,,27.5,,78.67,,mixed,LEG_PRESS,squat,quads,compound,squat,,,,,,80.0,hard,,,22.1023365,primary_training_target,19.82235,False,cohort_mean_substitution,2.2799864999999997
reis2017,reis2017,reis_lab_p4,indirect_calorimetry_breath_by_breath,COSMED K4b2,CC BY 4.0,https://doi.org/10.1371/journal.pone.0181311,"Reis VM, Garrido ND, Vianna J, Sousa AC, Alves JV, Marques MC (2017), PLOS ONE",GOLD,male,,27.5,,78.67,,mixed,LEG_PRESS,squat,quads,compound,squat,,,,,,12.0,light,,,5.2512225,primary_training_target,6.2711749999999995,False,cohort_mean_substitution,-1.0199524999999996
reis2017,reis2017,reis_lab_p4,indirect_calorimetry_breath_by_breath,COSMED K4b2,CC BY 4.0,https://doi.org/10.1371/journal.pone.0181311,"Reis VM, Garrido ND, Vianna J, Sousa AC, Alves JV, Marques MC (2017), PLOS ONE",GOLD,male,,27.5,,78.67,,mixed,LEG_PRESS,squat,quads,compound,squat,,,,,,16.0,light,,,4.523525,primary_training_target,6.2711749999999995,False,cohort_mean_substitution,-1.7476499999999993
reis2017,reis2017,reis_lab_p4,indirect_calorimetry_breath_by_breath,COSMED K4b2,CC BY 4.0,https://doi.org/10.1371/journal.pone.0181311,"Reis VM, Garrido ND, Vianna J, Sousa AC, Alves JV, Marques MC (2017), PLOS ONE",GOLD,male,,27.5,,78.67,,mixed,LEG_PRESS,squat,quads,compound,squat,,,,,,20.0,moderate,,,4.87754,primary_training_target,7.7892625,False,cohort_mean_substitution,-2.9117225000000007
reis2017,reis2017,reis_lab_p4,indirect_calorimetry_breath_by_breath,COSMED K4b2,CC BY 4.0,https://doi.org/10.1371/journal.pone.0181311,"Reis VM, Garrido ND, Vianna J, Sousa AC, Alves JV, Marques MC (2017), PLOS ONE",GOLD,male,,27.5,,78.67,,mixed,LEG_PRESS,squat,quads,compound,squat,,,,,,24.0,moderate,,,5.5816365,primary_training_target,7.7892625,False,cohort_mean_substitution,-2.2076260000000003
reis2017,reis2017,reis_lab_p4,indirect_calorimetry_breath_by_breath,COSMED K4b2,CC BY 4.0,https://doi.org/10.1371/journal.pone.0181311,"Reis VM, Garrido ND, Vianna J, Sousa AC, Alves JV, Marques MC (2017), PLOS ONE",GOLD,male,,27.5,,78.67,,mixed,LEG_PRESS,squat,quads,compound,squat,,,,,,80.0,hard,,,11.686428499999998,primary_training_target,19.82235,False,cohort_mean_substitution,-8.135921500000002
reis2017,reis2017,reis_lab_p5,indirect_calorimetry_breath_by_breath,COSMED K4b2,CC BY 4.0,https://doi.org/10.1371/journal.pone.0181311,"Reis VM, Garrido ND, Vianna J, Sousa AC, Alves JV, Marques MC (2017), PLOS ONE",GOLD,male,,27.5,,78.67,,mixed,LEG_PRESS,squat,quads,compound,squat,,,,,,12.0,light,,,5.046680500000001,primary_training_target,6.2711749999999995,False,cohort_mean_substitution,-1.2244944999999987
reis2017,reis2017,reis_lab_p5,indirect_calorimetry_breath_by_breath,COSMED K4b2,CC BY 4.0,https://doi.org/10.1371/journal.pone.0181311,"Reis VM, Garrido ND, Vianna J, Sousa AC, Alves JV, Marques MC (2017), PLOS ONE",GOLD,male,,27.5,,78.67,,mixed,LEG_PRESS,squat,quads,compound,squat,,,,,,16.0,light,,,6.356535999999999,primary_training_target,6.2711749999999995,False,cohort_mean_substitution,0.0853609999999998
reis2017,reis2017,reis_lab_p5,indirect_calorimetry_breath_by_breath,COSMED K4b2,CC BY 4.0,https://doi.org/10.1371/journal.pone.0181311,"Reis VM, Garrido ND, Vianna J, Sousa AC, Alves JV, Marques MC (2017), PLOS ONE",GOLD,male,,27.5,,78.67,,mixed,LEG_PRESS,squat,quads,compound,squat,,,,,,20.0,moderate,,,6.4391395,primary_training_target,7.7892625,False,cohort_mean_substitution,-1.3501230000000009
reis2017,reis2017,reis_lab_p5,indirect_calorimetry_breath_by_breath,COSMED K4b2,CC BY 4.0,https://doi.org/10.1371/journal.pone.0181311,"Reis VM, Garrido ND, Vianna J, Sousa AC, Alves JV, Marques MC (2017), PLOS ONE",GOLD,male,,27.5,,78.67,,mixed,LEG_PRESS,squat,quads,compound,squat,,,,,,24.0,moderate,,,6.175595,primary_training_target,7.7892625,False,cohort_mean_substitution,-1.6136675
reis2017,reis2017,reis_lab_p5,indirect_calorimetry_breath_by_breath,COSMED K4b2,CC BY 4.0,https://doi.org/10.1371/journal.pone.0181311,"Reis VM, Garrido ND, Vianna J, Sousa AC, Alves JV, Marques MC (2017), PLOS ONE",GOLD,male,,27.5,,78.67,,mixed,LEG_PRESS,squat,quads,compound,squat,,,,,,80.0,hard,,,17.732218,primary_training_target,19.82235,False,cohort_mean_substitution,-2.0901320000000005
reis2017,reis2017,reis_lab_p6,indirect_calorimetry_breath_by_breath,COSMED K4b2,CC BY 4.0,https://doi.org/10.1371/journal.pone.0181311,"Reis VM, Garrido ND, Vianna J, Sousa AC, Alves JV, Marques MC (2017), PLOS ONE",GOLD,male,,27.5,,78.67,,mixed,LEG_PRESS,squat,quads,compound,squat,,,,,,12.0,light,,,7.949603500000001,primary_training_target,6.2711749999999995,False,cohort_mean_substitution,1.6784285000000017
reis2017,reis2017,reis_lab_p6,indirect_calorimetry_breath_by_breath,COSMED K4b2,CC BY 4.0,https://doi.org/10.1371/journal.pone.0181311,"Reis VM, Garrido ND, Vianna J, Sousa AC, Alves JV, Marques MC (2017), PLOS ONE",GOLD,male,,27.5,,78.67,,mixed,LEG_PRESS,squat,quads,compound,squat,,,,,,16.0,light,,,8.6655005,primary_training_target,6.2711749999999995,False,cohort_mean_substitution,2.3943255000000008
reis2017,reis2017,reis_lab_p6,indirect_calorimetry_breath_by_breath,COSMED K4b2,CC BY 4.0,https://doi.org/10.1371/journal.pone.0181311,"Reis VM, Garrido ND, Vianna J, Sousa AC, Alves JV, Marques MC (2017), PLOS ONE",GOLD,male,,27.5,,78.67,,mixed,LEG_PRESS,squat,quads,compound,squat,,,,,,20.0,moderate,,,9.2319245,primary_training_target,7.7892625,False,cohort_mean_substitution,1.4426619999999994
reis2017,reis2017,reis_lab_p6,indirect_calorimetry_breath_by_breath,COSMED K4b2,CC BY 4.0,https://doi.org/10.1371/journal.pone.0181311,"Reis VM, Garrido ND, Vianna J, Sousa AC, Alves JV, Marques MC (2017), PLOS ONE",GOLD,male,,27.5,,78.67,,mixed,LEG_PRESS,squat,quads,compound,squat,,,,,,24.0,moderate,,,10.899728500000002,primary_training_target,7.7892625,False,cohort_mean_substitution,3.1104660000000015
reis2017,reis2017,reis_lab_p6,indirect_calorimetry_breath_by_breath,COSMED K4b2,CC BY 4.0,https://doi.org/10.1371/journal.pone.0181311,"Reis VM, Garrido ND, Vianna J, Sousa AC, Alves JV, Marques MC (2017), PLOS ONE",GOLD,male,,27.5,,78.67,,mixed,LEG_PRESS,squat,quads,compound,squat,,,,,,80.0,hard,,,26.173509000000003,primary_training_target,19.82235,False,cohort_mean_substitution,6.351159000000003
reis2017,reis2017,reis_lab_p7,indirect_calorimetry_breath_by_breath,COSMED K4b2,CC BY 4.0,https://doi.org/10.1371/journal.pone.0181311,"Reis VM, Garrido ND, Vianna J, Sousa AC, Alves JV, Marques MC (2017), PLOS ONE",GOLD,male,,27.5,,78.67,,mixed,LEG_PRESS,squat,quads,compound,squat,,,,,,12.0,light,,,6.321134500000001,primary_training_target,6.2711749999999995,False,cohort_mean_substitution,0.04995950000000171
reis2017,reis2017,reis_lab_p7,indirect_calorimetry_breath_by_breath,COSMED K4b2,CC BY 4.0,https://doi.org/10.1371/journal.pone.0181311,"Reis VM, Garrido ND, Vianna J, Sousa AC, Alves JV, Marques MC (2017), PLOS ONE",GOLD,male,,27.5,,78.67,,mixed,LEG_PRESS,squat,quads,compound,squat,,,,,,16.0,light,,,7.6585245,primary_training_target,6.2711749999999995,False,cohort_mean_substitution,1.387349500000001
reis2017,reis2017,reis_lab_p7,indirect_calorimetry_breath_by_breath,COSMED K4b2,CC BY 4.0,https://doi.org/10.1371/journal.pone.0181311,"Reis VM, Garrido ND, Vianna J, Sousa AC, Alves JV, Marques MC (2017), PLOS ONE",GOLD,male,,27.5,,78.67,,mixed,LEG_PRESS,squat,quads,compound,squat,,,,,,20.0,moderate,,,8.598631,primary_training_target,7.7892625,False,cohort_mean_substitution,0.8093684999999988
reis2017,reis2017,reis_lab_p7,indirect_calorimetry_breath_by_breath,COSMED K4b2,CC BY 4.0,https://doi.org/10.1371/journal.pone.0181311,"Reis VM, Garrido ND, Vianna J, Sousa AC, Alves JV, Marques MC (2017), PLOS ONE",GOLD,male,,27.5,,78.67,,mixed,LEG_PRESS,squat,quads,compound,squat,,,,,,24.0,moderate,,,9.566272,primary_training_target,7.7892625,False,cohort_mean_substitution,1.7770094999999992
reis2017,reis2017,reis_lab_p7,indirect_calorimetry_breath_by_breath,COSMED K4b2,CC BY 4.0,https://doi.org/10.1371/journal.pone.0181311,"Reis VM, Garrido ND, Vianna J, Sousa AC, Alves JV, Marques MC (2017), PLOS ONE",GOLD,male,,27.5,,78.67,,mixed,LEG_PRESS,squat,quads,compound,squat,,,,,,80.0,hard,,,23.0070415,primary_training_target,19.82235,False,cohort_mean_substitution,3.1846914999999996
reis2017,reis2017,reis_lab_p8,indirect_calorimetry_breath_by_breath,COSMED K4b2,CC BY 4.0,https://doi.org/10.1371/journal.pone.0181311,"Reis VM, Garrido ND, Vianna J, Sousa AC, Alves JV, Marques MC (2017), PLOS ONE",GOLD,male,,27.5,,78.67,,mixed,LEG_PRESS,squat,quads,compound,squat,,,,,,12.0,light,,,5.8412475,primary_training_target,6.2711749999999995,False,cohort_mean_substitution,-0.4299274999999998
reis2017,reis2017,reis_lab_p8,indirect_calorimetry_breath_by_breath,COSMED K4b2,CC BY 4.0,https://doi.org/10.1371/journal.pone.0181311,"Reis VM, Garrido ND, Vianna J, Sousa AC, Alves JV, Marques MC (2017), PLOS ONE",GOLD,male,,27.5,,78.67,,mixed,LEG_PRESS,squat,quads,compound,squat,,,,,,16.0,light,,,5.1174835,primary_training_target,6.2711749999999995,False,cohort_mean_substitution,-1.1536914999999999
reis2017,reis2017,reis_lab_p8,indirect_calorimetry_breath_by_breath,COSMED K4b2,CC BY 4.0,https://doi.org/10.1371/journal.pone.0181311,"Reis VM, Garrido ND, Vianna J, Sousa AC, Alves JV, Marques MC (2017), PLOS ONE",GOLD,male,,27.5,,78.67,,mixed,LEG_PRESS,squat,quads,compound,squat,,,,,,20.0,moderate,,,6.423405499999999,primary_training_target,7.7892625,False,cohort_mean_substitution,-1.365857000000001
reis2017,reis2017,reis_lab_p8,indirect_calorimetry_breath_by_breath,COSMED K4b2,CC BY 4.0,https://doi.org/10.1371/journal.pone.0181311,"Reis VM, Garrido ND, Vianna J, Sousa AC, Alves JV, Marques MC (2017), PLOS ONE",GOLD,male,,27.5,,78.67,,mixed,LEG_PRESS,squat,quads,compound,squat,,,,,,24.0,moderate,,,7.9732045,primary_training_target,7.7892625,False,cohort_mean_substitution,0.18394199999999916
reis2017,reis2017,reis_lab_p8,indirect_calorimetry_breath_by_breath,COSMED K4b2,CC BY 4.0,https://doi.org/10.1371/journal.pone.0181311,"Reis VM, Garrido ND, Vianna J, Sousa AC, Alves JV, Marques MC (2017), PLOS ONE",GOLD,male,,27.5,,78.67,,mixed,LEG_PRESS,squat,quads,compound,squat,,,,,,80.0,hard,,,17.8148215,primary_training_target,19.82235,False,cohort_mean_substitution,-2.0075284999999994
reis2017,reis2017,reis_lab_p9,indirect_calorimetry_breath_by_breath,COSMED K4b2,CC BY 4.0,https://doi.org/10.1371/journal.pone.0181311,"Reis VM, Garrido ND, Vianna J, Sousa AC, Alves JV, Marques MC (2017), PLOS ONE",GOLD,male,,27.5,,78.67,,mixed,LEG_PRESS,squat,quads,compound,squat,,,,,,12.0,light,,,7.457916,primary_training_target,6.2711749999999995,False,cohort_mean_substitution,1.1867410000000005
reis2017,reis2017,reis_lab_p9,indirect_calorimetry_breath_by_breath,COSMED K4b2,CC BY 4.0,https://doi.org/10.1371/journal.pone.0181311,"Reis VM, Garrido ND, Vianna J, Sousa AC, Alves JV, Marques MC (2017), PLOS ONE",GOLD,male,,27.5,,78.67,,mixed,LEG_PRESS,squat,quads,compound,squat,,,,,,16.0,light,,,7.6821255000000015,primary_training_target,6.2711749999999995,False,cohort_mean_substitution,1.410950500000002
reis2017,reis2017,reis_lab_p9,indirect_calorimetry_breath_by_breath,COSMED K4b2,CC BY 4.0,https://doi.org/10.1371/journal.pone.0181311,"Reis VM, Garrido ND, Vianna J, Sousa AC, Alves JV, Marques MC (2017), PLOS ONE",GOLD,male,,27.5,,78.67,,mixed,LEG_PRESS,squat,quads,compound,squat,,,,,,20.0,moderate,,,9.3184615,primary_training_target,7.7892625,False,cohort_mean_substitution,1.5291989999999993
reis2017,reis2017,reis_lab_p9,indirect_calorimetry_breath_by_breath,COSMED K4b2,CC BY 4.0,https://doi.org/10.1371/journal.pone.0181311,"Reis VM, Garrido ND, Vianna J, Sousa AC, Alves JV, Marques MC (2017), PLOS ONE",GOLD,male,,27.5,,78.67,,mixed,LEG_PRESS,squat,quads,compound,squat,,,,,,24.0,moderate,,,9.8298165,primary_training_target,7.7892625,False,cohort_mean_substitution,2.0405539999999993
reis2017,reis2017,reis_lab_p9,indirect_calorimetry_breath_by_breath,COSMED K4b2,CC BY 4.0,https://doi.org/10.1371/journal.pone.0181311,"Reis VM, Garrido ND, Vianna J, Sousa AC, Alves JV, Marques MC (2017), PLOS ONE",GOLD,male,,27.5,,78.67,,mixed,LEG_PRESS,squat,quads,compound,squat,,,,,,80.0,hard,,,23.762273500000003,primary_training_target,19.82235,False,cohort_mean_substitution,3.9399235000000026
reis2017,reis2017,reis_lab_p10,indirect_calorimetry_breath_by_breath,COSMED K4b2,CC BY 4.0,https://doi.org/10.1371/journal.pone.0181311,"Reis VM, Garrido ND, Vianna J, Sousa AC, Alves JV, Marques MC (2017), PLOS ONE",GOLD,male,,27.5,,78.67,,mixed,LEG_PRESS,squat,quads,compound,squat,,,,,,12.0,light,,,4.9050745,primary_training_target,6.2711749999999995,False,cohort_mean_substitution,-1.3661005
reis2017,reis2017,reis_lab_p10,indirect_calorimetry_breath_by_breath,COSMED K4b2,CC BY 4.0,https://doi.org/10.1371/journal.pone.0181311,"Reis VM, Garrido ND, Vianna J, Sousa AC, Alves JV, Marques MC (2017), PLOS ONE",GOLD,male,,27.5,,78.67,,mixed,LEG_PRESS,squat,quads,compound,squat,,,,,,16.0,light,,,4.4802565,primary_training_target,6.2711749999999995,False,cohort_mean_substitution,-1.7909184999999992
reis2017,reis2017,reis_lab_p10,indirect_calorimetry_breath_by_breath,COSMED K4b2,CC BY 4.0,https://doi.org/10.1371/journal.pone.0181311,"Reis VM, Garrido ND, Vianna J, Sousa AC, Alves JV, Marques MC (2017), PLOS ONE",GOLD,male,,27.5,,78.67,,mixed,LEG_PRESS,squat,quads,compound,squat,,,,,,20.0,moderate,,,5.538368,primary_training_target,7.7892625,False,cohort_mean_substitution,-2.2508945000000002
reis2017,reis2017,reis_lab_p10,indirect_calorimetry_breath_by_breath,COSMED K4b2,CC BY 4.0,https://doi.org/10.1371/journal.pone.0181311,"Reis VM, Garrido ND, Vianna J, Sousa AC, Alves JV, Marques MC (2017), PLOS ONE",GOLD,male,,27.5,,78.67,,mixed,LEG_PRESS,squat,quads,compound,squat,,,,,,24.0,moderate,,,5.561969,primary_training_target,7.7892625,False,cohort_mean_substitution,-2.2272935
reis2017,reis2017,reis_lab_p10,indirect_calorimetry_breath_by_breath,COSMED K4b2,CC BY 4.0,https://doi.org/10.1371/journal.pone.0181311,"Reis VM, Garrido ND, Vianna J, Sousa AC, Alves JV, Marques MC (2017), PLOS ONE",GOLD,male,,27.5,,78.67,,mixed,LEG_PRESS,squat,quads,compound,squat,,,,,,80.0,hard,,,12.205650500000004,primary_training_target,19.82235,False,cohort_mean_substitution,-7.616699499999996
reis2017,reis2017,reis_lab_p11,indirect_calorimetry_breath_by_breath,COSMED K4b2,CC BY 4.0,https://doi.org/10.1371/journal.pone.0181311,"Reis VM, Garrido ND, Vianna J, Sousa AC, Alves JV, Marques MC (2017), PLOS ONE",GOLD,male,,27.5,,78.67,,mixed,LEG_PRESS,squat,quads,compound,squat,,,,,,12.0,light,,,4.853939,primary_training_target,6.2711749999999995,False,cohort_mean_substitution,-1.417236
reis2017,reis2017,reis_lab_p11,indirect_calorimetry_breath_by_breath,COSMED K4b2,CC BY 4.0,https://doi.org/10.1371/journal.pone.0181311,"Reis VM, Garrido ND, Vianna J, Sousa AC, Alves JV, Marques MC (2017), PLOS ONE",GOLD,male,,27.5,,78.67,,mixed,LEG_PRESS,squat,quads,compound,squat,,,,,,16.0,light,,,6.812822,primary_training_target,6.2711749999999995,False,cohort_mean_substitution,0.5416470000000002
reis2017,reis2017,reis_lab_p11,indirect_calorimetry_breath_by_breath,COSMED K4b2,CC BY 4.0,https://doi.org/10.1371/journal.pone.0181311,"Reis VM, Garrido ND, Vianna J, Sousa AC, Alves JV, Marques MC (2017), PLOS ONE",GOLD,male,,27.5,,78.67,,mixed,LEG_PRESS,squat,quads,compound,squat,,,,,,20.0,moderate,,,6.8246225,primary_training_target,7.7892625,False,cohort_mean_substitution,-0.9646400000000002
reis2017,reis2017,reis_lab_p11,indirect_calorimetry_breath_by_breath,COSMED K4b2,CC BY 4.0,https://doi.org/10.1371/journal.pone.0181311,"Reis VM, Garrido ND, Vianna J, Sousa AC, Alves JV, Marques MC (2017), PLOS ONE",GOLD,male,,27.5,,78.67,,mixed,LEG_PRESS,squat,quads,compound,squat,,,,,,24.0,moderate,,,7.7529285,primary_training_target,7.7892625,False,cohort_mean_substitution,-0.03633400000000009
reis2017,reis2017,reis_lab_p11,indirect_calorimetry_breath_by_breath,COSMED K4b2,CC BY 4.0,https://doi.org/10.1371/journal.pone.0181311,"Reis VM, Garrido ND, Vianna J, Sousa AC, Alves JV, Marques MC (2017), PLOS ONE",GOLD,male,,27.5,,78.67,,mixed,LEG_PRESS,squat,quads,compound,squat,,,,,,80.0,hard,,,18.054765,primary_training_target,19.82235,False,cohort_mean_substitution,-1.7675850000000004
reis2017,reis2017,reis_lab_p12,indirect_calorimetry_breath_by_breath,COSMED K4b2,CC BY 4.0,https://doi.org/10.1371/journal.pone.0181311,"Reis VM, Garrido ND, Vianna J, Sousa AC, Alves JV, Marques MC (2017), PLOS ONE",GOLD,male,,27.5,,78.67,,mixed,LEG_PRESS,squat,quads,compound,squat,,,,,,12.0,light,,,5.420363,primary_training_target,6.2711749999999995,False,cohort_mean_substitution,-0.8508119999999995
reis2017,reis2017,reis_lab_p12,indirect_calorimetry_breath_by_breath,COSMED K4b2,CC BY 4.0,https://doi.org/10.1371/journal.pone.0181311,"Reis VM, Garrido ND, Vianna J, Sousa AC, Alves JV, Marques MC (2017), PLOS ONE",GOLD,male,,27.5,,78.67,,mixed,LEG_PRESS,squat,quads,compound,squat,,,,,,16.0,light,,,5.8412475,primary_training_target,6.2711749999999995,False,cohort_mean_substitution,-0.4299274999999998
reis2017,reis2017,reis_lab_p12,indirect_calorimetry_breath_by_breath,COSMED K4b2,CC BY 4.0,https://doi.org/10.1371/journal.pone.0181311,"Reis VM, Garrido ND, Vianna J, Sousa AC, Alves JV, Marques MC (2017), PLOS ONE",GOLD,male,,27.5,,78.67,,mixed,LEG_PRESS,squat,quads,compound,squat,,,,,,20.0,moderate,,,6.930827000000001,primary_training_target,7.7892625,False,cohort_mean_substitution,-0.8584354999999997
reis2017,reis2017,reis_lab_p12,indirect_calorimetry_breath_by_breath,COSMED K4b2,CC BY 4.0,https://doi.org/10.1371/journal.pone.0181311,"Reis VM, Garrido ND, Vianna J, Sousa AC, Alves JV, Marques MC (2017), PLOS ONE",GOLD,male,,27.5,,78.67,,mixed,LEG_PRESS,squat,quads,compound,squat,,,,,,24.0,moderate,,,8.260349999999999,primary_training_target,7.7892625,False,cohort_mean_substitution,0.47108749999999855
reis2017,reis2017,reis_lab_p12,indirect_calorimetry_breath_by_breath,COSMED K4b2,CC BY 4.0,https://doi.org/10.1371/journal.pone.0181311,"Reis VM, Garrido ND, Vianna J, Sousa AC, Alves JV, Marques MC (2017), PLOS ONE",GOLD,male,,27.5,,78.67,,mixed,LEG_PRESS,squat,quads,compound,squat,,,,,,80.0,hard,,,18.440248,primary_training_target,19.82235,False,cohort_mean_substitution,-1.3821019999999997
reis2017,reis2017,reis_lab_p13,indirect_calorimetry_breath_by_breath,COSMED K4b2,CC BY 4.0,https://doi.org/10.1371/journal.pone.0181311,"Reis VM, Garrido ND, Vianna J, Sousa AC, Alves JV, Marques MC (2017), PLOS ONE",GOLD,male,,27.5,,78.67,,mixed,LEG_PRESS,squat,quads,compound,squat,,,,,,12.0,light,,,6.671216000000001,primary_training_target,6.2711749999999995,False,cohort_mean_substitution,0.40004100000000165
reis2017,reis2017,reis_lab_p13,indirect_calorimetry_breath_by_breath,COSMED K4b2,CC BY 4.0,https://doi.org/10.1371/journal.pone.0181311,"Reis VM, Garrido ND, Vianna J, Sousa AC, Alves JV, Marques MC (2017), PLOS ONE",GOLD,male,,27.5,,78.67,,mixed,LEG_PRESS,squat,quads,compound,squat,,,,,,16.0,light,,,7.6663915,primary_training_target,6.2711749999999995,False,cohort_mean_substitution,1.3952165
reis2017,reis2017,reis_lab_p13,indirect_calorimetry_breath_by_breath,COSMED K4b2,CC BY 4.0,https://doi.org/10.1371/journal.pone.0181311,"Reis VM, Garrido ND, Vianna J, Sousa AC, Alves JV, Marques MC (2017), PLOS ONE",GOLD,male,,27.5,,78.67,,mixed,LEG_PRESS,squat,quads,compound,squat,,,,,,20.0,moderate,,,8.4688255,primary_training_target,7.7892625,False,cohort_mean_substitution,0.679562999999999
reis2017,reis2017,reis_lab_p13,indirect_calorimetry_breath_by_breath,COSMED K4b2,CC BY 4.0,https://doi.org/10.1371/journal.pone.0181311,"Reis VM, Garrido ND, Vianna J, Sousa AC, Alves JV, Marques MC (2017), PLOS ONE",GOLD,male,,27.5,,78.67,,mixed,LEG_PRESS,squat,quads,compound,squat,,,,,,24.0,moderate,,,9.039183,primary_training_target,7.7892625,False,cohort_mean_substitution,1.249920499999999
reis2017,reis2017,reis_lab_p13,indirect_calorimetry_breath_by_breath,COSMED K4b2,CC BY 4.0,https://doi.org/10.1371/journal.pone.0181311,"Reis VM, Garrido ND, Vianna J, Sousa AC, Alves JV, Marques MC (2017), PLOS ONE",GOLD,male,,27.5,,78.67,,mixed,LEG_PRESS,squat,quads,compound,squat,,,,,,80.0,hard,,,22.007932500000003,primary_training_target,19.82235,False,cohort_mean_substitution,2.1855825000000024
reis2017,reis2017,reis_lab_p14,indirect_calorimetry_breath_by_breath,COSMED K4b2,CC BY 4.0,https://doi.org/10.1371/journal.pone.0181311,"Reis VM, Garrido ND, Vianna J, Sousa AC, Alves JV, Marques MC (2017), PLOS ONE",GOLD,male,,27.5,,78.67,,mixed,LEG_PRESS,squat,quads,compound,squat,,,,,,12.0,light,,,6.348669,primary_training_target,6.2711749999999995,False,cohort_mean_substitution,0.07749400000000062
reis2017,reis2017,reis_lab_p14,indirect_calorimetry_breath_by_breath,COSMED K4b2,CC BY 4.0,https://doi.org/10.1371/journal.pone.0181311,"Reis VM, Garrido ND, Vianna J, Sousa AC, Alves JV, Marques MC (2017), PLOS ONE",GOLD,male,,27.5,,78.67,,mixed,LEG_PRESS,squat,quads,compound,squat,,,,,,16.0,light,,,5.5344345,primary_training_target,6.2711749999999995,False,cohort_mean_substitution,-0.7367404999999998
reis2017,reis2017,reis_lab_p14,indirect_calorimetry_breath_by_breath,COSMED K4b2,CC BY 4.0,https://doi.org/10.1371/journal.pone.0181311,"Reis VM, Garrido ND, Vianna J, Sousa AC, Alves JV, Marques MC (2017), PLOS ONE",GOLD,male,,27.5,,78.67,,mixed,LEG_PRESS,squat,quads,compound,squat,,,,,,20.0,moderate,,,7.3517115,primary_training_target,7.7892625,False,cohort_mean_substitution,-0.437551
reis2017,reis2017,reis_lab_p14,indirect_calorimetry_breath_by_breath,COSMED K4b2,CC BY 4.0,https://doi.org/10.1371/journal.pone.0181311,"Reis VM, Garrido ND, Vianna J, Sousa AC, Alves JV, Marques MC (2017), PLOS ONE",GOLD,male,,27.5,,78.67,,mixed,LEG_PRESS,squat,quads,compound,squat,,,,,,24.0,moderate,,,7.111768,primary_training_target,7.7892625,False,cohort_mean_substitution,-0.6774945000000008
reis2017,reis2017,reis_lab_p14,indirect_calorimetry_breath_by_breath,COSMED K4b2,CC BY 4.0,https://doi.org/10.1371/journal.pone.0181311,"Reis VM, Garrido ND, Vianna J, Sousa AC, Alves JV, Marques MC (2017), PLOS ONE",GOLD,male,,27.5,,78.67,,mixed,LEG_PRESS,squat,quads,compound,squat,,,,,,80.0,hard,,,17.126459,primary_training_target,19.82235,False,cohort_mean_substitution,-2.6958909999999996
reis2017,reis2017,reis_lab_p1,indirect_calorimetry_breath_by_breath,COSMED K4b2,CC BY 4.0,https://doi.org/10.1371/journal.pone.0181311,"Reis VM, Garrido ND, Vianna J, Sousa AC, Alves JV, Marques MC (2017), PLOS ONE",GOLD,male,,27.5,,78.67,,mixed,BENCH_PRESS,horizontal_push,chest,compound,horizontal_push,,,,,,12.0,light,,,4.861806,primary_training_target,4.2391749999999995,False,cohort_mean_substitution,0.6226310000000002
reis2017,reis2017,reis_lab_p1,indirect_calorimetry_breath_by_breath,COSMED K4b2,CC BY 4.0,https://doi.org/10.1371/journal.pone.0181311,"Reis VM, Garrido ND, Vianna J, Sousa AC, Alves JV, Marques MC (2017), PLOS ONE",GOLD,male,,27.5,,78.67,,mixed,BENCH_PRESS,horizontal_push,chest,compound,horizontal_push,,,,,,16.0,light,,,4.8814735,primary_training_target,4.2391749999999995,False,cohort_mean_substitution,0.6422985000000008
reis2017,reis2017,reis_lab_p1,indirect_calorimetry_breath_by_breath,COSMED K4b2,CC BY 4.0,https://doi.org/10.1371/journal.pone.0181311,"Reis VM, Garrido ND, Vianna J, Sousa AC, Alves JV, Marques MC (2017), PLOS ONE",GOLD,male,,27.5,,78.67,,mixed,BENCH_PRESS,horizontal_push,chest,compound,horizontal_push,,,,,,20.0,moderate,,,5.286624000000001,primary_training_target,4.5232625,False,cohort_mean_substitution,0.7633615000000002
reis2017,reis2017,reis_lab_p1,indirect_calorimetry_breath_by_breath,COSMED K4b2,CC BY 4.0,https://doi.org/10.1371/journal.pone.0181311,"Reis VM, Garrido ND, Vianna J, Sousa AC, Alves JV, Marques MC (2017), PLOS ONE",GOLD,male,,27.5,,78.67,,mixed,BENCH_PRESS,horizontal_push,chest,compound,horizontal_push,,,,,,24.0,moderate,,,5.286624000000001,primary_training_target,4.5232625,False,cohort_mean_substitution,0.7633615000000002
reis2017,reis2017,reis_lab_p1,indirect_calorimetry_breath_by_breath,COSMED K4b2,CC BY 4.0,https://doi.org/10.1371/journal.pone.0181311,"Reis VM, Garrido ND, Vianna J, Sousa AC, Alves JV, Marques MC (2017), PLOS ONE",GOLD,male,,27.5,,78.67,,mixed,BENCH_PRESS,horizontal_push,chest,compound,horizontal_push,,,,,,80.0,hard,,,13.485021375,primary_training_target,11.43235,False,cohort_mean_substitution,2.052671375000001
reis2017,reis2017,reis_lab_p2,indirect_calorimetry_breath_by_breath,COSMED K4b2,CC BY 4.0,https://doi.org/10.1371/journal.pone.0181311,"Reis VM, Garrido ND, Vianna J, Sousa AC, Alves JV, Marques MC (2017), PLOS ONE",GOLD,male,,27.5,,78.67,,mixed,BENCH_PRESS,horizontal_push,chest,compound,horizontal_push,,,,,,12.0,light,,,3.787960500000001,primary_training_target,4.2391749999999995,False,cohort_mean_substitution,-0.4512144999999985
reis2017,reis2017,reis_lab_p2,indirect_calorimetry_breath_by_breath,COSMED K4b2,CC BY 4.0,https://doi.org/10.1371/journal.pone.0181311,"Reis VM, Garrido ND, Vianna J, Sousa AC, Alves JV, Marques MC (2017), PLOS ONE",GOLD,male,,27.5,,78.67,,mixed,BENCH_PRESS,horizontal_push,chest,compound,horizontal_push,,,,,,16.0,light,,,3.890231500000001,primary_training_target,4.2391749999999995,False,cohort_mean_substitution,-0.3489434999999985
reis2017,reis2017,reis_lab_p2,indirect_calorimetry_breath_by_breath,COSMED K4b2,CC BY 4.0,https://doi.org/10.1371/journal.pone.0181311,"Reis VM, Garrido ND, Vianna J, Sousa AC, Alves JV, Marques MC (2017), PLOS ONE",GOLD,male,,27.5,,78.67,,mixed,BENCH_PRESS,horizontal_push,chest,compound,horizontal_push,,,,,,20.0,moderate,,,4.562860000000001,primary_training_target,4.5232625,False,cohort_mean_substitution,0.039597500000000174
reis2017,reis2017,reis_lab_p2,indirect_calorimetry_breath_by_breath,COSMED K4b2,CC BY 4.0,https://doi.org/10.1371/journal.pone.0181311,"Reis VM, Garrido ND, Vianna J, Sousa AC, Alves JV, Marques MC (2017), PLOS ONE",GOLD,male,,27.5,,78.67,,mixed,BENCH_PRESS,horizontal_push,chest,compound,horizontal_push,,,,,,24.0,moderate,,,5.082082,primary_training_target,4.5232625,False,cohort_mean_substitution,0.5588194999999994
reis2017,reis2017,reis_lab_p2,indirect_calorimetry_breath_by_breath,COSMED K4b2,CC BY 4.0,https://doi.org/10.1371/journal.pone.0181311,"Reis VM, Garrido ND, Vianna J, Sousa AC, Alves JV, Marques MC (2017), PLOS ONE",GOLD,male,,27.5,,78.67,,mixed,BENCH_PRESS,horizontal_push,chest,compound,horizontal_push,,,,,,80.0,hard,,,12.1891298,primary_training_target,11.43235,False,cohort_mean_substitution,0.7567798000000003
reis2017,reis2017,reis_lab_p3,indirect_calorimetry_breath_by_breath,COSMED K4b2,CC BY 4.0,https://doi.org/10.1371/journal.pone.0181311,"Reis VM, Garrido ND, Vianna J, Sousa AC, Alves JV, Marques MC (2017), PLOS ONE",GOLD,male,,27.5,,78.67,,mixed,BENCH_PRESS,horizontal_push,chest,compound,horizontal_push,,,,,,12.0,light,,,3.7604260000000007,primary_training_target,4.2391749999999995,False,cohort_mean_substitution,-0.47874899999999876
reis2017,reis2017,reis_lab_p3,indirect_calorimetry_breath_by_breath,COSMED K4b2,CC BY 4.0,https://doi.org/10.1371/journal.pone.0181311,"Reis VM, Garrido ND, Vianna J, Sousa AC, Alves JV, Marques MC (2017), PLOS ONE",GOLD,male,,27.5,,78.67,,mixed,BENCH_PRESS,horizontal_push,chest,compound,horizontal_push,,,,,,16.0,light,,,4.118374500000001,primary_training_target,4.2391749999999995,False,cohort_mean_substitution,-0.12080049999999876
reis2017,reis2017,reis_lab_p3,indirect_calorimetry_breath_by_breath,COSMED K4b2,CC BY 4.0,https://doi.org/10.1371/journal.pone.0181311,"Reis VM, Garrido ND, Vianna J, Sousa AC, Alves JV, Marques MC (2017), PLOS ONE",GOLD,male,,27.5,,78.67,,mixed,BENCH_PRESS,horizontal_push,chest,compound,horizontal_push,,,,,,20.0,moderate,,,4.0003695,primary_training_target,4.5232625,False,cohort_mean_substitution,-0.5228930000000007
reis2017,reis2017,reis_lab_p3,indirect_calorimetry_breath_by_breath,COSMED K4b2,CC BY 4.0,https://doi.org/10.1371/journal.pone.0181311,"Reis VM, Garrido ND, Vianna J, Sousa AC, Alves JV, Marques MC (2017), PLOS ONE",GOLD,male,,27.5,,78.67,,mixed,BENCH_PRESS,horizontal_push,chest,compound,horizontal_push,,,,,,24.0,moderate,,,4.909008,primary_training_target,4.5232625,False,cohort_mean_substitution,0.38574549999999963
reis2017,reis2017,reis_lab_p3,indirect_calorimetry_breath_by_breath,COSMED K4b2,CC BY 4.0,https://doi.org/10.1371/journal.pone.0181311,"Reis VM, Garrido ND, Vianna J, Sousa AC, Alves JV, Marques MC (2017), PLOS ONE",GOLD,male,,27.5,,78.67,,mixed,BENCH_PRESS,horizontal_push,chest,compound,horizontal_push,,,,,,80.0,hard,,,12.010210619,primary_training_target,11.43235,False,cohort_mean_substitution,0.5778606190000009
reis2017,reis2017,reis_lab_p4,indirect_calorimetry_breath_by_breath,COSMED K4b2,CC BY 4.0,https://doi.org/10.1371/journal.pone.0181311,"Reis VM, Garrido ND, Vianna J, Sousa AC, Alves JV, Marques MC (2017), PLOS ONE",GOLD,male,,27.5,,78.67,,mixed,BENCH_PRESS,horizontal_push,chest,compound,horizontal_push,,,,,,12.0,light,,,3.7014235,primary_training_target,4.2391749999999995,False,cohort_mean_substitution,-0.5377514999999993
reis2017,reis2017,reis_lab_p4,indirect_calorimetry_breath_by_breath,COSMED K4b2,CC BY 4.0,https://doi.org/10.1371/journal.pone.0181311,"Reis VM, Garrido ND, Vianna J, Sousa AC, Alves JV, Marques MC (2017), PLOS ONE",GOLD,male,,27.5,,78.67,,mixed,BENCH_PRESS,horizontal_push,chest,compound,horizontal_push,,,,,,16.0,light,,,4.4645225,primary_training_target,4.2391749999999995,False,cohort_mean_substitution,0.2253475000000007
reis2017,reis2017,reis_lab_p4,indirect_calorimetry_breath_by_breath,COSMED K4b2,CC BY 4.0,https://doi.org/10.1371/journal.pone.0181311,"Reis VM, Garrido ND, Vianna J, Sousa AC, Alves JV, Marques MC (2017), PLOS ONE",GOLD,male,,27.5,,78.67,,mixed,BENCH_PRESS,horizontal_push,chest,compound,horizontal_push,,,,,,20.0,moderate,,,3.894165000000001,primary_training_target,4.5232625,False,cohort_mean_substitution,-0.6290974999999994
reis2017,reis2017,reis_lab_p4,indirect_calorimetry_breath_by_breath,COSMED K4b2,CC BY 4.0,https://doi.org/10.1371/journal.pone.0181311,"Reis VM, Garrido ND, Vianna J, Sousa AC, Alves JV, Marques MC (2017), PLOS ONE",GOLD,male,,27.5,,78.67,,mixed,BENCH_PRESS,horizontal_push,chest,compound,horizontal_push,,,,,,24.0,moderate,,,4.1498425,primary_training_target,4.5232625,False,cohort_mean_substitution,-0.3734200000000003
reis2017,reis2017,reis_lab_p4,indirect_calorimetry_breath_by_breath,COSMED K4b2,CC BY 4.0,https://doi.org/10.1371/journal.pone.0181311,"Reis VM, Garrido ND, Vianna J, Sousa AC, Alves JV, Marques MC (2017), PLOS ONE",GOLD,male,,27.5,,78.67,,mixed,BENCH_PRESS,horizontal_push,chest,compound,horizontal_push,,,,,,80.0,hard,,,9.8096730465,primary_training_target,11.43235,False,cohort_mean_substitution,-1.6226769534999992
reis2017,reis2017,reis_lab_p5,indirect_calorimetry_breath_by_breath,COSMED K4b2,CC BY 4.0,https://doi.org/10.1371/journal.pone.0181311,"Reis VM, Garrido ND, Vianna J, Sousa AC, Alves JV, Marques MC (2017), PLOS ONE",GOLD,male,,27.5,,78.67,,mixed,BENCH_PRESS,horizontal_push,chest,compound,horizontal_push,,,,,,12.0,light,,,3.713224,primary_training_target,4.2391749999999995,False,cohort_mean_substitution,-0.5259509999999996
reis2017,reis2017,reis_lab_p5,indirect_calorimetry_breath_by_breath,COSMED K4b2,CC BY 4.0,https://doi.org/10.1371/journal.pone.0181311,"Reis VM, Garrido ND, Vianna J, Sousa AC, Alves JV, Marques MC (2017), PLOS ONE",GOLD,male,,27.5,,78.67,,mixed,BENCH_PRESS,horizontal_push,chest,compound,horizontal_push,,,,,,16.0,light,,,3.8587635,primary_training_target,4.2391749999999995,False,cohort_mean_substitution,-0.3804114999999997
reis2017,reis2017,reis_lab_p5,indirect_calorimetry_breath_by_breath,COSMED K4b2,CC BY 4.0,https://doi.org/10.1371/journal.pone.0181311,"Reis VM, Garrido ND, Vianna J, Sousa AC, Alves JV, Marques MC (2017), PLOS ONE",GOLD,male,,27.5,,78.67,,mixed,BENCH_PRESS,horizontal_push,chest,compound,horizontal_push,,,,,,20.0,moderate,,,4.429121,primary_training_target,4.5232625,False,cohort_mean_substitution,-0.0941415000000001
reis2017,reis2017,reis_lab_p5,indirect_calorimetry_breath_by_breath,COSMED K4b2,CC BY 4.0,https://doi.org/10.1371/journal.pone.0181311,"Reis VM, Garrido ND, Vianna J, Sousa AC, Alves JV, Marques MC (2017), PLOS ONE",GOLD,male,,27.5,,78.67,,mixed,BENCH_PRESS,horizontal_push,chest,compound,horizontal_push,,,,,,24.0,moderate,,,4.1262415,primary_training_target,4.5232625,False,cohort_mean_substitution,-0.3970210000000005
reis2017,reis2017,reis_lab_p5,indirect_calorimetry_breath_by_breath,COSMED K4b2,CC BY 4.0,https://doi.org/10.1371/journal.pone.0181311,"Reis VM, Garrido ND, Vianna J, Sousa AC, Alves JV, Marques MC (2017), PLOS ONE",GOLD,male,,27.5,,78.67,,mixed,BENCH_PRESS,horizontal_push,chest,compound,horizontal_push,,,,,,80.0,hard,,,10.0497581525,primary_training_target,11.43235,False,cohort_mean_substitution,-1.3825918474999987
reis2017,reis2017,reis_lab_p6,indirect_calorimetry_breath_by_breath,COSMED K4b2,CC BY 4.0,https://doi.org/10.1371/journal.pone.0181311,"Reis VM, Garrido ND, Vianna J, Sousa AC, Alves JV, Marques MC (2017), PLOS ONE",GOLD,male,,27.5,,78.67,,mixed,BENCH_PRESS,horizontal_push,chest,compound,horizontal_push,,,,,,12.0,light,,,4.240313,primary_training_target,4.2391749999999995,False,cohort_mean_substitution,0.0011380000000009716
reis2017,reis2017,reis_lab_p6,indirect_calorimetry_breath_by_breath,COSMED K4b2,CC BY 4.0,https://doi.org/10.1371/journal.pone.0181311,"Reis VM, Garrido ND, Vianna J, Sousa AC, Alves JV, Marques MC (2017), PLOS ONE",GOLD,male,,27.5,,78.67,,mixed,BENCH_PRESS,horizontal_push,chest,compound,horizontal_push,,,,,,16.0,light,,,3.77616,primary_training_target,4.2391749999999995,False,cohort_mean_substitution,-0.4630149999999995
reis2017,reis2017,reis_lab_p6,indirect_calorimetry_breath_by_breath,COSMED K4b2,CC BY 4.0,https://doi.org/10.1371/journal.pone.0181311,"Reis VM, Garrido ND, Vianna J, Sousa AC, Alves JV, Marques MC (2017), PLOS ONE",GOLD,male,,27.5,,78.67,,mixed,BENCH_PRESS,horizontal_push,chest,compound,horizontal_push,,,,,,20.0,moderate,,,5.522634,primary_training_target,4.5232625,False,cohort_mean_substitution,0.9993714999999996
reis2017,reis2017,reis_lab_p6,indirect_calorimetry_breath_by_breath,COSMED K4b2,CC BY 4.0,https://doi.org/10.1371/journal.pone.0181311,"Reis VM, Garrido ND, Vianna J, Sousa AC, Alves JV, Marques MC (2017), PLOS ONE",GOLD,male,,27.5,,78.67,,mixed,BENCH_PRESS,horizontal_push,chest,compound,horizontal_push,,,,,,24.0,moderate,,,4.696599,primary_training_target,4.5232625,False,cohort_mean_substitution,0.17333649999999956
reis2017,reis2017,reis_lab_p6,indirect_calorimetry_breath_by_breath,COSMED K4b2,CC BY 4.0,https://doi.org/10.1371/journal.pone.0181311,"Reis VM, Garrido ND, Vianna J, Sousa AC, Alves JV, Marques MC (2017), PLOS ONE",GOLD,male,,27.5,,78.67,,mixed,BENCH_PRESS,horizontal_push,chest,compound,horizontal_push,,,,,,80.0,hard,,,12.819866525000004,primary_training_target,11.43235,False,cohort_mean_substitution,1.387516525000004
reis2017,reis2017,reis_lab_p7,indirect_calorimetry_breath_by_breath,COSMED K4b2,CC BY 4.0,https://doi.org/10.1371/journal.pone.0181311,"Reis VM, Garrido ND, Vianna J, Sousa AC, Alves JV, Marques MC (2017), PLOS ONE",GOLD,male,,27.5,,78.67,,mixed,BENCH_PRESS,horizontal_push,chest,compound,horizontal_push,,,,,,12.0,light,,,4.118374500000001,primary_training_target,4.2391749999999995,False,cohort_mean_substitution,-0.12080049999999876
reis2017,reis2017,reis_lab_p7,indirect_calorimetry_breath_by_breath,COSMED K4b2,CC BY 4.0,https://doi.org/10.1371/journal.pone.0181311,"Reis VM, Garrido ND, Vianna J, Sousa AC, Alves JV, Marques MC (2017), PLOS ONE",GOLD,male,,27.5,,78.67,,mixed,BENCH_PRESS,horizontal_push,chest,compound,horizontal_push,,,,,,16.0,light,,,3.8548300000000006,primary_training_target,4.2391749999999995,False,cohort_mean_substitution,-0.3843449999999988
reis2017,reis2017,reis_lab_p7,indirect_calorimetry_breath_by_breath,COSMED K4b2,CC BY 4.0,https://doi.org/10.1371/journal.pone.0181311,"Reis VM, Garrido ND, Vianna J, Sousa AC, Alves JV, Marques MC (2017), PLOS ONE",GOLD,male,,27.5,,78.67,,mixed,BENCH_PRESS,horizontal_push,chest,compound,horizontal_push,,,,,,20.0,moderate,,,5.5777030000000005,primary_training_target,4.5232625,False,cohort_mean_substitution,1.0544405000000001
reis2017,reis2017,reis_lab_p7,indirect_calorimetry_breath_by_breath,COSMED K4b2,CC BY 4.0,https://doi.org/10.1371/journal.pone.0181311,"Reis VM, Garrido ND, Vianna J, Sousa AC, Alves JV, Marques MC (2017), PLOS ONE",GOLD,male,,27.5,,78.67,,mixed,BENCH_PRESS,horizontal_push,chest,compound,horizontal_push,,,,,,24.0,moderate,,,4.893274,primary_training_target,4.5232625,False,cohort_mean_substitution,0.3700114999999995
reis2017,reis2017,reis_lab_p7,indirect_calorimetry_breath_by_breath,COSMED K4b2,CC BY 4.0,https://doi.org/10.1371/journal.pone.0181311,"Reis VM, Garrido ND, Vianna J, Sousa AC, Alves JV, Marques MC (2017), PLOS ONE",GOLD,male,,27.5,,78.67,,mixed,BENCH_PRESS,horizontal_push,chest,compound,horizontal_push,,,,,,80.0,hard,,,12.839604828000002,primary_training_target,11.43235,False,cohort_mean_substitution,1.4072548280000028
reis2017,reis2017,reis_lab_p8,indirect_calorimetry_breath_by_breath,COSMED K4b2,CC BY 4.0,https://doi.org/10.1371/journal.pone.0181311,"Reis VM, Garrido ND, Vianna J, Sousa AC, Alves JV, Marques MC (2017), PLOS ONE",GOLD,male,,27.5,,78.67,,mixed,BENCH_PRESS,horizontal_push,chest,compound,horizontal_push,,,,,,12.0,light,,,4.0003695,primary_training_target,4.2391749999999995,False,cohort_mean_substitution,-0.23880549999999978
reis2017,reis2017,reis_lab_p8,indirect_calorimetry_breath_by_breath,COSMED K4b2,CC BY 4.0,https://doi.org/10.1371/journal.pone.0181311,"Reis VM, Garrido ND, Vianna J, Sousa AC, Alves JV, Marques MC (2017), PLOS ONE",GOLD,male,,27.5,,78.67,,mixed,BENCH_PRESS,horizontal_push,chest,compound,horizontal_push,,,,,,16.0,light,,,5.1725525,primary_training_target,4.2391749999999995,False,cohort_mean_substitution,0.9333775000000006
reis2017,reis2017,reis_lab_p8,indirect_calorimetry_breath_by_breath,COSMED K4b2,CC BY 4.0,https://doi.org/10.1371/journal.pone.0181311,"Reis VM, Garrido ND, Vianna J, Sousa AC, Alves JV, Marques MC (2017), PLOS ONE",GOLD,male,,27.5,,78.67,,mixed,BENCH_PRESS,horizontal_push,chest,compound,horizontal_push,,,,,,20.0,moderate,,,4.48419,primary_training_target,4.5232625,False,cohort_mean_substitution,-0.03907250000000051
reis2017,reis2017,reis_lab_p8,indirect_calorimetry_breath_by_breath,COSMED K4b2,CC BY 4.0,https://doi.org/10.1371/journal.pone.0181311,"Reis VM, Garrido ND, Vianna J, Sousa AC, Alves JV, Marques MC (2017), PLOS ONE",GOLD,male,,27.5,,78.67,,mixed,BENCH_PRESS,horizontal_push,chest,compound,horizontal_push,,,,,,24.0,moderate,,,6.4548735,primary_training_target,4.5232625,False,cohort_mean_substitution,1.9316109999999993
reis2017,reis2017,reis_lab_p8,indirect_calorimetry_breath_by_breath,COSMED K4b2,CC BY 4.0,https://doi.org/10.1371/journal.pone.0181311,"Reis VM, Garrido ND, Vianna J, Sousa AC, Alves JV, Marques MC (2017), PLOS ONE",GOLD,male,,27.5,,78.67,,mixed,BENCH_PRESS,horizontal_push,chest,compound,horizontal_push,,,,,,80.0,hard,,,15.127257625000002,primary_training_target,11.43235,False,cohort_mean_substitution,3.6949076250000026
reis2017,reis2017,reis_lab_p9,indirect_calorimetry_breath_by_breath,COSMED K4b2,CC BY 4.0,https://doi.org/10.1371/journal.pone.0181311,"Reis VM, Garrido ND, Vianna J, Sousa AC, Alves JV, Marques MC (2017), PLOS ONE",GOLD,male,,27.5,,78.67,,mixed,BENCH_PRESS,horizontal_push,chest,compound,horizontal_push,,,,,,12.0,light,,,4.071172499999999,primary_training_target,4.2391749999999995,False,cohort_mean_substitution,-0.16800250000000005
reis2017,reis2017,reis_lab_p9,indirect_calorimetry_breath_by_breath,COSMED K4b2,CC BY 4.0,https://doi.org/10.1371/journal.pone.0181311,"Reis VM, Garrido ND, Vianna J, Sousa AC, Alves JV, Marques MC (2017), PLOS ONE",GOLD,male,,27.5,,78.67,,mixed,BENCH_PRESS,horizontal_push,chest,compound,horizontal_push,,,,,,16.0,light,,,3.2097360000000004,primary_training_target,4.2391749999999995,False,cohort_mean_substitution,-1.029438999999999
reis2017,reis2017,reis_lab_p9,indirect_calorimetry_breath_by_breath,COSMED K4b2,CC BY 4.0,https://doi.org/10.1371/journal.pone.0181311,"Reis VM, Garrido ND, Vianna J, Sousa AC, Alves JV, Marques MC (2017), PLOS ONE",GOLD,male,,27.5,,78.67,,mixed,BENCH_PRESS,horizontal_push,chest,compound,horizontal_push,,,,,,20.0,moderate,,,4.6454635,primary_training_target,4.5232625,False,cohort_mean_substitution,0.12220099999999956
reis2017,reis2017,reis_lab_p9,indirect_calorimetry_breath_by_breath,COSMED K4b2,CC BY 4.0,https://doi.org/10.1371/journal.pone.0181311,"Reis VM, Garrido ND, Vianna J, Sousa AC, Alves JV, Marques MC (2017), PLOS ONE",GOLD,male,,27.5,,78.67,,mixed,BENCH_PRESS,horizontal_push,chest,compound,horizontal_push,,,,,,24.0,moderate,,,4.208845,primary_training_target,4.5232625,False,cohort_mean_substitution,-0.31441750000000024
reis2017,reis2017,reis_lab_p9,indirect_calorimetry_breath_by_breath,COSMED K4b2,CC BY 4.0,https://doi.org/10.1371/journal.pone.0181311,"Reis VM, Garrido ND, Vianna J, Sousa AC, Alves JV, Marques MC (2017), PLOS ONE",GOLD,male,,27.5,,78.67,,mixed,BENCH_PRESS,horizontal_push,chest,compound,horizontal_push,,,,,,80.0,hard,,,9.939152065999998,primary_training_target,11.43235,False,cohort_mean_substitution,-1.4931979340000012
reis2017,reis2017,reis_lab_p10,indirect_calorimetry_breath_by_breath,COSMED K4b2,CC BY 4.0,https://doi.org/10.1371/journal.pone.0181311,"Reis VM, Garrido ND, Vianna J, Sousa AC, Alves JV, Marques MC (2017), PLOS ONE",GOLD,male,,27.5,,78.67,,mixed,BENCH_PRESS,horizontal_push,chest,compound,horizontal_push,,,,,,12.0,light,,,3.6699555,primary_training_target,4.2391749999999995,False,cohort_mean_substitution,-0.5692194999999995
reis2017,reis2017,reis_lab_p10,indirect_calorimetry_breath_by_breath,COSMED K4b2,CC BY 4.0,https://doi.org/10.1371/journal.pone.0181311,"Reis VM, Garrido ND, Vianna J, Sousa AC, Alves JV, Marques MC (2017), PLOS ONE",GOLD,male,,27.5,,78.67,,mixed,BENCH_PRESS,horizontal_push,chest,compound,horizontal_push,,,,,,16.0,light,,,3.8548300000000006,primary_training_target,4.2391749999999995,False,cohort_mean_substitution,-0.3843449999999988
reis2017,reis2017,reis_lab_p10,indirect_calorimetry_breath_by_breath,COSMED K4b2,CC BY 4.0,https://doi.org/10.1371/journal.pone.0181311,"Reis VM, Garrido ND, Vianna J, Sousa AC, Alves JV, Marques MC (2017), PLOS ONE",GOLD,male,,27.5,,78.67,,mixed,BENCH_PRESS,horizontal_push,chest,compound,horizontal_push,,,,,,20.0,moderate,,,4.6297295,primary_training_target,4.5232625,False,cohort_mean_substitution,0.10646699999999942
reis2017,reis2017,reis_lab_p10,indirect_calorimetry_breath_by_breath,COSMED K4b2,CC BY 4.0,https://doi.org/10.1371/journal.pone.0181311,"Reis VM, Garrido ND, Vianna J, Sousa AC, Alves JV, Marques MC (2017), PLOS ONE",GOLD,male,,27.5,,78.67,,mixed,BENCH_PRESS,horizontal_push,chest,compound,horizontal_push,,,,,,24.0,moderate,,,4.5353255,primary_training_target,4.5232625,False,cohort_mean_substitution,0.01206299999999949
reis2017,reis2017,reis_lab_p10,indirect_calorimetry_breath_by_breath,COSMED K4b2,CC BY 4.0,https://doi.org/10.1371/journal.pone.0181311,"Reis VM, Garrido ND, Vianna J, Sousa AC, Alves JV, Marques MC (2017), PLOS ONE",GOLD,male,,27.5,,78.67,,mixed,BENCH_PRESS,horizontal_push,chest,compound,horizontal_push,,,,,,80.0,hard,,,11.164775597,primary_training_target,11.43235,False,cohort_mean_substitution,-0.26757440299999935
reis2017,reis2017,reis_lab_p11,indirect_calorimetry_breath_by_breath,COSMED K4b2,CC BY 4.0,https://doi.org/10.1371/journal.pone.0181311,"Reis VM, Garrido ND, Vianna J, Sousa AC, Alves JV, Marques MC (2017), PLOS ONE",GOLD,male,,27.5,,78.67,,mixed,BENCH_PRESS,horizontal_push,chest,compound,horizontal_push,,,,,,12.0,light,,,2.9107900000000004,primary_training_target,4.2391749999999995,False,cohort_mean_substitution,-1.328384999999999
reis2017,reis2017,reis_lab_p11,indirect_calorimetry_breath_by_breath,COSMED K4b2,CC BY 4.0,https://doi.org/10.1371/journal.pone.0181311,"Reis VM, Garrido ND, Vianna J, Sousa AC, Alves JV, Marques MC (2017), PLOS ONE",GOLD,male,,27.5,,78.67,,mixed,BENCH_PRESS,horizontal_push,chest,compound,horizontal_push,,,,,,16.0,light,,,3.1507335000000003,primary_training_target,4.2391749999999995,False,cohort_mean_substitution,-1.0884414999999992
reis2017,reis2017,reis_lab_p11,indirect_calorimetry_breath_by_breath,COSMED K4b2,CC BY 4.0,https://doi.org/10.1371/journal.pone.0181311,"Reis VM, Garrido ND, Vianna J, Sousa AC, Alves JV, Marques MC (2017), PLOS ONE",GOLD,male,,27.5,,78.67,,mixed,BENCH_PRESS,horizontal_push,chest,compound,horizontal_push,,,,,,20.0,moderate,,,3.0877975,primary_training_target,4.5232625,False,cohort_mean_substitution,-1.4354650000000002
reis2017,reis2017,reis_lab_p11,indirect_calorimetry_breath_by_breath,COSMED K4b2,CC BY 4.0,https://doi.org/10.1371/journal.pone.0181311,"Reis VM, Garrido ND, Vianna J, Sousa AC, Alves JV, Marques MC (2017), PLOS ONE",GOLD,male,,27.5,,78.67,,mixed,BENCH_PRESS,horizontal_push,chest,compound,horizontal_push,,,,,,24.0,moderate,,,3.06813,primary_training_target,4.5232625,False,cohort_mean_substitution,-1.4551325000000004
reis2017,reis2017,reis_lab_p11,indirect_calorimetry_breath_by_breath,COSMED K4b2,CC BY 4.0,https://doi.org/10.1371/journal.pone.0181311,"Reis VM, Garrido ND, Vianna J, Sousa AC, Alves JV, Marques MC (2017), PLOS ONE",GOLD,male,,27.5,,78.67,,mixed,BENCH_PRESS,horizontal_push,chest,compound,horizontal_push,,,,,,80.0,hard,,,5.993835832,primary_training_target,11.43235,False,cohort_mean_substitution,-5.438514167999999
reis2017,reis2017,reis_lab_p12,indirect_calorimetry_breath_by_breath,COSMED K4b2,CC BY 4.0,https://doi.org/10.1371/journal.pone.0181311,"Reis VM, Garrido ND, Vianna J, Sousa AC, Alves JV, Marques MC (2017), PLOS ONE",GOLD,male,,27.5,,78.67,,mixed,BENCH_PRESS,horizontal_push,chest,compound,horizontal_push,,,,,,12.0,light,,,3.8272955,primary_training_target,4.2391749999999995,False,cohort_mean_substitution,-0.4118794999999995
reis2017,reis2017,reis_lab_p12,indirect_calorimetry_breath_by_breath,COSMED K4b2,CC BY 4.0,https://doi.org/10.1371/journal.pone.0181311,"Reis VM, Garrido ND, Vianna J, Sousa AC, Alves JV, Marques MC (2017), PLOS ONE",GOLD,male,,27.5,,78.67,,mixed,BENCH_PRESS,horizontal_push,chest,compound,horizontal_push,,,,,,16.0,light,,,4.7202,primary_training_target,4.2391749999999995,False,cohort_mean_substitution,0.4810250000000007
reis2017,reis2017,reis_lab_p12,indirect_calorimetry_breath_by_breath,COSMED K4b2,CC BY 4.0,https://doi.org/10.1371/journal.pone.0181311,"Reis VM, Garrido ND, Vianna J, Sousa AC, Alves JV, Marques MC (2017), PLOS ONE",GOLD,male,,27.5,,78.67,,mixed,BENCH_PRESS,horizontal_push,chest,compound,horizontal_push,,,,,,20.0,moderate,,,3.7604260000000007,primary_training_target,4.5232625,False,cohort_mean_substitution,-0.7628364999999997
reis2017,reis2017,reis_lab_p12,indirect_calorimetry_breath_by_breath,COSMED K4b2,CC BY 4.0,https://doi.org/10.1371/journal.pone.0181311,"Reis VM, Garrido ND, Vianna J, Sousa AC, Alves JV, Marques MC (2017), PLOS ONE",GOLD,male,,27.5,,78.67,,mixed,BENCH_PRESS,horizontal_push,chest,compound,horizontal_push,,,,,,24.0,moderate,,,3.8744975,primary_training_target,4.5232625,False,cohort_mean_substitution,-0.6487650000000005
reis2017,reis2017,reis_lab_p12,indirect_calorimetry_breath_by_breath,COSMED K4b2,CC BY 4.0,https://doi.org/10.1371/journal.pone.0181311,"Reis VM, Garrido ND, Vianna J, Sousa AC, Alves JV, Marques MC (2017), PLOS ONE",GOLD,male,,27.5,,78.67,,mixed,BENCH_PRESS,horizontal_push,chest,compound,horizontal_push,,,,,,80.0,hard,,,8.858194798000001,primary_training_target,11.43235,False,cohort_mean_substitution,-2.5741552019999983
reis2017,reis2017,reis_lab_p13,indirect_calorimetry_breath_by_breath,COSMED K4b2,CC BY 4.0,https://doi.org/10.1371/journal.pone.0181311,"Reis VM, Garrido ND, Vianna J, Sousa AC, Alves JV, Marques MC (2017), PLOS ONE",GOLD,male,,27.5,,78.67,,mixed,BENCH_PRESS,horizontal_push,chest,compound,horizontal_push,,,,,,12.0,light,,,3.603086,primary_training_target,4.2391749999999995,False,cohort_mean_substitution,-0.6360889999999997
reis2017,reis2017,reis_lab_p13,indirect_calorimetry_breath_by_breath,COSMED K4b2,CC BY 4.0,https://doi.org/10.1371/journal.pone.0181311,"Reis VM, Garrido ND, Vianna J, Sousa AC, Alves JV, Marques MC (2017), PLOS ONE",GOLD,male,,27.5,,78.67,,mixed,BENCH_PRESS,horizontal_push,chest,compound,horizontal_push,,,,,,16.0,light,,,4.118374500000001,primary_training_target,4.2391749999999995,False,cohort_mean_substitution,-0.12080049999999876
reis2017,reis2017,reis_lab_p13,indirect_calorimetry_breath_by_breath,COSMED K4b2,CC BY 4.0,https://doi.org/10.1371/journal.pone.0181311,"Reis VM, Garrido ND, Vianna J, Sousa AC, Alves JV, Marques MC (2017), PLOS ONE",GOLD,male,,27.5,,78.67,,mixed,BENCH_PRESS,horizontal_push,chest,compound,horizontal_push,,,,,,20.0,moderate,,,4.071172499999999,primary_training_target,4.5232625,False,cohort_mean_substitution,-0.452090000000001
reis2017,reis2017,reis_lab_p13,indirect_calorimetry_breath_by_breath,COSMED K4b2,CC BY 4.0,https://doi.org/10.1371/journal.pone.0181311,"Reis VM, Garrido ND, Vianna J, Sousa AC, Alves JV, Marques MC (2017), PLOS ONE",GOLD,male,,27.5,,78.67,,mixed,BENCH_PRESS,horizontal_push,chest,compound,horizontal_push,,,,,,24.0,moderate,,,4.909008,primary_training_target,4.5232625,False,cohort_mean_substitution,0.38574549999999963
reis2017,reis2017,reis_lab_p13,indirect_calorimetry_breath_by_breath,COSMED K4b2,CC BY 4.0,https://doi.org/10.1371/journal.pone.0181311,"Reis VM, Garrido ND, Vianna J, Sousa AC, Alves JV, Marques MC (2017), PLOS ONE",GOLD,male,,27.5,,78.67,,mixed,BENCH_PRESS,horizontal_push,chest,compound,horizontal_push,,,,,,80.0,hard,,,11.508956847,primary_training_target,11.43235,False,cohort_mean_substitution,0.07660684700000076
reis2017,reis2017,reis_lab_p14,indirect_calorimetry_breath_by_breath,COSMED K4b2,CC BY 4.0,https://doi.org/10.1371/journal.pone.0181311,"Reis VM, Garrido ND, Vianna J, Sousa AC, Alves JV, Marques MC (2017), PLOS ONE",GOLD,male,,27.5,,78.67,,mixed,BENCH_PRESS,horizontal_push,chest,compound,horizontal_push,,,,,,12.0,light,,,4.936542500000001,primary_training_target,4.2391749999999995,False,cohort_mean_substitution,0.6973675000000013
reis2017,reis2017,reis_lab_p14,indirect_calorimetry_breath_by_breath,COSMED K4b2,CC BY 4.0,https://doi.org/10.1371/journal.pone.0181311,"Reis VM, Garrido ND, Vianna J, Sousa AC, Alves JV, Marques MC (2017), PLOS ONE",GOLD,male,,27.5,,78.67,,mixed,BENCH_PRESS,horizontal_push,chest,compound,horizontal_push,,,,,,16.0,light,,,3.728958,primary_training_target,4.2391749999999995,False,cohort_mean_substitution,-0.5102169999999995
reis2017,reis2017,reis_lab_p14,indirect_calorimetry_breath_by_breath,COSMED K4b2,CC BY 4.0,https://doi.org/10.1371/journal.pone.0181311,"Reis VM, Garrido ND, Vianna J, Sousa AC, Alves JV, Marques MC (2017), PLOS ONE",GOLD,male,,27.5,,78.67,,mixed,BENCH_PRESS,horizontal_push,chest,compound,horizontal_push,,,,,,20.0,moderate,,,6.073324,primary_training_target,4.5232625,False,cohort_mean_substitution,1.5500615
reis2017,reis2017,reis_lab_p14,indirect_calorimetry_breath_by_breath,COSMED K4b2,CC BY 4.0,https://doi.org/10.1371/journal.pone.0181311,"Reis VM, Garrido ND, Vianna J, Sousa AC, Alves JV, Marques MC (2017), PLOS ONE",GOLD,male,,27.5,,78.67,,mixed,BENCH_PRESS,horizontal_push,chest,compound,horizontal_push,,,,,,24.0,moderate,,,5.2590895,primary_training_target,4.5232625,False,cohort_mean_substitution,0.7358269999999996
reis2017,reis2017,reis_lab_p14,indirect_calorimetry_breath_by_breath,COSMED K4b2,CC BY 4.0,https://doi.org/10.1371/journal.pone.0181311,"Reis VM, Garrido ND, Vianna J, Sousa AC, Alves JV, Marques MC (2017), PLOS ONE",GOLD,male,,27.5,,78.67,,mixed,BENCH_PRESS,horizontal_push,chest,compound,horizontal_push,,,,,,80.0,hard,,,13.8773447315,primary_training_target,11.43235,False,cohort_mean_substitution,2.4449947314999996
reis2017,reis2017,reis_lab_p1,indirect_calorimetry_breath_by_breath,COSMED K4b2,CC BY 4.0,https://doi.org/10.1371/journal.pone.0181311,"Reis VM, Garrido ND, Vianna J, Sousa AC, Alves JV, Marques MC (2017), PLOS ONE",GOLD,male,,27.5,,78.67,,mixed,INCLINE_BENCH_PRESS,horizontal_push,upper_chest,compound,horizontal_push,,,,,,12.0,light,,,4.468456,primary_training_target,5.224175,False,cohort_mean_substitution,-0.755719
reis2017,reis2017,reis_lab_p1,indirect_calorimetry_breath_by_breath,COSMED K4b2,CC BY 4.0,https://doi.org/10.1371/journal.pone.0181311,"Reis VM, Garrido ND, Vianna J, Sousa AC, Alves JV, Marques MC (2017), PLOS ONE",GOLD,male,,27.5,,78.67,,mixed,INCLINE_BENCH_PRESS,horizontal_push,upper_chest,compound,horizontal_push,,,,,,16.0,light,,,5.298424499999999,primary_training_target,5.224175,False,cohort_mean_substitution,0.07424949999999964
reis2017,reis2017,reis_lab_p1,indirect_calorimetry_breath_by_breath,COSMED K4b2,CC BY 4.0,https://doi.org/10.1371/journal.pone.0181311,"Reis VM, Garrido ND, Vianna J, Sousa AC, Alves JV, Marques MC (2017), PLOS ONE",GOLD,male,,27.5,,78.67,,mixed,INCLINE_BENCH_PRESS,horizontal_push,upper_chest,compound,horizontal_push,,,,,,20.0,moderate,,,4.5117245,primary_training_target,6.1642625,False,cohort_mean_substitution,-1.6525380000000007
reis2017,reis2017,reis_lab_p1,indirect_calorimetry_breath_by_breath,COSMED K4b2,CC BY 4.0,https://doi.org/10.1371/journal.pone.0181311,"Reis VM, Garrido ND, Vianna J, Sousa AC, Alves JV, Marques MC (2017), PLOS ONE",GOLD,male,,27.5,,78.67,,mixed,INCLINE_BENCH_PRESS,horizontal_push,upper_chest,compound,horizontal_push,,,,,,24.0,moderate,,,5.357427,primary_training_target,6.1642625,False,cohort_mean_substitution,-0.8068355
reis2017,reis2017,reis_lab_p1,indirect_calorimetry_breath_by_breath,COSMED K4b2,CC BY 4.0,https://doi.org/10.1371/journal.pone.0181311,"Reis VM, Garrido ND, Vianna J, Sousa AC, Alves JV, Marques MC (2017), PLOS ONE",GOLD,male,,27.5,,78.67,,mixed,INCLINE_BENCH_PRESS,horizontal_push,upper_chest,compound,horizontal_push,,,,,,80.0,hard,,,14.2904055,primary_training_target,16.68235,False,cohort_mean_substitution,-2.3919444999999993
reis2017,reis2017,reis_lab_p2,indirect_calorimetry_breath_by_breath,COSMED K4b2,CC BY 4.0,https://doi.org/10.1371/journal.pone.0181311,"Reis VM, Garrido ND, Vianna J, Sousa AC, Alves JV, Marques MC (2017), PLOS ONE",GOLD,male,,27.5,,78.67,,mixed,INCLINE_BENCH_PRESS,horizontal_push,upper_chest,compound,horizontal_push,,,,,,12.0,light,,,3.54015,primary_training_target,5.224175,False,cohort_mean_substitution,-1.6840249999999997
reis2017,reis2017,reis_lab_p2,indirect_calorimetry_breath_by_breath,COSMED K4b2,CC BY 4.0,https://doi.org/10.1371/journal.pone.0181311,"Reis VM, Garrido ND, Vianna J, Sousa AC, Alves JV, Marques MC (2017), PLOS ONE",GOLD,male,,27.5,,78.67,,mixed,INCLINE_BENCH_PRESS,horizontal_push,upper_chest,compound,horizontal_push,,,,,,16.0,light,,,3.7722265,primary_training_target,5.224175,False,cohort_mean_substitution,-1.4519484999999999
reis2017,reis2017,reis_lab_p2,indirect_calorimetry_breath_by_breath,COSMED K4b2,CC BY 4.0,https://doi.org/10.1371/journal.pone.0181311,"Reis VM, Garrido ND, Vianna J, Sousa AC, Alves JV, Marques MC (2017), PLOS ONE",GOLD,male,,27.5,,78.67,,mixed,INCLINE_BENCH_PRESS,horizontal_push,upper_chest,compound,horizontal_push,,,,,,20.0,moderate,,,4.7634685,primary_training_target,6.1642625,False,cohort_mean_substitution,-1.4007940000000003
reis2017,reis2017,reis_lab_p2,indirect_calorimetry_breath_by_breath,COSMED K4b2,CC BY 4.0,https://doi.org/10.1371/journal.pone.0181311,"Reis VM, Garrido ND, Vianna J, Sousa AC, Alves JV, Marques MC (2017), PLOS ONE",GOLD,male,,27.5,,78.67,,mixed,INCLINE_BENCH_PRESS,horizontal_push,upper_chest,compound,horizontal_push,,,,,,24.0,moderate,,,6.277866,primary_training_target,6.1642625,False,cohort_mean_substitution,0.11360349999999997
reis2017,reis2017,reis_lab_p2,indirect_calorimetry_breath_by_breath,COSMED K4b2,CC BY 4.0,https://doi.org/10.1371/journal.pone.0181311,"Reis VM, Garrido ND, Vianna J, Sousa AC, Alves JV, Marques MC (2017), PLOS ONE",GOLD,male,,27.5,,78.67,,mixed,INCLINE_BENCH_PRESS,horizontal_push,upper_chest,compound,horizontal_push,,,,,,80.0,hard,,,9.6803435,primary_training_target,16.68235,False,cohort_mean_substitution,-7.0020065
reis2017,reis2017,reis_lab_p3,indirect_calorimetry_breath_by_breath,COSMED K4b2,CC BY 4.0,https://doi.org/10.1371/journal.pone.0181311,"Reis VM, Garrido ND, Vianna J, Sousa AC, Alves JV, Marques MC (2017), PLOS ONE",GOLD,male,,27.5,,78.67,,mixed,INCLINE_BENCH_PRESS,horizontal_push,upper_chest,compound,horizontal_push,,,,,,12.0,light,,,4.48419,primary_training_target,5.224175,False,cohort_mean_substitution,-0.7399849999999999
reis2017,reis2017,reis_lab_p3,indirect_calorimetry_breath_by_breath,COSMED K4b2,CC BY 4.0,https://doi.org/10.1371/journal.pone.0181311,"Reis VM, Garrido ND, Vianna J, Sousa AC, Alves JV, Marques MC (2017), PLOS ONE",GOLD,male,,27.5,,78.67,,mixed,INCLINE_BENCH_PRESS,horizontal_push,upper_chest,compound,horizontal_push,,,,,,16.0,light,,,4.6061285000000005,primary_training_target,5.224175,False,cohort_mean_substitution,-0.6180464999999993
reis2017,reis2017,reis_lab_p3,indirect_calorimetry_breath_by_breath,COSMED K4b2,CC BY 4.0,https://doi.org/10.1371/journal.pone.0181311,"Reis VM, Garrido ND, Vianna J, Sousa AC, Alves JV, Marques MC (2017), PLOS ONE",GOLD,male,,27.5,,78.67,,mixed,INCLINE_BENCH_PRESS,horizontal_push,upper_chest,compound,horizontal_push,,,,,,20.0,moderate,,,6.380137,primary_training_target,6.1642625,False,cohort_mean_substitution,0.21587449999999997
reis2017,reis2017,reis_lab_p3,indirect_calorimetry_breath_by_breath,COSMED K4b2,CC BY 4.0,https://doi.org/10.1371/journal.pone.0181311,"Reis VM, Garrido ND, Vianna J, Sousa AC, Alves JV, Marques MC (2017), PLOS ONE",GOLD,male,,27.5,,78.67,,mixed,INCLINE_BENCH_PRESS,horizontal_push,upper_chest,compound,horizontal_push,,,,,,24.0,moderate,,,6.073324,primary_training_target,6.1642625,False,cohort_mean_substitution,-0.09093850000000003
reis2017,reis2017,reis_lab_p3,indirect_calorimetry_breath_by_breath,COSMED K4b2,CC BY 4.0,https://doi.org/10.1371/journal.pone.0181311,"Reis VM, Garrido ND, Vianna J, Sousa AC, Alves JV, Marques MC (2017), PLOS ONE",GOLD,male,,27.5,,78.67,,mixed,INCLINE_BENCH_PRESS,horizontal_push,upper_chest,compound,horizontal_push,,,,,,80.0,hard,,,11.831968,primary_training_target,16.68235,False,cohort_mean_substitution,-4.850382
reis2017,reis2017,reis_lab_p4,indirect_calorimetry_breath_by_breath,COSMED K4b2,CC BY 4.0,https://doi.org/10.1371/journal.pone.0181311,"Reis VM, Garrido ND, Vianna J, Sousa AC, Alves JV, Marques MC (2017), PLOS ONE",GOLD,male,,27.5,,78.67,,mixed,INCLINE_BENCH_PRESS,horizontal_push,upper_chest,compound,horizontal_push,,,,,,12.0,light,,,6.250331500000001,primary_training_target,5.224175,False,cohort_mean_substitution,1.0261565000000008
reis2017,reis2017,reis_lab_p4,indirect_calorimetry_breath_by_breath,COSMED K4b2,CC BY 4.0,https://doi.org/10.1371/journal.pone.0181311,"Reis VM, Garrido ND, Vianna J, Sousa AC, Alves JV, Marques MC (2017), PLOS ONE",GOLD,male,,27.5,,78.67,,mixed,INCLINE_BENCH_PRESS,horizontal_push,upper_chest,compound,horizontal_push,,,,,,16.0,light,,,6.954428,primary_training_target,5.224175,False,cohort_mean_substitution,1.7302530000000003
reis2017,reis2017,reis_lab_p4,indirect_calorimetry_breath_by_breath,COSMED K4b2,CC BY 4.0,https://doi.org/10.1371/journal.pone.0181311,"Reis VM, Garrido ND, Vianna J, Sousa AC, Alves JV, Marques MC (2017), PLOS ONE",GOLD,male,,27.5,,78.67,,mixed,INCLINE_BENCH_PRESS,horizontal_push,upper_chest,compound,horizontal_push,,,,,,20.0,moderate,,,6.167728,primary_training_target,6.1642625,False,cohort_mean_substitution,0.003465499999999899
reis2017,reis2017,reis_lab_p4,indirect_calorimetry_breath_by_breath,COSMED K4b2,CC BY 4.0,https://doi.org/10.1371/journal.pone.0181311,"Reis VM, Garrido ND, Vianna J, Sousa AC, Alves JV, Marques MC (2017), PLOS ONE",GOLD,male,,27.5,,78.67,,mixed,INCLINE_BENCH_PRESS,horizontal_push,upper_chest,compound,horizontal_push,,,,,,24.0,moderate,,,7.198305,primary_training_target,6.1642625,False,cohort_mean_substitution,1.0340425
reis2017,reis2017,reis_lab_p4,indirect_calorimetry_breath_by_breath,COSMED K4b2,CC BY 4.0,https://doi.org/10.1371/journal.pone.0181311,"Reis VM, Garrido ND, Vianna J, Sousa AC, Alves JV, Marques MC (2017), PLOS ONE",GOLD,male,,27.5,,78.67,,mixed,INCLINE_BENCH_PRESS,horizontal_push,upper_chest,compound,horizontal_push,,,,,,80.0,hard,,,20.3637295,primary_training_target,16.68235,False,cohort_mean_substitution,3.681379500000002
reis2017,reis2017,reis_lab_p5,indirect_calorimetry_breath_by_breath,COSMED K4b2,CC BY 4.0,https://doi.org/10.1371/journal.pone.0181311,"Reis VM, Garrido ND, Vianna J, Sousa AC, Alves JV, Marques MC (2017), PLOS ONE",GOLD,male,,27.5,,78.67,,mixed,INCLINE_BENCH_PRESS,horizontal_push,upper_chest,compound,horizontal_push,,,,,,12.0,light,,,4.9286755,primary_training_target,5.224175,False,cohort_mean_substitution,-0.2954995
reis2017,reis2017,reis_lab_p5,indirect_calorimetry_breath_by_breath,COSMED K4b2,CC BY 4.0,https://doi.org/10.1371/journal.pone.0181311,"Reis VM, Garrido ND, Vianna J, Sousa AC, Alves JV, Marques MC (2017), PLOS ONE",GOLD,male,,27.5,,78.67,,mixed,INCLINE_BENCH_PRESS,horizontal_push,upper_chest,compound,horizontal_push,,,,,,16.0,light,,,6.584679,primary_training_target,5.224175,False,cohort_mean_substitution,1.3605040000000006
reis2017,reis2017,reis_lab_p5,indirect_calorimetry_breath_by_breath,COSMED K4b2,CC BY 4.0,https://doi.org/10.1371/journal.pone.0181311,"Reis VM, Garrido ND, Vianna J, Sousa AC, Alves JV, Marques MC (2017), PLOS ONE",GOLD,male,,27.5,,78.67,,mixed,INCLINE_BENCH_PRESS,horizontal_push,upper_chest,compound,horizontal_push,,,,,,20.0,moderate,,,7.3281105,primary_training_target,6.1642625,False,cohort_mean_substitution,1.1638479999999998
reis2017,reis2017,reis_lab_p5,indirect_calorimetry_breath_by_breath,COSMED K4b2,CC BY 4.0,https://doi.org/10.1371/journal.pone.0181311,"Reis VM, Garrido ND, Vianna J, Sousa AC, Alves JV, Marques MC (2017), PLOS ONE",GOLD,male,,27.5,,78.67,,mixed,INCLINE_BENCH_PRESS,horizontal_push,upper_chest,compound,horizontal_push,,,,,,24.0,moderate,,,8.264283500000001,primary_training_target,6.1642625,False,cohort_mean_substitution,2.100021000000001
reis2017,reis2017,reis_lab_p5,indirect_calorimetry_breath_by_breath,COSMED K4b2,CC BY 4.0,https://doi.org/10.1371/journal.pone.0181311,"Reis VM, Garrido ND, Vianna J, Sousa AC, Alves JV, Marques MC (2017), PLOS ONE",GOLD,male,,27.5,,78.67,,mixed,INCLINE_BENCH_PRESS,horizontal_push,upper_chest,compound,horizontal_push,,,,,,80.0,hard,,,22.971640000000004,primary_training_target,16.68235,False,cohort_mean_substitution,6.289290000000005
reis2017,reis2017,reis_lab_p6,indirect_calorimetry_breath_by_breath,COSMED K4b2,CC BY 4.0,https://doi.org/10.1371/journal.pone.0181311,"Reis VM, Garrido ND, Vianna J, Sousa AC, Alves JV, Marques MC (2017), PLOS ONE",GOLD,male,,27.5,,78.67,,mixed,INCLINE_BENCH_PRESS,horizontal_push,upper_chest,compound,horizontal_push,,,,,,12.0,light,,,5.9277845000000005,primary_training_target,5.224175,False,cohort_mean_substitution,0.7036095000000007
reis2017,reis2017,reis_lab_p6,indirect_calorimetry_breath_by_breath,COSMED K4b2,CC BY 4.0,https://doi.org/10.1371/journal.pone.0181311,"Reis VM, Garrido ND, Vianna J, Sousa AC, Alves JV, Marques MC (2017), PLOS ONE",GOLD,male,,27.5,,78.67,,mixed,INCLINE_BENCH_PRESS,horizontal_push,upper_chest,compound,horizontal_push,,,,,,16.0,light,,,5.2708900000000005,primary_training_target,5.224175,False,cohort_mean_substitution,0.04671500000000073
reis2017,reis2017,reis_lab_p6,indirect_calorimetry_breath_by_breath,COSMED K4b2,CC BY 4.0,https://doi.org/10.1371/journal.pone.0181311,"Reis VM, Garrido ND, Vianna J, Sousa AC, Alves JV, Marques MC (2017), PLOS ONE",GOLD,male,,27.5,,78.67,,mixed,INCLINE_BENCH_PRESS,horizontal_push,upper_chest,compound,horizontal_push,,,,,,20.0,moderate,,,10.109095,primary_training_target,6.1642625,False,cohort_mean_substitution,3.9448324999999995
reis2017,reis2017,reis_lab_p6,indirect_calorimetry_breath_by_breath,COSMED K4b2,CC BY 4.0,https://doi.org/10.1371/journal.pone.0181311,"Reis VM, Garrido ND, Vianna J, Sousa AC, Alves JV, Marques MC (2017), PLOS ONE",GOLD,male,,27.5,,78.67,,mixed,INCLINE_BENCH_PRESS,horizontal_push,upper_chest,compound,horizontal_push,,,,,,24.0,moderate,,,10.6243835,primary_training_target,6.1642625,False,cohort_mean_substitution,4.460121
reis2017,reis2017,reis_lab_p6,indirect_calorimetry_breath_by_breath,COSMED K4b2,CC BY 4.0,https://doi.org/10.1371/journal.pone.0181311,"Reis VM, Garrido ND, Vianna J, Sousa AC, Alves JV, Marques MC (2017), PLOS ONE",GOLD,male,,27.5,,78.67,,mixed,INCLINE_BENCH_PRESS,horizontal_push,upper_chest,compound,horizontal_push,,,,,,80.0,hard,,,31.7236775,primary_training_target,16.68235,False,cohort_mean_substitution,15.041327500000001
reis2017,reis2017,reis_lab_p7,indirect_calorimetry_breath_by_breath,COSMED K4b2,CC BY 4.0,https://doi.org/10.1371/journal.pone.0181311,"Reis VM, Garrido ND, Vianna J, Sousa AC, Alves JV, Marques MC (2017), PLOS ONE",GOLD,male,,27.5,,78.67,,mixed,INCLINE_BENCH_PRESS,horizontal_push,upper_chest,compound,horizontal_push,,,,,,12.0,light,,,5.424296499999999,primary_training_target,5.224175,False,cohort_mean_substitution,0.20012149999999895
reis2017,reis2017,reis_lab_p7,indirect_calorimetry_breath_by_breath,COSMED K4b2,CC BY 4.0,https://doi.org/10.1371/journal.pone.0181311,"Reis VM, Garrido ND, Vianna J, Sousa AC, Alves JV, Marques MC (2017), PLOS ONE",GOLD,male,,27.5,,78.67,,mixed,INCLINE_BENCH_PRESS,horizontal_push,upper_chest,compound,horizontal_push,,,,,,16.0,light,,,5.868782,primary_training_target,5.224175,False,cohort_mean_substitution,0.6446070000000006
reis2017,reis2017,reis_lab_p7,indirect_calorimetry_breath_by_breath,COSMED K4b2,CC BY 4.0,https://doi.org/10.1371/journal.pone.0181311,"Reis VM, Garrido ND, Vianna J, Sousa AC, Alves JV, Marques MC (2017), PLOS ONE",GOLD,male,,27.5,,78.67,,mixed,INCLINE_BENCH_PRESS,horizontal_push,upper_chest,compound,horizontal_push,,,,,,20.0,moderate,,,6.0890580000000005,primary_training_target,6.1642625,False,cohort_mean_substitution,-0.0752044999999999
reis2017,reis2017,reis_lab_p7,indirect_calorimetry_breath_by_breath,COSMED K4b2,CC BY 4.0,https://doi.org/10.1371/journal.pone.0181311,"Reis VM, Garrido ND, Vianna J, Sousa AC, Alves JV, Marques MC (2017), PLOS ONE",GOLD,male,,27.5,,78.67,,mixed,INCLINE_BENCH_PRESS,horizontal_push,upper_chest,compound,horizontal_push,,,,,,24.0,moderate,,,6.1244595,primary_training_target,6.1642625,False,cohort_mean_substitution,-0.03980300000000003
reis2017,reis2017,reis_lab_p7,indirect_calorimetry_breath_by_breath,COSMED K4b2,CC BY 4.0,https://doi.org/10.1371/journal.pone.0181311,"Reis VM, Garrido ND, Vianna J, Sousa AC, Alves JV, Marques MC (2017), PLOS ONE",GOLD,male,,27.5,,78.67,,mixed,INCLINE_BENCH_PRESS,horizontal_push,upper_chest,compound,horizontal_push,,,,,,80.0,hard,,,15.584527,primary_training_target,16.68235,False,cohort_mean_substitution,-1.097823
reis2017,reis2017,reis_lab_p8,indirect_calorimetry_breath_by_breath,COSMED K4b2,CC BY 4.0,https://doi.org/10.1371/journal.pone.0181311,"Reis VM, Garrido ND, Vianna J, Sousa AC, Alves JV, Marques MC (2017), PLOS ONE",GOLD,male,,27.5,,78.67,,mixed,INCLINE_BENCH_PRESS,horizontal_push,upper_chest,compound,horizontal_push,,,,,,12.0,light,,,4.216712000000001,primary_training_target,5.224175,False,cohort_mean_substitution,-1.0074629999999987
reis2017,reis2017,reis_lab_p8,indirect_calorimetry_breath_by_breath,COSMED K4b2,CC BY 4.0,https://doi.org/10.1371/journal.pone.0181311,"Reis VM, Garrido ND, Vianna J, Sousa AC, Alves JV, Marques MC (2017), PLOS ONE",GOLD,male,,27.5,,78.67,,mixed,INCLINE_BENCH_PRESS,horizontal_push,upper_chest,compound,horizontal_push,,,,,,16.0,light,,,4.696599,primary_training_target,5.224175,False,cohort_mean_substitution,-0.5275759999999998
reis2017,reis2017,reis_lab_p8,indirect_calorimetry_breath_by_breath,COSMED K4b2,CC BY 4.0,https://doi.org/10.1371/journal.pone.0181311,"Reis VM, Garrido ND, Vianna J, Sousa AC, Alves JV, Marques MC (2017), PLOS ONE",GOLD,male,,27.5,,78.67,,mixed,INCLINE_BENCH_PRESS,horizontal_push,upper_chest,compound,horizontal_push,,,,,,20.0,moderate,,,4.5982615,primary_training_target,6.1642625,False,cohort_mean_substitution,-1.5660010000000009
reis2017,reis2017,reis_lab_p8,indirect_calorimetry_breath_by_breath,COSMED K4b2,CC BY 4.0,https://doi.org/10.1371/journal.pone.0181311,"Reis VM, Garrido ND, Vianna J, Sousa AC, Alves JV, Marques MC (2017), PLOS ONE",GOLD,male,,27.5,,78.67,,mixed,INCLINE_BENCH_PRESS,horizontal_push,upper_chest,compound,horizontal_push,,,,,,24.0,moderate,,,6.6948170000000005,primary_training_target,6.1642625,False,cohort_mean_substitution,0.5305545
reis2017,reis2017,reis_lab_p8,indirect_calorimetry_breath_by_breath,COSMED K4b2,CC BY 4.0,https://doi.org/10.1371/journal.pone.0181311,"Reis VM, Garrido ND, Vianna J, Sousa AC, Alves JV, Marques MC (2017), PLOS ONE",GOLD,male,,27.5,,78.67,,mixed,INCLINE_BENCH_PRESS,horizontal_push,upper_chest,compound,horizontal_push,,,,,,80.0,hard,,,15.914941,primary_training_target,16.68235,False,cohort_mean_substitution,-0.7674089999999989
reis2017,reis2017,reis_lab_p9,indirect_calorimetry_breath_by_breath,COSMED K4b2,CC BY 4.0,https://doi.org/10.1371/journal.pone.0181311,"Reis VM, Garrido ND, Vianna J, Sousa AC, Alves JV, Marques MC (2017), PLOS ONE",GOLD,male,,27.5,,78.67,,mixed,INCLINE_BENCH_PRESS,horizontal_push,upper_chest,compound,horizontal_push,,,,,,12.0,light,,,7.155036500000001,primary_training_target,5.224175,False,cohort_mean_substitution,1.9308615000000016
reis2017,reis2017,reis_lab_p9,indirect_calorimetry_breath_by_breath,COSMED K4b2,CC BY 4.0,https://doi.org/10.1371/journal.pone.0181311,"Reis VM, Garrido ND, Vianna J, Sousa AC, Alves JV, Marques MC (2017), PLOS ONE",GOLD,male,,27.5,,78.67,,mixed,INCLINE_BENCH_PRESS,horizontal_push,upper_chest,compound,horizontal_push,,,,,,16.0,light,,,8.103010000000001,primary_training_target,5.224175,False,cohort_mean_substitution,2.8788350000000014
reis2017,reis2017,reis_lab_p9,indirect_calorimetry_breath_by_breath,COSMED K4b2,CC BY 4.0,https://doi.org/10.1371/journal.pone.0181311,"Reis VM, Garrido ND, Vianna J, Sousa AC, Alves JV, Marques MC (2017), PLOS ONE",GOLD,male,,27.5,,78.67,,mixed,INCLINE_BENCH_PRESS,horizontal_push,upper_chest,compound,horizontal_push,,,,,,20.0,moderate,,,7.0370315,primary_training_target,6.1642625,False,cohort_mean_substitution,0.8727689999999999
reis2017,reis2017,reis_lab_p9,indirect_calorimetry_breath_by_breath,COSMED K4b2,CC BY 4.0,https://doi.org/10.1371/journal.pone.0181311,"Reis VM, Garrido ND, Vianna J, Sousa AC, Alves JV, Marques MC (2017), PLOS ONE",GOLD,male,,27.5,,78.67,,mixed,INCLINE_BENCH_PRESS,horizontal_push,upper_chest,compound,horizontal_push,,,,,,24.0,moderate,,,6.891492,primary_training_target,6.1642625,False,cohort_mean_substitution,0.7272295
reis2017,reis2017,reis_lab_p9,indirect_calorimetry_breath_by_breath,COSMED K4b2,CC BY 4.0,https://doi.org/10.1371/journal.pone.0181311,"Reis VM, Garrido ND, Vianna J, Sousa AC, Alves JV, Marques MC (2017), PLOS ONE",GOLD,male,,27.5,,78.67,,mixed,INCLINE_BENCH_PRESS,horizontal_push,upper_chest,compound,horizontal_push,,,,,,80.0,hard,,,21.020624,primary_training_target,16.68235,False,cohort_mean_substitution,4.338274000000002
reis2017,reis2017,reis_lab_p10,indirect_calorimetry_breath_by_breath,COSMED K4b2,CC BY 4.0,https://doi.org/10.1371/journal.pone.0181311,"Reis VM, Garrido ND, Vianna J, Sousa AC, Alves JV, Marques MC (2017), PLOS ONE",GOLD,male,,27.5,,78.67,,mixed,INCLINE_BENCH_PRESS,horizontal_push,upper_chest,compound,horizontal_push,,,,,,12.0,light,,,5.0073455,primary_training_target,5.224175,False,cohort_mean_substitution,-0.21682950000000023
reis2017,reis2017,reis_lab_p10,indirect_calorimetry_breath_by_breath,COSMED K4b2,CC BY 4.0,https://doi.org/10.1371/journal.pone.0181311,"Reis VM, Garrido ND, Vianna J, Sousa AC, Alves JV, Marques MC (2017), PLOS ONE",GOLD,male,,27.5,,78.67,,mixed,INCLINE_BENCH_PRESS,horizontal_push,upper_chest,compound,horizontal_push,,,,,,16.0,light,,,6.482408,primary_training_target,5.224175,False,cohort_mean_substitution,1.2582330000000006
reis2017,reis2017,reis_lab_p10,indirect_calorimetry_breath_by_breath,COSMED K4b2,CC BY 4.0,https://doi.org/10.1371/journal.pone.0181311,"Reis VM, Garrido ND, Vianna J, Sousa AC, Alves JV, Marques MC (2017), PLOS ONE",GOLD,male,,27.5,,78.67,,mixed,INCLINE_BENCH_PRESS,horizontal_push,upper_chest,compound,horizontal_push,,,,,,20.0,moderate,,,5.255156,primary_training_target,6.1642625,False,cohort_mean_substitution,-0.9091065
reis2017,reis2017,reis_lab_p10,indirect_calorimetry_breath_by_breath,COSMED K4b2,CC BY 4.0,https://doi.org/10.1371/journal.pone.0181311,"Reis VM, Garrido ND, Vianna J, Sousa AC, Alves JV, Marques MC (2017), PLOS ONE",GOLD,male,,27.5,,78.67,,mixed,INCLINE_BENCH_PRESS,horizontal_push,upper_chest,compound,horizontal_push,,,,,,24.0,moderate,,,3.992502500000001,primary_training_target,6.1642625,False,cohort_mean_substitution,-2.1717599999999995
reis2017,reis2017,reis_lab_p10,indirect_calorimetry_breath_by_breath,COSMED K4b2,CC BY 4.0,https://doi.org/10.1371/journal.pone.0181311,"Reis VM, Garrido ND, Vianna J, Sousa AC, Alves JV, Marques MC (2017), PLOS ONE",GOLD,male,,27.5,,78.67,,mixed,INCLINE_BENCH_PRESS,horizontal_push,upper_chest,compound,horizontal_push,,,,,,80.0,hard,,,18.0941,primary_training_target,16.68235,False,cohort_mean_substitution,1.4117500000000014
reis2017,reis2017,reis_lab_p11,indirect_calorimetry_breath_by_breath,COSMED K4b2,CC BY 4.0,https://doi.org/10.1371/journal.pone.0181311,"Reis VM, Garrido ND, Vianna J, Sousa AC, Alves JV, Marques MC (2017), PLOS ONE",GOLD,male,,27.5,,78.67,,mixed,INCLINE_BENCH_PRESS,horizontal_push,upper_chest,compound,horizontal_push,,,,,,12.0,light,,,5.491166000000001,primary_training_target,5.224175,False,cohort_mean_substitution,0.26699100000000087
reis2017,reis2017,reis_lab_p11,indirect_calorimetry_breath_by_breath,COSMED K4b2,CC BY 4.0,https://doi.org/10.1371/journal.pone.0181311,"Reis VM, Garrido ND, Vianna J, Sousa AC, Alves JV, Marques MC (2017), PLOS ONE",GOLD,male,,27.5,,78.67,,mixed,INCLINE_BENCH_PRESS,horizontal_push,upper_chest,compound,horizontal_push,,,,,,16.0,light,,,6.167728,primary_training_target,5.224175,False,cohort_mean_substitution,0.9435530000000005
reis2017,reis2017,reis_lab_p11,indirect_calorimetry_breath_by_breath,COSMED K4b2,CC BY 4.0,https://doi.org/10.1371/journal.pone.0181311,"Reis VM, Garrido ND, Vianna J, Sousa AC, Alves JV, Marques MC (2017), PLOS ONE",GOLD,male,,27.5,,78.67,,mixed,INCLINE_BENCH_PRESS,horizontal_push,upper_chest,compound,horizontal_push,,,,,,20.0,moderate,,,5.8884495,primary_training_target,6.1642625,False,cohort_mean_substitution,-0.2758130000000003
reis2017,reis2017,reis_lab_p11,indirect_calorimetry_breath_by_breath,COSMED K4b2,CC BY 4.0,https://doi.org/10.1371/journal.pone.0181311,"Reis VM, Garrido ND, Vianna J, Sousa AC, Alves JV, Marques MC (2017), PLOS ONE",GOLD,male,,27.5,,78.67,,mixed,INCLINE_BENCH_PRESS,horizontal_push,upper_chest,compound,horizontal_push,,,,,,24.0,moderate,,,4.570727,primary_training_target,6.1642625,False,cohort_mean_substitution,-1.5935355000000007
reis2017,reis2017,reis_lab_p11,indirect_calorimetry_breath_by_breath,COSMED K4b2,CC BY 4.0,https://doi.org/10.1371/journal.pone.0181311,"Reis VM, Garrido ND, Vianna J, Sousa AC, Alves JV, Marques MC (2017), PLOS ONE",GOLD,male,,27.5,,78.67,,mixed,INCLINE_BENCH_PRESS,horizontal_push,upper_chest,compound,horizontal_push,,,,,,80.0,hard,,,19.518027,primary_training_target,16.68235,False,cohort_mean_substitution,2.8356770000000004
reis2017,reis2017,reis_lab_p12,indirect_calorimetry_breath_by_breath,COSMED K4b2,CC BY 4.0,https://doi.org/10.1371/journal.pone.0181311,"Reis VM, Garrido ND, Vianna J, Sousa AC, Alves JV, Marques MC (2017), PLOS ONE",GOLD,male,,27.5,,78.67,,mixed,INCLINE_BENCH_PRESS,horizontal_push,upper_chest,compound,horizontal_push,,,,,,12.0,light,,,4.1970445000000005,primary_training_target,5.224175,False,cohort_mean_substitution,-1.0271304999999993
reis2017,reis2017,reis_lab_p12,indirect_calorimetry_breath_by_breath,COSMED K4b2,CC BY 4.0,https://doi.org/10.1371/journal.pone.0181311,"Reis VM, Garrido ND, Vianna J, Sousa AC, Alves JV, Marques MC (2017), PLOS ONE",GOLD,male,,27.5,,78.67,,mixed,INCLINE_BENCH_PRESS,horizontal_push,upper_chest,compound,horizontal_push,,,,,,16.0,light,,,3.8744975,primary_training_target,5.224175,False,cohort_mean_substitution,-1.3496774999999999
reis2017,reis2017,reis_lab_p12,indirect_calorimetry_breath_by_breath,COSMED K4b2,CC BY 4.0,https://doi.org/10.1371/journal.pone.0181311,"Reis VM, Garrido ND, Vianna J, Sousa AC, Alves JV, Marques MC (2017), PLOS ONE",GOLD,male,,27.5,,78.67,,mixed,INCLINE_BENCH_PRESS,horizontal_push,upper_chest,compound,horizontal_push,,,,,,20.0,moderate,,,4.2599805,primary_training_target,6.1642625,False,cohort_mean_substitution,-1.9042820000000003
reis2017,reis2017,reis_lab_p12,indirect_calorimetry_breath_by_breath,COSMED K4b2,CC BY 4.0,https://doi.org/10.1371/journal.pone.0181311,"Reis VM, Garrido ND, Vianna J, Sousa AC, Alves JV, Marques MC (2017), PLOS ONE",GOLD,male,,27.5,,78.67,,mixed,INCLINE_BENCH_PRESS,horizontal_push,upper_chest,compound,horizontal_push,,,,,,24.0,moderate,,,4.374052,primary_training_target,6.1642625,False,cohort_mean_substitution,-1.7902105000000006
reis2017,reis2017,reis_lab_p12,indirect_calorimetry_breath_by_breath,COSMED K4b2,CC BY 4.0,https://doi.org/10.1371/journal.pone.0181311,"Reis VM, Garrido ND, Vianna J, Sousa AC, Alves JV, Marques MC (2017), PLOS ONE",GOLD,male,,27.5,,78.67,,mixed,INCLINE_BENCH_PRESS,horizontal_push,upper_chest,compound,horizontal_push,,,,,,80.0,hard,,,10.553580500000002,primary_training_target,16.68235,False,cohort_mean_substitution,-6.128769499999997
reis2017,reis2017,reis_lab_p13,indirect_calorimetry_breath_by_breath,COSMED K4b2,CC BY 4.0,https://doi.org/10.1371/journal.pone.0181311,"Reis VM, Garrido ND, Vianna J, Sousa AC, Alves JV, Marques MC (2017), PLOS ONE",GOLD,male,,27.5,,78.67,,mixed,INCLINE_BENCH_PRESS,horizontal_push,upper_chest,compound,horizontal_push,,,,,,12.0,light,,,4.4409215,primary_training_target,5.224175,False,cohort_mean_substitution,-0.7832534999999998
reis2017,reis2017,reis_lab_p13,indirect_calorimetry_breath_by_breath,COSMED K4b2,CC BY 4.0,https://doi.org/10.1371/journal.pone.0181311,"Reis VM, Garrido ND, Vianna J, Sousa AC, Alves JV, Marques MC (2017), PLOS ONE",GOLD,male,,27.5,,78.67,,mixed,INCLINE_BENCH_PRESS,horizontal_push,upper_chest,compound,horizontal_push,,,,,,16.0,light,,,4.712333,primary_training_target,5.224175,False,cohort_mean_substitution,-0.5118419999999997
reis2017,reis2017,reis_lab_p13,indirect_calorimetry_breath_by_breath,COSMED K4b2,CC BY 4.0,https://doi.org/10.1371/journal.pone.0181311,"Reis VM, Garrido ND, Vianna J, Sousa AC, Alves JV, Marques MC (2017), PLOS ONE",GOLD,male,,27.5,,78.67,,mixed,INCLINE_BENCH_PRESS,horizontal_push,upper_chest,compound,horizontal_push,,,,,,20.0,moderate,,,4.3504510000000005,primary_training_target,6.1642625,False,cohort_mean_substitution,-1.8138115
reis2017,reis2017,reis_lab_p13,indirect_calorimetry_breath_by_breath,COSMED K4b2,CC BY 4.0,https://doi.org/10.1371/journal.pone.0181311,"Reis VM, Garrido ND, Vianna J, Sousa AC, Alves JV, Marques MC (2017), PLOS ONE",GOLD,male,,27.5,,78.67,,mixed,INCLINE_BENCH_PRESS,horizontal_push,upper_chest,compound,horizontal_push,,,,,,24.0,moderate,,,5.0702815,primary_training_target,6.1642625,False,cohort_mean_substitution,-1.0939810000000003
reis2017,reis2017,reis_lab_p13,indirect_calorimetry_breath_by_breath,COSMED K4b2,CC BY 4.0,https://doi.org/10.1371/journal.pone.0181311,"Reis VM, Garrido ND, Vianna J, Sousa AC, Alves JV, Marques MC (2017), PLOS ONE",GOLD,male,,27.5,,78.67,,mixed,INCLINE_BENCH_PRESS,horizontal_push,upper_chest,compound,horizontal_push,,,,,,80.0,hard,,,12.1584485,primary_training_target,16.68235,False,cohort_mean_substitution,-4.523901499999999
reis2017,reis2017,reis_lab_p14,indirect_calorimetry_breath_by_breath,COSMED K4b2,CC BY 4.0,https://doi.org/10.1371/journal.pone.0181311,"Reis VM, Garrido ND, Vianna J, Sousa AC, Alves JV, Marques MC (2017), PLOS ONE",GOLD,male,,27.5,,78.67,,mixed,INCLINE_BENCH_PRESS,horizontal_push,upper_chest,compound,horizontal_push,,,,,,12.0,light,,,4.570727,primary_training_target,5.224175,False,cohort_mean_substitution,-0.653448
reis2017,reis2017,reis_lab_p14,indirect_calorimetry_breath_by_breath,COSMED K4b2,CC BY 4.0,https://doi.org/10.1371/journal.pone.0181311,"Reis VM, Garrido ND, Vianna J, Sousa AC, Alves JV, Marques MC (2017), PLOS ONE",GOLD,male,,27.5,,78.67,,mixed,INCLINE_BENCH_PRESS,horizontal_push,upper_chest,compound,horizontal_push,,,,,,16.0,light,,,4.586461,primary_training_target,5.224175,False,cohort_mean_substitution,-0.6377139999999999
reis2017,reis2017,reis_lab_p14,indirect_calorimetry_breath_by_breath,COSMED K4b2,CC BY 4.0,https://doi.org/10.1371/journal.pone.0181311,"Reis VM, Garrido ND, Vianna J, Sousa AC, Alves JV, Marques MC (2017), PLOS ONE",GOLD,male,,27.5,,78.67,,mixed,INCLINE_BENCH_PRESS,horizontal_push,upper_chest,compound,horizontal_push,,,,,,20.0,moderate,,,3.917766,primary_training_target,6.1642625,False,cohort_mean_substitution,-2.2464965000000006
reis2017,reis2017,reis_lab_p14,indirect_calorimetry_breath_by_breath,COSMED K4b2,CC BY 4.0,https://doi.org/10.1371/journal.pone.0181311,"Reis VM, Garrido ND, Vianna J, Sousa AC, Alves JV, Marques MC (2017), PLOS ONE",GOLD,male,,27.5,,78.67,,mixed,INCLINE_BENCH_PRESS,horizontal_push,upper_chest,compound,horizontal_push,,,,,,24.0,moderate,,,4.594328,primary_training_target,6.1642625,False,cohort_mean_substitution,-1.5699345000000005
reis2017,reis2017,reis_lab_p14,indirect_calorimetry_breath_by_breath,COSMED K4b2,CC BY 4.0,https://doi.org/10.1371/journal.pone.0181311,"Reis VM, Garrido ND, Vianna J, Sousa AC, Alves JV, Marques MC (2017), PLOS ONE",GOLD,male,,27.5,,78.67,,mixed,INCLINE_BENCH_PRESS,horizontal_push,upper_chest,compound,horizontal_push,,,,,,80.0,hard,,,11.163273,primary_training_target,16.68235,False,cohort_mean_substitution,-5.519076999999999
reis2017,reis2017,reis_lab_p1,indirect_calorimetry_breath_by_breath,COSMED K4b2,CC BY 4.0,https://doi.org/10.1371/journal.pone.0181311,"Reis VM, Garrido ND, Vianna J, Sousa AC, Alves JV, Marques MC (2017), PLOS ONE",GOLD,male,,27.5,,78.67,,mixed,LAT_PULLDOWN,vertical_pull,lats,compound,vertical_pull,,,,,,12.0,light,,,4.043638,primary_training_target,3.2861749999999996,False,cohort_mean_substitution,0.757463
reis2017,reis2017,reis_lab_p1,indirect_calorimetry_breath_by_breath,COSMED K4b2,CC BY 4.0,https://doi.org/10.1371/journal.pone.0181311,"Reis VM, Garrido ND, Vianna J, Sousa AC, Alves JV, Marques MC (2017), PLOS ONE",GOLD,male,,27.5,,78.67,,mixed,LAT_PULLDOWN,vertical_pull,lats,compound,vertical_pull,,,,,,16.0,light,,,4.043638,primary_training_target,3.2861749999999996,False,cohort_mean_substitution,0.757463
reis2017,reis2017,reis_lab_p1,indirect_calorimetry_breath_by_breath,COSMED K4b2,CC BY 4.0,https://doi.org/10.1371/journal.pone.0181311,"Reis VM, Garrido ND, Vianna J, Sousa AC, Alves JV, Marques MC (2017), PLOS ONE",GOLD,male,,27.5,,78.67,,mixed,LAT_PULLDOWN,vertical_pull,lats,compound,vertical_pull,,,,,,20.0,moderate,,,5.369227500000001,primary_training_target,4.2892625,False,cohort_mean_substitution,1.0799650000000005
reis2017,reis2017,reis_lab_p1,indirect_calorimetry_breath_by_breath,COSMED K4b2,CC BY 4.0,https://doi.org/10.1371/journal.pone.0181311,"Reis VM, Garrido ND, Vianna J, Sousa AC, Alves JV, Marques MC (2017), PLOS ONE",GOLD,male,,27.5,,78.67,,mixed,LAT_PULLDOWN,vertical_pull,lats,compound,vertical_pull,,,,,,24.0,moderate,,,5.156818499999999,primary_training_target,4.2892625,False,cohort_mean_substitution,0.8675559999999987
reis2017,reis2017,reis_lab_p1,indirect_calorimetry_breath_by_breath,COSMED K4b2,CC BY 4.0,https://doi.org/10.1371/journal.pone.0181311,"Reis VM, Garrido ND, Vianna J, Sousa AC, Alves JV, Marques MC (2017), PLOS ONE",GOLD,male,,27.5,,78.67,,mixed,LAT_PULLDOWN,vertical_pull,lats,compound,vertical_pull,,,,,,80.0,hard,,,13.9602235765,primary_training_target,9.510349999999999,False,cohort_mean_substitution,4.449873576500002
reis2017,reis2017,reis_lab_p2,indirect_calorimetry_breath_by_breath,COSMED K4b2,CC BY 4.0,https://doi.org/10.1371/journal.pone.0181311,"Reis VM, Garrido ND, Vianna J, Sousa AC, Alves JV, Marques MC (2017), PLOS ONE",GOLD,male,,27.5,,78.67,,mixed,LAT_PULLDOWN,vertical_pull,lats,compound,vertical_pull,,,,,,12.0,light,,,3.075997,primary_training_target,3.2861749999999996,False,cohort_mean_substitution,-0.21017799999999953
reis2017,reis2017,reis_lab_p2,indirect_calorimetry_breath_by_breath,COSMED K4b2,CC BY 4.0,https://doi.org/10.1371/journal.pone.0181311,"Reis VM, Garrido ND, Vianna J, Sousa AC, Alves JV, Marques MC (2017), PLOS ONE",GOLD,male,,27.5,,78.67,,mixed,LAT_PULLDOWN,vertical_pull,lats,compound,vertical_pull,,,,,,16.0,light,,,3.548017,primary_training_target,3.2861749999999996,False,cohort_mean_substitution,0.2618420000000006
reis2017,reis2017,reis_lab_p2,indirect_calorimetry_breath_by_breath,COSMED K4b2,CC BY 4.0,https://doi.org/10.1371/journal.pone.0181311,"Reis VM, Garrido ND, Vianna J, Sousa AC, Alves JV, Marques MC (2017), PLOS ONE",GOLD,male,,27.5,,78.67,,mixed,LAT_PULLDOWN,vertical_pull,lats,compound,vertical_pull,,,,,,20.0,moderate,,,3.4929480000000006,primary_training_target,4.2892625,False,cohort_mean_substitution,-0.7963144999999998
reis2017,reis2017,reis_lab_p2,indirect_calorimetry_breath_by_breath,COSMED K4b2,CC BY 4.0,https://doi.org/10.1371/journal.pone.0181311,"Reis VM, Garrido ND, Vianna J, Sousa AC, Alves JV, Marques MC (2017), PLOS ONE",GOLD,male,,27.5,,78.67,,mixed,LAT_PULLDOWN,vertical_pull,lats,compound,vertical_pull,,,,,,24.0,moderate,,,4.334717,primary_training_target,4.2892625,False,cohort_mean_substitution,0.04545449999999995
reis2017,reis2017,reis_lab_p2,indirect_calorimetry_breath_by_breath,COSMED K4b2,CC BY 4.0,https://doi.org/10.1371/journal.pone.0181311,"Reis VM, Garrido ND, Vianna J, Sousa AC, Alves JV, Marques MC (2017), PLOS ONE",GOLD,male,,27.5,,78.67,,mixed,LAT_PULLDOWN,vertical_pull,lats,compound,vertical_pull,,,,,,80.0,hard,,,9.8074860205,primary_training_target,9.510349999999999,False,cohort_mean_substitution,0.29713602050000176
reis2017,reis2017,reis_lab_p3,indirect_calorimetry_breath_by_breath,COSMED K4b2,CC BY 4.0,https://doi.org/10.1371/journal.pone.0181311,"Reis VM, Garrido ND, Vianna J, Sousa AC, Alves JV, Marques MC (2017), PLOS ONE",GOLD,male,,27.5,,78.67,,mixed,LAT_PULLDOWN,vertical_pull,lats,compound,vertical_pull,,,,,,12.0,light,,,3.4418125000000006,primary_training_target,3.2861749999999996,False,cohort_mean_substitution,0.15563750000000098
reis2017,reis2017,reis_lab_p3,indirect_calorimetry_breath_by_breath,COSMED K4b2,CC BY 4.0,https://doi.org/10.1371/journal.pone.0181311,"Reis VM, Garrido ND, Vianna J, Sousa AC, Alves JV, Marques MC (2017), PLOS ONE",GOLD,male,,27.5,,78.67,,mixed,LAT_PULLDOWN,vertical_pull,lats,compound,vertical_pull,,,,,,16.0,light,,,3.595219,primary_training_target,3.2861749999999996,False,cohort_mean_substitution,0.30904400000000054
reis2017,reis2017,reis_lab_p3,indirect_calorimetry_breath_by_breath,COSMED K4b2,CC BY 4.0,https://doi.org/10.1371/journal.pone.0181311,"Reis VM, Garrido ND, Vianna J, Sousa AC, Alves JV, Marques MC (2017), PLOS ONE",GOLD,male,,27.5,,78.67,,mixed,LAT_PULLDOWN,vertical_pull,lats,compound,vertical_pull,,,,,,20.0,moderate,,,3.4339455,primary_training_target,4.2892625,False,cohort_mean_substitution,-0.8553170000000003
reis2017,reis2017,reis_lab_p3,indirect_calorimetry_breath_by_breath,COSMED K4b2,CC BY 4.0,https://doi.org/10.1371/journal.pone.0181311,"Reis VM, Garrido ND, Vianna J, Sousa AC, Alves JV, Marques MC (2017), PLOS ONE",GOLD,male,,27.5,,78.67,,mixed,LAT_PULLDOWN,vertical_pull,lats,compound,vertical_pull,,,,,,24.0,moderate,,,3.9610345,primary_training_target,4.2892625,False,cohort_mean_substitution,-0.32822800000000063
reis2017,reis2017,reis_lab_p3,indirect_calorimetry_breath_by_breath,COSMED K4b2,CC BY 4.0,https://doi.org/10.1371/journal.pone.0181311,"Reis VM, Garrido ND, Vianna J, Sousa AC, Alves JV, Marques MC (2017), PLOS ONE",GOLD,male,,27.5,,78.67,,mixed,LAT_PULLDOWN,vertical_pull,lats,compound,vertical_pull,,,,,,80.0,hard,,,8.617692741,primary_training_target,9.510349999999999,False,cohort_mean_substitution,-0.8926572589999981
reis2017,reis2017,reis_lab_p4,indirect_calorimetry_breath_by_breath,COSMED K4b2,CC BY 4.0,https://doi.org/10.1371/journal.pone.0181311,"Reis VM, Garrido ND, Vianna J, Sousa AC, Alves JV, Marques MC (2017), PLOS ONE",GOLD,male,,27.5,,78.67,,mixed,LAT_PULLDOWN,vertical_pull,lats,compound,vertical_pull,,,,,,12.0,light,,,2.737716,primary_training_target,3.2861749999999996,False,cohort_mean_substitution,-0.5484589999999998
reis2017,reis2017,reis_lab_p4,indirect_calorimetry_breath_by_breath,COSMED K4b2,CC BY 4.0,https://doi.org/10.1371/journal.pone.0181311,"Reis VM, Garrido ND, Vianna J, Sousa AC, Alves JV, Marques MC (2017), PLOS ONE",GOLD,male,,27.5,,78.67,,mixed,LAT_PULLDOWN,vertical_pull,lats,compound,vertical_pull,,,,,,16.0,light,,,2.5056395,primary_training_target,3.2861749999999996,False,cohort_mean_substitution,-0.7805354999999996
reis2017,reis2017,reis_lab_p4,indirect_calorimetry_breath_by_breath,COSMED K4b2,CC BY 4.0,https://doi.org/10.1371/journal.pone.0181311,"Reis VM, Garrido ND, Vianna J, Sousa AC, Alves JV, Marques MC (2017), PLOS ONE",GOLD,male,,27.5,,78.67,,mixed,LAT_PULLDOWN,vertical_pull,lats,compound,vertical_pull,,,,,,20.0,moderate,,,3.8548300000000006,primary_training_target,4.2892625,False,cohort_mean_substitution,-0.4344324999999998
reis2017,reis2017,reis_lab_p4,indirect_calorimetry_breath_by_breath,COSMED K4b2,CC BY 4.0,https://doi.org/10.1371/journal.pone.0181311,"Reis VM, Garrido ND, Vianna J, Sousa AC, Alves JV, Marques MC (2017), PLOS ONE",GOLD,male,,27.5,,78.67,,mixed,LAT_PULLDOWN,vertical_pull,lats,compound,vertical_pull,,,,,,24.0,moderate,,,3.77616,primary_training_target,4.2892625,False,cohort_mean_substitution,-0.5131025000000005
reis2017,reis2017,reis_lab_p4,indirect_calorimetry_breath_by_breath,COSMED K4b2,CC BY 4.0,https://doi.org/10.1371/journal.pone.0181311,"Reis VM, Garrido ND, Vianna J, Sousa AC, Alves JV, Marques MC (2017), PLOS ONE",GOLD,male,,27.5,,78.67,,mixed,LAT_PULLDOWN,vertical_pull,lats,compound,vertical_pull,,,,,,80.0,hard,,,8.293584141499998,primary_training_target,9.510349999999999,False,cohort_mean_substitution,-1.2167658585000005
reis2017,reis2017,reis_lab_p5,indirect_calorimetry_breath_by_breath,COSMED K4b2,CC BY 4.0,https://doi.org/10.1371/journal.pone.0181311,"Reis VM, Garrido ND, Vianna J, Sousa AC, Alves JV, Marques MC (2017), PLOS ONE",GOLD,male,,27.5,,78.67,,mixed,LAT_PULLDOWN,vertical_pull,lats,compound,vertical_pull,,,,,,12.0,light,,,3.1113985000000004,primary_training_target,3.2861749999999996,False,cohort_mean_substitution,-0.17477649999999922
reis2017,reis2017,reis_lab_p5,indirect_calorimetry_breath_by_breath,COSMED K4b2,CC BY 4.0,https://doi.org/10.1371/journal.pone.0181311,"Reis VM, Garrido ND, Vianna J, Sousa AC, Alves JV, Marques MC (2017), PLOS ONE",GOLD,male,,27.5,,78.67,,mixed,LAT_PULLDOWN,vertical_pull,lats,compound,vertical_pull,,,,,,16.0,light,,,2.918657,primary_training_target,3.2861749999999996,False,cohort_mean_substitution,-0.36751799999999957
reis2017,reis2017,reis_lab_p5,indirect_calorimetry_breath_by_breath,COSMED K4b2,CC BY 4.0,https://doi.org/10.1371/journal.pone.0181311,"Reis VM, Garrido ND, Vianna J, Sousa AC, Alves JV, Marques MC (2017), PLOS ONE",GOLD,male,,27.5,,78.67,,mixed,LAT_PULLDOWN,vertical_pull,lats,compound,vertical_pull,,,,,,20.0,moderate,,,3.626687,primary_training_target,4.2892625,False,cohort_mean_substitution,-0.6625755000000004
reis2017,reis2017,reis_lab_p5,indirect_calorimetry_breath_by_breath,COSMED K4b2,CC BY 4.0,https://doi.org/10.1371/journal.pone.0181311,"Reis VM, Garrido ND, Vianna J, Sousa AC, Alves JV, Marques MC (2017), PLOS ONE",GOLD,male,,27.5,,78.67,,mixed,LAT_PULLDOWN,vertical_pull,lats,compound,vertical_pull,,,,,,24.0,moderate,,,3.7800935,primary_training_target,4.2892625,False,cohort_mean_substitution,-0.5091690000000004
reis2017,reis2017,reis_lab_p5,indirect_calorimetry_breath_by_breath,COSMED K4b2,CC BY 4.0,https://doi.org/10.1371/journal.pone.0181311,"Reis VM, Garrido ND, Vianna J, Sousa AC, Alves JV, Marques MC (2017), PLOS ONE",GOLD,male,,27.5,,78.67,,mixed,LAT_PULLDOWN,vertical_pull,lats,compound,vertical_pull,,,,,,80.0,hard,,,8.098305534,primary_training_target,9.510349999999999,False,cohort_mean_substitution,-1.4120444659999993
reis2017,reis2017,reis_lab_p6,indirect_calorimetry_breath_by_breath,COSMED K4b2,CC BY 4.0,https://doi.org/10.1371/journal.pone.0181311,"Reis VM, Garrido ND, Vianna J, Sousa AC, Alves JV, Marques MC (2017), PLOS ONE",GOLD,male,,27.5,,78.67,,mixed,LAT_PULLDOWN,vertical_pull,lats,compound,vertical_pull,,,,,,12.0,light,,,3.8587635,primary_training_target,3.2861749999999996,False,cohort_mean_substitution,0.5725885000000002
reis2017,reis2017,reis_lab_p6,indirect_calorimetry_breath_by_breath,COSMED K4b2,CC BY 4.0,https://doi.org/10.1371/journal.pone.0181311,"Reis VM, Garrido ND, Vianna J, Sousa AC, Alves JV, Marques MC (2017), PLOS ONE",GOLD,male,,27.5,,78.67,,mixed,LAT_PULLDOWN,vertical_pull,lats,compound,vertical_pull,,,,,,16.0,light,,,3.2215365,primary_training_target,3.2861749999999996,False,cohort_mean_substitution,-0.0646384999999996
reis2017,reis2017,reis_lab_p6,indirect_calorimetry_breath_by_breath,COSMED K4b2,CC BY 4.0,https://doi.org/10.1371/journal.pone.0181311,"Reis VM, Garrido ND, Vianna J, Sousa AC, Alves JV, Marques MC (2017), PLOS ONE",GOLD,male,,27.5,,78.67,,mixed,LAT_PULLDOWN,vertical_pull,lats,compound,vertical_pull,,,,,,20.0,moderate,,,3.721091000000001,primary_training_target,4.2892625,False,cohort_mean_substitution,-0.5681714999999996
reis2017,reis2017,reis_lab_p6,indirect_calorimetry_breath_by_breath,COSMED K4b2,CC BY 4.0,https://doi.org/10.1371/journal.pone.0181311,"Reis VM, Garrido ND, Vianna J, Sousa AC, Alves JV, Marques MC (2017), PLOS ONE",GOLD,male,,27.5,,78.67,,mixed,LAT_PULLDOWN,vertical_pull,lats,compound,vertical_pull,,,,,,24.0,moderate,,,3.6070195,primary_training_target,4.2892625,False,cohort_mean_substitution,-0.6822430000000006
reis2017,reis2017,reis_lab_p6,indirect_calorimetry_breath_by_breath,COSMED K4b2,CC BY 4.0,https://doi.org/10.1371/journal.pone.0181311,"Reis VM, Garrido ND, Vianna J, Sousa AC, Alves JV, Marques MC (2017), PLOS ONE",GOLD,male,,27.5,,78.67,,mixed,LAT_PULLDOWN,vertical_pull,lats,compound,vertical_pull,,,,,,80.0,hard,,,7.8577444745,primary_training_target,9.510349999999999,False,cohort_mean_substitution,-1.6526055254999994
reis2017,reis2017,reis_lab_p7,indirect_calorimetry_breath_by_breath,COSMED K4b2,CC BY 4.0,https://doi.org/10.1371/journal.pone.0181311,"Reis VM, Garrido ND, Vianna J, Sousa AC, Alves JV, Marques MC (2017), PLOS ONE",GOLD,male,,27.5,,78.67,,mixed,LAT_PULLDOWN,vertical_pull,lats,compound,vertical_pull,,,,,,12.0,light,,,2.352233,primary_training_target,3.2861749999999996,False,cohort_mean_substitution,-0.9339419999999996
reis2017,reis2017,reis_lab_p7,indirect_calorimetry_breath_by_breath,COSMED K4b2,CC BY 4.0,https://doi.org/10.1371/journal.pone.0181311,"Reis VM, Garrido ND, Vianna J, Sousa AC, Alves JV, Marques MC (2017), PLOS ONE",GOLD,male,,27.5,,78.67,,mixed,LAT_PULLDOWN,vertical_pull,lats,compound,vertical_pull,,,,,,16.0,light,,,3.2844725,primary_training_target,3.2861749999999996,False,cohort_mean_substitution,-0.001702499999999496
reis2017,reis2017,reis_lab_p7,indirect_calorimetry_breath_by_breath,COSMED K4b2,CC BY 4.0,https://doi.org/10.1371/journal.pone.0181311,"Reis VM, Garrido ND, Vianna J, Sousa AC, Alves JV, Marques MC (2017), PLOS ONE",GOLD,male,,27.5,,78.67,,mixed,LAT_PULLDOWN,vertical_pull,lats,compound,vertical_pull,,,,,,20.0,moderate,,,3.5322830000000005,primary_training_target,4.2892625,False,cohort_mean_substitution,-0.7569794999999999
reis2017,reis2017,reis_lab_p7,indirect_calorimetry_breath_by_breath,COSMED K4b2,CC BY 4.0,https://doi.org/10.1371/journal.pone.0181311,"Reis VM, Garrido ND, Vianna J, Sousa AC, Alves JV, Marques MC (2017), PLOS ONE",GOLD,male,,27.5,,78.67,,mixed,LAT_PULLDOWN,vertical_pull,lats,compound,vertical_pull,,,,,,24.0,moderate,,,4.5825275,primary_training_target,4.2892625,False,cohort_mean_substitution,0.2932649999999999
reis2017,reis2017,reis_lab_p7,indirect_calorimetry_breath_by_breath,COSMED K4b2,CC BY 4.0,https://doi.org/10.1371/journal.pone.0181311,"Reis VM, Garrido ND, Vianna J, Sousa AC, Alves JV, Marques MC (2017), PLOS ONE",GOLD,male,,27.5,,78.67,,mixed,LAT_PULLDOWN,vertical_pull,lats,compound,vertical_pull,,,,,,80.0,hard,,,9.6064133675,primary_training_target,9.510349999999999,False,cohort_mean_substitution,0.0960633675000011
reis2017,reis2017,reis_lab_p8,indirect_calorimetry_breath_by_breath,COSMED K4b2,CC BY 4.0,https://doi.org/10.1371/journal.pone.0181311,"Reis VM, Garrido ND, Vianna J, Sousa AC, Alves JV, Marques MC (2017), PLOS ONE",GOLD,male,,27.5,,78.67,,mixed,LAT_PULLDOWN,vertical_pull,lats,compound,vertical_pull,,,,,,12.0,light,,,2.5685755,primary_training_target,3.2861749999999996,False,cohort_mean_substitution,-0.7175994999999995
reis2017,reis2017,reis_lab_p8,indirect_calorimetry_breath_by_breath,COSMED K4b2,CC BY 4.0,https://doi.org/10.1371/journal.pone.0181311,"Reis VM, Garrido ND, Vianna J, Sousa AC, Alves JV, Marques MC (2017), PLOS ONE",GOLD,male,,27.5,,78.67,,mixed,LAT_PULLDOWN,vertical_pull,lats,compound,vertical_pull,,,,,,16.0,light,,,3.1192655,primary_training_target,3.2861749999999996,False,cohort_mean_substitution,-0.1669094999999996
reis2017,reis2017,reis_lab_p8,indirect_calorimetry_breath_by_breath,COSMED K4b2,CC BY 4.0,https://doi.org/10.1371/journal.pone.0181311,"Reis VM, Garrido ND, Vianna J, Sousa AC, Alves JV, Marques MC (2017), PLOS ONE",GOLD,male,,27.5,,78.67,,mixed,LAT_PULLDOWN,vertical_pull,lats,compound,vertical_pull,,,,,,20.0,moderate,,,3.437879000000001,primary_training_target,4.2892625,False,cohort_mean_substitution,-0.8513834999999994
reis2017,reis2017,reis_lab_p8,indirect_calorimetry_breath_by_breath,COSMED K4b2,CC BY 4.0,https://doi.org/10.1371/journal.pone.0181311,"Reis VM, Garrido ND, Vianna J, Sousa AC, Alves JV, Marques MC (2017), PLOS ONE",GOLD,male,,27.5,,78.67,,mixed,LAT_PULLDOWN,vertical_pull,lats,compound,vertical_pull,,,,,,24.0,moderate,,,3.980702,primary_training_target,4.2892625,False,cohort_mean_substitution,-0.30856050000000046
reis2017,reis2017,reis_lab_p8,indirect_calorimetry_breath_by_breath,COSMED K4b2,CC BY 4.0,https://doi.org/10.1371/journal.pone.0181311,"Reis VM, Garrido ND, Vianna J, Sousa AC, Alves JV, Marques MC (2017), PLOS ONE",GOLD,male,,27.5,,78.67,,mixed,LAT_PULLDOWN,vertical_pull,lats,compound,vertical_pull,,,,,,80.0,hard,,,9.314158251,primary_training_target,9.510349999999999,False,cohort_mean_substitution,-0.1961917489999987
reis2017,reis2017,reis_lab_p9,indirect_calorimetry_breath_by_breath,COSMED K4b2,CC BY 4.0,https://doi.org/10.1371/journal.pone.0181311,"Reis VM, Garrido ND, Vianna J, Sousa AC, Alves JV, Marques MC (2017), PLOS ONE",GOLD,male,,27.5,,78.67,,mixed,LAT_PULLDOWN,vertical_pull,lats,compound,vertical_pull,,,,,,12.0,light,,,3.658155,primary_training_target,3.2861749999999996,False,cohort_mean_substitution,0.3719800000000002
reis2017,reis2017,reis_lab_p9,indirect_calorimetry_breath_by_breath,COSMED K4b2,CC BY 4.0,https://doi.org/10.1371/journal.pone.0181311,"Reis VM, Garrido ND, Vianna J, Sousa AC, Alves JV, Marques MC (2017), PLOS ONE",GOLD,male,,27.5,,78.67,,mixed,LAT_PULLDOWN,vertical_pull,lats,compound,vertical_pull,,,,,,16.0,light,,,2.619711,primary_training_target,3.2861749999999996,False,cohort_mean_substitution,-0.6664639999999995
reis2017,reis2017,reis_lab_p9,indirect_calorimetry_breath_by_breath,COSMED K4b2,CC BY 4.0,https://doi.org/10.1371/journal.pone.0181311,"Reis VM, Garrido ND, Vianna J, Sousa AC, Alves JV, Marques MC (2017), PLOS ONE",GOLD,male,,27.5,,78.67,,mixed,LAT_PULLDOWN,vertical_pull,lats,compound,vertical_pull,,,,,,20.0,moderate,,,4.177376999999999,primary_training_target,4.2892625,False,cohort_mean_substitution,-0.11188550000000141
reis2017,reis2017,reis_lab_p9,indirect_calorimetry_breath_by_breath,COSMED K4b2,CC BY 4.0,https://doi.org/10.1371/journal.pone.0181311,"Reis VM, Garrido ND, Vianna J, Sousa AC, Alves JV, Marques MC (2017), PLOS ONE",GOLD,male,,27.5,,78.67,,mixed,LAT_PULLDOWN,vertical_pull,lats,compound,vertical_pull,,,,,,24.0,moderate,,,3.3867435,primary_training_target,4.2892625,False,cohort_mean_substitution,-0.9025190000000003
reis2017,reis2017,reis_lab_p9,indirect_calorimetry_breath_by_breath,COSMED K4b2,CC BY 4.0,https://doi.org/10.1371/journal.pone.0181311,"Reis VM, Garrido ND, Vianna J, Sousa AC, Alves JV, Marques MC (2017), PLOS ONE",GOLD,male,,27.5,,78.67,,mixed,LAT_PULLDOWN,vertical_pull,lats,compound,vertical_pull,,,,,,80.0,hard,,,7.7492664115,primary_training_target,9.510349999999999,False,cohort_mean_substitution,-1.7610835884999991
reis2017,reis2017,reis_lab_p10,indirect_calorimetry_breath_by_breath,COSMED K4b2,CC BY 4.0,https://doi.org/10.1371/journal.pone.0181311,"Reis VM, Garrido ND, Vianna J, Sousa AC, Alves JV, Marques MC (2017), PLOS ONE",GOLD,male,,27.5,,78.67,,mixed,LAT_PULLDOWN,vertical_pull,lats,compound,vertical_pull,,,,,,12.0,light,,,3.3238075,primary_training_target,3.2861749999999996,False,cohort_mean_substitution,0.0376325000000004
reis2017,reis2017,reis_lab_p10,indirect_calorimetry_breath_by_breath,COSMED K4b2,CC BY 4.0,https://doi.org/10.1371/journal.pone.0181311,"Reis VM, Garrido ND, Vianna J, Sousa AC, Alves JV, Marques MC (2017), PLOS ONE",GOLD,male,,27.5,,78.67,,mixed,LAT_PULLDOWN,vertical_pull,lats,compound,vertical_pull,,,,,,16.0,light,,,4.413387,primary_training_target,3.2861749999999996,False,cohort_mean_substitution,1.1272120000000005
reis2017,reis2017,reis_lab_p10,indirect_calorimetry_breath_by_breath,COSMED K4b2,CC BY 4.0,https://doi.org/10.1371/journal.pone.0181311,"Reis VM, Garrido ND, Vianna J, Sousa AC, Alves JV, Marques MC (2017), PLOS ONE",GOLD,male,,27.5,,78.67,,mixed,LAT_PULLDOWN,vertical_pull,lats,compound,vertical_pull,,,,,,20.0,moderate,,,4.2678475,primary_training_target,4.2892625,False,cohort_mean_substitution,-0.021415000000000184
reis2017,reis2017,reis_lab_p10,indirect_calorimetry_breath_by_breath,COSMED K4b2,CC BY 4.0,https://doi.org/10.1371/journal.pone.0181311,"Reis VM, Garrido ND, Vianna J, Sousa AC, Alves JV, Marques MC (2017), PLOS ONE",GOLD,male,,27.5,,78.67,,mixed,LAT_PULLDOWN,vertical_pull,lats,compound,vertical_pull,,,,,,24.0,moderate,,,8.7599045,primary_training_target,4.2892625,False,cohort_mean_substitution,4.470641999999999
reis2017,reis2017,reis_lab_p10,indirect_calorimetry_breath_by_breath,COSMED K4b2,CC BY 4.0,https://doi.org/10.1371/journal.pone.0181311,"Reis VM, Garrido ND, Vianna J, Sousa AC, Alves JV, Marques MC (2017), PLOS ONE",GOLD,male,,27.5,,78.67,,mixed,LAT_PULLDOWN,vertical_pull,lats,compound,vertical_pull,,,,,,80.0,hard,,,17.2786343145,primary_training_target,9.510349999999999,False,cohort_mean_substitution,7.768284314500001
reis2017,reis2017,reis_lab_p11,indirect_calorimetry_breath_by_breath,COSMED K4b2,CC BY 4.0,https://doi.org/10.1371/journal.pone.0181311,"Reis VM, Garrido ND, Vianna J, Sousa AC, Alves JV, Marques MC (2017), PLOS ONE",GOLD,male,,27.5,,78.67,,mixed,LAT_PULLDOWN,vertical_pull,lats,compound,vertical_pull,,,,,,12.0,light,,,3.3041400000000003,primary_training_target,3.2861749999999996,False,cohort_mean_substitution,0.017965000000000675
reis2017,reis2017,reis_lab_p11,indirect_calorimetry_breath_by_breath,COSMED K4b2,CC BY 4.0,https://doi.org/10.1371/journal.pone.0181311,"Reis VM, Garrido ND, Vianna J, Sousa AC, Alves JV, Marques MC (2017), PLOS ONE",GOLD,male,,27.5,,78.67,,mixed,LAT_PULLDOWN,vertical_pull,lats,compound,vertical_pull,,,,,,16.0,light,,,2.5764425,primary_training_target,3.2861749999999996,False,cohort_mean_substitution,-0.7097324999999994
reis2017,reis2017,reis_lab_p11,indirect_calorimetry_breath_by_breath,COSMED K4b2,CC BY 4.0,https://doi.org/10.1371/journal.pone.0181311,"Reis VM, Garrido ND, Vianna J, Sousa AC, Alves JV, Marques MC (2017), PLOS ONE",GOLD,male,,27.5,,78.67,,mixed,LAT_PULLDOWN,vertical_pull,lats,compound,vertical_pull,,,,,,20.0,moderate,,,3.6384875,primary_training_target,4.2892625,False,cohort_mean_substitution,-0.6507750000000003
reis2017,reis2017,reis_lab_p11,indirect_calorimetry_breath_by_breath,COSMED K4b2,CC BY 4.0,https://doi.org/10.1371/journal.pone.0181311,"Reis VM, Garrido ND, Vianna J, Sousa AC, Alves JV, Marques MC (2017), PLOS ONE",GOLD,male,,27.5,,78.67,,mixed,LAT_PULLDOWN,vertical_pull,lats,compound,vertical_pull,,,,,,24.0,moderate,,,3.555884,primary_training_target,4.2892625,False,cohort_mean_substitution,-0.7333785000000006
reis2017,reis2017,reis_lab_p11,indirect_calorimetry_breath_by_breath,COSMED K4b2,CC BY 4.0,https://doi.org/10.1371/journal.pone.0181311,"Reis VM, Garrido ND, Vianna J, Sousa AC, Alves JV, Marques MC (2017), PLOS ONE",GOLD,male,,27.5,,78.67,,mixed,LAT_PULLDOWN,vertical_pull,lats,compound,vertical_pull,,,,,,80.0,hard,,,7.043753851500001,primary_training_target,9.510349999999999,False,cohort_mean_substitution,-2.466596148499998
reis2017,reis2017,reis_lab_p12,indirect_calorimetry_breath_by_breath,COSMED K4b2,CC BY 4.0,https://doi.org/10.1371/journal.pone.0181311,"Reis VM, Garrido ND, Vianna J, Sousa AC, Alves JV, Marques MC (2017), PLOS ONE",GOLD,male,,27.5,,78.67,,mixed,LAT_PULLDOWN,vertical_pull,lats,compound,vertical_pull,,,,,,12.0,light,,,3.6699555,primary_training_target,3.2861749999999996,False,cohort_mean_substitution,0.3837805000000003
reis2017,reis2017,reis_lab_p12,indirect_calorimetry_breath_by_breath,COSMED K4b2,CC BY 4.0,https://doi.org/10.1371/journal.pone.0181311,"Reis VM, Garrido ND, Vianna J, Sousa AC, Alves JV, Marques MC (2017), PLOS ONE",GOLD,male,,27.5,,78.67,,mixed,LAT_PULLDOWN,vertical_pull,lats,compound,vertical_pull,,,,,,16.0,light,,,2.8596544999999995,primary_training_target,3.2861749999999996,False,cohort_mean_substitution,-0.4265205000000001
reis2017,reis2017,reis_lab_p12,indirect_calorimetry_breath_by_breath,COSMED K4b2,CC BY 4.0,https://doi.org/10.1371/journal.pone.0181311,"Reis VM, Garrido ND, Vianna J, Sousa AC, Alves JV, Marques MC (2017), PLOS ONE",GOLD,male,,27.5,,78.67,,mixed,LAT_PULLDOWN,vertical_pull,lats,compound,vertical_pull,,,,,,20.0,moderate,,,4.971944000000001,primary_training_target,4.2892625,False,cohort_mean_substitution,0.6826815000000002
reis2017,reis2017,reis_lab_p12,indirect_calorimetry_breath_by_breath,COSMED K4b2,CC BY 4.0,https://doi.org/10.1371/journal.pone.0181311,"Reis VM, Garrido ND, Vianna J, Sousa AC, Alves JV, Marques MC (2017), PLOS ONE",GOLD,male,,27.5,,78.67,,mixed,LAT_PULLDOWN,vertical_pull,lats,compound,vertical_pull,,,,,,24.0,moderate,,,3.6306205,primary_training_target,4.2892625,False,cohort_mean_substitution,-0.6586420000000004
reis2017,reis2017,reis_lab_p12,indirect_calorimetry_breath_by_breath,COSMED K4b2,CC BY 4.0,https://doi.org/10.1371/journal.pone.0181311,"Reis VM, Garrido ND, Vianna J, Sousa AC, Alves JV, Marques MC (2017), PLOS ONE",GOLD,male,,27.5,,78.67,,mixed,LAT_PULLDOWN,vertical_pull,lats,compound,vertical_pull,,,,,,80.0,hard,,,8.968049586000001,primary_training_target,9.510349999999999,False,cohort_mean_substitution,-0.5423004139999978
reis2017,reis2017,reis_lab_p13,indirect_calorimetry_breath_by_breath,COSMED K4b2,CC BY 4.0,https://doi.org/10.1371/journal.pone.0181311,"Reis VM, Garrido ND, Vianna J, Sousa AC, Alves JV, Marques MC (2017), PLOS ONE",GOLD,male,,27.5,,78.67,,mixed,LAT_PULLDOWN,vertical_pull,lats,compound,vertical_pull,,,,,,12.0,light,,,2.926524,primary_training_target,3.2861749999999996,False,cohort_mean_substitution,-0.3596509999999995
reis2017,reis2017,reis_lab_p13,indirect_calorimetry_breath_by_breath,COSMED K4b2,CC BY 4.0,https://doi.org/10.1371/journal.pone.0181311,"Reis VM, Garrido ND, Vianna J, Sousa AC, Alves JV, Marques MC (2017), PLOS ONE",GOLD,male,,27.5,,78.67,,mixed,LAT_PULLDOWN,vertical_pull,lats,compound,vertical_pull,,,,,,16.0,light,,,3.548017,primary_training_target,3.2861749999999996,False,cohort_mean_substitution,0.2618420000000006
reis2017,reis2017,reis_lab_p13,indirect_calorimetry_breath_by_breath,COSMED K4b2,CC BY 4.0,https://doi.org/10.1371/journal.pone.0181311,"Reis VM, Garrido ND, Vianna J, Sousa AC, Alves JV, Marques MC (2017), PLOS ONE",GOLD,male,,27.5,,78.67,,mixed,LAT_PULLDOWN,vertical_pull,lats,compound,vertical_pull,,,,,,20.0,moderate,,,3.1822015,primary_training_target,4.2892625,False,cohort_mean_substitution,-1.1070610000000003
reis2017,reis2017,reis_lab_p13,indirect_calorimetry_breath_by_breath,COSMED K4b2,CC BY 4.0,https://doi.org/10.1371/journal.pone.0181311,"Reis VM, Garrido ND, Vianna J, Sousa AC, Alves JV, Marques MC (2017), PLOS ONE",GOLD,male,,27.5,,78.67,,mixed,LAT_PULLDOWN,vertical_pull,lats,compound,vertical_pull,,,,,,24.0,moderate,,,4.334717,primary_training_target,4.2892625,False,cohort_mean_substitution,0.04545449999999995
reis2017,reis2017,reis_lab_p13,indirect_calorimetry_breath_by_breath,COSMED K4b2,CC BY 4.0,https://doi.org/10.1371/journal.pone.0181311,"Reis VM, Garrido ND, Vianna J, Sousa AC, Alves JV, Marques MC (2017), PLOS ONE",GOLD,male,,27.5,,78.67,,mixed,LAT_PULLDOWN,vertical_pull,lats,compound,vertical_pull,,,,,,80.0,hard,,,9.548012693,primary_training_target,9.510349999999999,False,cohort_mean_substitution,0.03766269300000147
reis2017,reis2017,reis_lab_p14,indirect_calorimetry_breath_by_breath,COSMED K4b2,CC BY 4.0,https://doi.org/10.1371/journal.pone.0181311,"Reis VM, Garrido ND, Vianna J, Sousa AC, Alves JV, Marques MC (2017), PLOS ONE",GOLD,male,,27.5,,78.67,,mixed,LAT_PULLDOWN,vertical_pull,lats,compound,vertical_pull,,,,,,12.0,light,,,3.241204,primary_training_target,3.2861749999999996,False,cohort_mean_substitution,-0.04497099999999943
reis2017,reis2017,reis_lab_p14,indirect_calorimetry_breath_by_breath,COSMED K4b2,CC BY 4.0,https://doi.org/10.1371/journal.pone.0181311,"Reis VM, Garrido ND, Vianna J, Sousa AC, Alves JV, Marques MC (2017), PLOS ONE",GOLD,male,,27.5,,78.67,,mixed,LAT_PULLDOWN,vertical_pull,lats,compound,vertical_pull,,,,,,16.0,light,,,2.1988265,primary_training_target,3.2861749999999996,False,cohort_mean_substitution,-1.0873484999999996
reis2017,reis2017,reis_lab_p14,indirect_calorimetry_breath_by_breath,COSMED K4b2,CC BY 4.0,https://doi.org/10.1371/journal.pone.0181311,"Reis VM, Garrido ND, Vianna J, Sousa AC, Alves JV, Marques MC (2017), PLOS ONE",GOLD,male,,27.5,,78.67,,mixed,LAT_PULLDOWN,vertical_pull,lats,compound,vertical_pull,,,,,,20.0,moderate,,,3.8351625,primary_training_target,4.2892625,False,cohort_mean_substitution,-0.4541000000000004
reis2017,reis2017,reis_lab_p14,indirect_calorimetry_breath_by_breath,COSMED K4b2,CC BY 4.0,https://doi.org/10.1371/journal.pone.0181311,"Reis VM, Garrido ND, Vianna J, Sousa AC, Alves JV, Marques MC (2017), PLOS ONE",GOLD,male,,27.5,,78.67,,mixed,LAT_PULLDOWN,vertical_pull,lats,compound,vertical_pull,,,,,,24.0,moderate,,,4.2914485,primary_training_target,4.2892625,False,cohort_mean_substitution,0.0021860000000000213
reis2017,reis2017,reis_lab_p14,indirect_calorimetry_breath_by_breath,COSMED K4b2,CC BY 4.0,https://doi.org/10.1371/journal.pone.0181311,"Reis VM, Garrido ND, Vianna J, Sousa AC, Alves JV, Marques MC (2017), PLOS ONE",GOLD,male,,27.5,,78.67,,mixed,LAT_PULLDOWN,vertical_pull,lats,compound,vertical_pull,,,,,,80.0,hard,,,7.950209258999999,primary_training_target,9.510349999999999,False,cohort_mean_substitution,-1.5601407409999997
reis2017,reis2017,reis_lab_p1,indirect_calorimetry_breath_by_breath,COSMED K4b2,CC BY 4.0,https://doi.org/10.1371/journal.pone.0181311,"Reis VM, Garrido ND, Vianna J, Sousa AC, Alves JV, Marques MC (2017), PLOS ONE",GOLD,male,,27.5,,78.67,,mixed,LEG_EXTENSION,isolation,quads,isolation,isolation,,,,,,12.0,light,,,5.4872325,primary_training_target,6.974174999999999,False,cohort_mean_substitution,-1.4869424999999987
reis2017,reis2017,reis_lab_p1,indirect_calorimetry_breath_by_breath,COSMED K4b2,CC BY 4.0,https://doi.org/10.1371/journal.pone.0181311,"Reis VM, Garrido ND, Vianna J, Sousa AC, Alves JV, Marques MC (2017), PLOS ONE",GOLD,male,,27.5,,78.67,,mixed,LEG_EXTENSION,isolation,quads,isolation,isolation,,,,,,16.0,light,,,6.557144500000001,primary_training_target,6.974174999999999,False,cohort_mean_substitution,-0.4170304999999983
reis2017,reis2017,reis_lab_p1,indirect_calorimetry_breath_by_breath,COSMED K4b2,CC BY 4.0,https://doi.org/10.1371/journal.pone.0181311,"Reis VM, Garrido ND, Vianna J, Sousa AC, Alves JV, Marques MC (2017), PLOS ONE",GOLD,male,,27.5,,78.67,,mixed,LEG_EXTENSION,isolation,quads,isolation,isolation,,,,,,20.0,moderate,,,5.514767000000001,primary_training_target,7.7572625,False,cohort_mean_substitution,-2.2424954999999995
reis2017,reis2017,reis_lab_p1,indirect_calorimetry_breath_by_breath,COSMED K4b2,CC BY 4.0,https://doi.org/10.1371/journal.pone.0181311,"Reis VM, Garrido ND, Vianna J, Sousa AC, Alves JV, Marques MC (2017), PLOS ONE",GOLD,male,,27.5,,78.67,,mixed,LEG_EXTENSION,isolation,quads,isolation,isolation,,,,,,24.0,moderate,,,6.584679,primary_training_target,7.7572625,False,cohort_mean_substitution,-1.1725835
reis2017,reis2017,reis_lab_p1,indirect_calorimetry_breath_by_breath,COSMED K4b2,CC BY 4.0,https://doi.org/10.1371/journal.pone.0181311,"Reis VM, Garrido ND, Vianna J, Sousa AC, Alves JV, Marques MC (2017), PLOS ONE",GOLD,male,,27.5,,78.67,,mixed,LEG_EXTENSION,isolation,quads,isolation,isolation,,,,,,80.0,hard,,,18.770662,primary_training_target,20.0,True,cohort_mean_substitution,-1.2293379999999985
reis2017,reis2017,reis_lab_p2,indirect_calorimetry_breath_by_breath,COSMED K4b2,CC BY 4.0,https://doi.org/10.1371/journal.pone.0181311,"Reis VM, Garrido ND, Vianna J, Sousa AC, Alves JV, Marques MC (2017), PLOS ONE",GOLD,male,,27.5,,78.67,,mixed,LEG_EXTENSION,isolation,quads,isolation,isolation,,,,,,12.0,light,,,5.152885,primary_training_target,6.974174999999999,False,cohort_mean_substitution,-1.8212899999999985
reis2017,reis2017,reis_lab_p2,indirect_calorimetry_breath_by_breath,COSMED K4b2,CC BY 4.0,https://doi.org/10.1371/journal.pone.0181311,"Reis VM, Garrido ND, Vianna J, Sousa AC, Alves JV, Marques MC (2017), PLOS ONE",GOLD,male,,27.5,,78.67,,mixed,LEG_EXTENSION,isolation,quads,isolation,isolation,,,,,,16.0,light,,,8.2721505,primary_training_target,6.974174999999999,False,cohort_mean_substitution,1.2979755000000015
reis2017,reis2017,reis_lab_p2,indirect_calorimetry_breath_by_breath,COSMED K4b2,CC BY 4.0,https://doi.org/10.1371/journal.pone.0181311,"Reis VM, Garrido ND, Vianna J, Sousa AC, Alves JV, Marques MC (2017), PLOS ONE",GOLD,male,,27.5,,78.67,,mixed,LEG_EXTENSION,isolation,quads,isolation,isolation,,,,,,20.0,moderate,,,12.4495275,primary_training_target,7.7572625,False,cohort_mean_substitution,4.692265
reis2017,reis2017,reis_lab_p2,indirect_calorimetry_breath_by_breath,COSMED K4b2,CC BY 4.0,https://doi.org/10.1371/journal.pone.0181311,"Reis VM, Garrido ND, Vianna J, Sousa AC, Alves JV, Marques MC (2017), PLOS ONE",GOLD,male,,27.5,,78.67,,mixed,LEG_EXTENSION,isolation,quads,isolation,isolation,,,,,,24.0,moderate,,,13.5351735,primary_training_target,7.7572625,False,cohort_mean_substitution,5.7779110000000005
reis2017,reis2017,reis_lab_p2,indirect_calorimetry_breath_by_breath,COSMED K4b2,CC BY 4.0,https://doi.org/10.1371/journal.pone.0181311,"Reis VM, Garrido ND, Vianna J, Sousa AC, Alves JV, Marques MC (2017), PLOS ONE",GOLD,male,,27.5,,78.67,,mixed,LEG_EXTENSION,isolation,quads,isolation,isolation,,,,,,80.0,hard,,,41.5810285,primary_training_target,20.0,True,cohort_mean_substitution,21.581028500000002
reis2017,reis2017,reis_lab_p3,indirect_calorimetry_breath_by_breath,COSMED K4b2,CC BY 4.0,https://doi.org/10.1371/journal.pone.0181311,"Reis VM, Garrido ND, Vianna J, Sousa AC, Alves JV, Marques MC (2017), PLOS ONE",GOLD,male,,27.5,,78.67,,mixed,LEG_EXTENSION,isolation,quads,isolation,isolation,,,,,,12.0,light,,,8.169879499999999,primary_training_target,6.974174999999999,False,cohort_mean_substitution,1.1957044999999997
reis2017,reis2017,reis_lab_p3,indirect_calorimetry_breath_by_breath,COSMED K4b2,CC BY 4.0,https://doi.org/10.1371/journal.pone.0181311,"Reis VM, Garrido ND, Vianna J, Sousa AC, Alves JV, Marques MC (2017), PLOS ONE",GOLD,male,,27.5,,78.67,,mixed,LEG_EXTENSION,isolation,quads,isolation,isolation,,,,,,16.0,light,,,9.3813975,primary_training_target,6.974174999999999,False,cohort_mean_substitution,2.4072225000000014
reis2017,reis2017,reis_lab_p3,indirect_calorimetry_breath_by_breath,COSMED K4b2,CC BY 4.0,https://doi.org/10.1371/journal.pone.0181311,"Reis VM, Garrido ND, Vianna J, Sousa AC, Alves JV, Marques MC (2017), PLOS ONE",GOLD,male,,27.5,,78.67,,mixed,LEG_EXTENSION,isolation,quads,isolation,isolation,,,,,,20.0,moderate,,,7.23764,primary_training_target,7.7572625,False,cohort_mean_substitution,-0.5196225000000005
reis2017,reis2017,reis_lab_p3,indirect_calorimetry_breath_by_breath,COSMED K4b2,CC BY 4.0,https://doi.org/10.1371/journal.pone.0181311,"Reis VM, Garrido ND, Vianna J, Sousa AC, Alves JV, Marques MC (2017), PLOS ONE",GOLD,male,,27.5,,78.67,,mixed,LEG_EXTENSION,isolation,quads,isolation,isolation,,,,,,24.0,moderate,,,3.0995980000000003,primary_training_target,7.7572625,False,cohort_mean_substitution,-4.6576645
reis2017,reis2017,reis_lab_p3,indirect_calorimetry_breath_by_breath,COSMED K4b2,CC BY 4.0,https://doi.org/10.1371/journal.pone.0181311,"Reis VM, Garrido ND, Vianna J, Sousa AC, Alves JV, Marques MC (2017), PLOS ONE",GOLD,male,,27.5,,78.67,,mixed,LEG_EXTENSION,isolation,quads,isolation,isolation,,,,,,80.0,hard,,,28.533609,primary_training_target,20.0,True,cohort_mean_substitution,8.533608999999998
reis2017,reis2017,reis_lab_p4,indirect_calorimetry_breath_by_breath,COSMED K4b2,CC BY 4.0,https://doi.org/10.1371/journal.pone.0181311,"Reis VM, Garrido ND, Vianna J, Sousa AC, Alves JV, Marques MC (2017), PLOS ONE",GOLD,male,,27.5,,78.67,,mixed,LEG_EXTENSION,isolation,quads,isolation,isolation,,,,,,12.0,light,,,7.225839500000001,primary_training_target,6.974174999999999,False,cohort_mean_substitution,0.2516645000000022
reis2017,reis2017,reis_lab_p4,indirect_calorimetry_breath_by_breath,COSMED K4b2,CC BY 4.0,https://doi.org/10.1371/journal.pone.0181311,"Reis VM, Garrido ND, Vianna J, Sousa AC, Alves JV, Marques MC (2017), PLOS ONE",GOLD,male,,27.5,,78.67,,mixed,LEG_EXTENSION,isolation,quads,isolation,isolation,,,,,,16.0,light,,,10.6873195,primary_training_target,6.974174999999999,False,cohort_mean_substitution,3.7131445000000003
reis2017,reis2017,reis_lab_p4,indirect_calorimetry_breath_by_breath,COSMED K4b2,CC BY 4.0,https://doi.org/10.1371/journal.pone.0181311,"Reis VM, Garrido ND, Vianna J, Sousa AC, Alves JV, Marques MC (2017), PLOS ONE",GOLD,male,,27.5,,78.67,,mixed,LEG_EXTENSION,isolation,quads,isolation,isolation,,,,,,20.0,moderate,,,11.005933,primary_training_target,7.7572625,False,cohort_mean_substitution,3.2486705000000002
reis2017,reis2017,reis_lab_p4,indirect_calorimetry_breath_by_breath,COSMED K4b2,CC BY 4.0,https://doi.org/10.1371/journal.pone.0181311,"Reis VM, Garrido ND, Vianna J, Sousa AC, Alves JV, Marques MC (2017), PLOS ONE",GOLD,male,,27.5,,78.67,,mixed,LEG_EXTENSION,isolation,quads,isolation,isolation,,,,,,24.0,moderate,,,15.002369000000002,primary_training_target,7.7572625,False,cohort_mean_substitution,7.245106500000001
reis2017,reis2017,reis_lab_p4,indirect_calorimetry_breath_by_breath,COSMED K4b2,CC BY 4.0,https://doi.org/10.1371/journal.pone.0181311,"Reis VM, Garrido ND, Vianna J, Sousa AC, Alves JV, Marques MC (2017), PLOS ONE",GOLD,male,,27.5,,78.67,,mixed,LEG_EXTENSION,isolation,quads,isolation,isolation,,,,,,80.0,hard,,,43.4061725,primary_training_target,20.0,True,cohort_mean_substitution,23.406172499999997
reis2017,reis2017,reis_lab_p5,indirect_calorimetry_breath_by_breath,COSMED K4b2,CC BY 4.0,https://doi.org/10.1371/journal.pone.0181311,"Reis VM, Garrido ND, Vianna J, Sousa AC, Alves JV, Marques MC (2017), PLOS ONE",GOLD,male,,27.5,,78.67,,mixed,LEG_EXTENSION,isolation,quads,isolation,isolation,,,,,,12.0,light,,,8.3114855,primary_training_target,6.974174999999999,False,cohort_mean_substitution,1.337310500000001
reis2017,reis2017,reis_lab_p5,indirect_calorimetry_breath_by_breath,COSMED K4b2,CC BY 4.0,https://doi.org/10.1371/journal.pone.0181311,"Reis VM, Garrido ND, Vianna J, Sousa AC, Alves JV, Marques MC (2017), PLOS ONE",GOLD,male,,27.5,,78.67,,mixed,LEG_EXTENSION,isolation,quads,isolation,isolation,,,,,,16.0,light,,,9.786548,primary_training_target,6.974174999999999,False,cohort_mean_substitution,2.812373000000001
reis2017,reis2017,reis_lab_p5,indirect_calorimetry_breath_by_breath,COSMED K4b2,CC BY 4.0,https://doi.org/10.1371/journal.pone.0181311,"Reis VM, Garrido ND, Vianna J, Sousa AC, Alves JV, Marques MC (2017), PLOS ONE",GOLD,male,,27.5,,78.67,,mixed,LEG_EXTENSION,isolation,quads,isolation,isolation,,,,,,20.0,moderate,,,10.655851500000002,primary_training_target,7.7572625,False,cohort_mean_substitution,2.898589000000002
reis2017,reis2017,reis_lab_p5,indirect_calorimetry_breath_by_breath,COSMED K4b2,CC BY 4.0,https://doi.org/10.1371/journal.pone.0181311,"Reis VM, Garrido ND, Vianna J, Sousa AC, Alves JV, Marques MC (2017), PLOS ONE",GOLD,male,,27.5,,78.67,,mixed,LEG_EXTENSION,isolation,quads,isolation,isolation,,,,,,24.0,moderate,,,13.0867545,primary_training_target,7.7572625,False,cohort_mean_substitution,5.329491999999999
reis2017,reis2017,reis_lab_p5,indirect_calorimetry_breath_by_breath,COSMED K4b2,CC BY 4.0,https://doi.org/10.1371/journal.pone.0181311,"Reis VM, Garrido ND, Vianna J, Sousa AC, Alves JV, Marques MC (2017), PLOS ONE",GOLD,male,,27.5,,78.67,,mixed,LEG_EXTENSION,isolation,quads,isolation,isolation,,,,,,80.0,hard,,,38.2926225,primary_training_target,20.0,True,cohort_mean_substitution,18.2926225
reis2017,reis2017,reis_lab_p6,indirect_calorimetry_breath_by_breath,COSMED K4b2,CC BY 4.0,https://doi.org/10.1371/journal.pone.0181311,"Reis VM, Garrido ND, Vianna J, Sousa AC, Alves JV, Marques MC (2017), PLOS ONE",GOLD,male,,27.5,,78.67,,mixed,LEG_EXTENSION,isolation,quads,isolation,isolation,,,,,,12.0,light,,,5.908116999999999,primary_training_target,6.974174999999999,False,cohort_mean_substitution,-1.066058
reis2017,reis2017,reis_lab_p6,indirect_calorimetry_breath_by_breath,COSMED K4b2,CC BY 4.0,https://doi.org/10.1371/journal.pone.0181311,"Reis VM, Garrido ND, Vianna J, Sousa AC, Alves JV, Marques MC (2017), PLOS ONE",GOLD,male,,27.5,,78.67,,mixed,LEG_EXTENSION,isolation,quads,isolation,isolation,,,,,,16.0,light,,,6.667282500000001,primary_training_target,6.974174999999999,False,cohort_mean_substitution,-0.30689249999999824
reis2017,reis2017,reis_lab_p6,indirect_calorimetry_breath_by_breath,COSMED K4b2,CC BY 4.0,https://doi.org/10.1371/journal.pone.0181311,"Reis VM, Garrido ND, Vianna J, Sousa AC, Alves JV, Marques MC (2017), PLOS ONE",GOLD,male,,27.5,,78.67,,mixed,LEG_EXTENSION,isolation,quads,isolation,isolation,,,,,,20.0,moderate,,,5.880582499999999,primary_training_target,7.7572625,False,cohort_mean_substitution,-1.8766800000000012
reis2017,reis2017,reis_lab_p6,indirect_calorimetry_breath_by_breath,COSMED K4b2,CC BY 4.0,https://doi.org/10.1371/journal.pone.0181311,"Reis VM, Garrido ND, Vianna J, Sousa AC, Alves JV, Marques MC (2017), PLOS ONE",GOLD,male,,27.5,,78.67,,mixed,LEG_EXTENSION,isolation,quads,isolation,isolation,,,,,,24.0,moderate,,,6.262132,primary_training_target,7.7572625,False,cohort_mean_substitution,-1.4951305000000001
reis2017,reis2017,reis_lab_p6,indirect_calorimetry_breath_by_breath,COSMED K4b2,CC BY 4.0,https://doi.org/10.1371/journal.pone.0181311,"Reis VM, Garrido ND, Vianna J, Sousa AC, Alves JV, Marques MC (2017), PLOS ONE",GOLD,male,,27.5,,78.67,,mixed,LEG_EXTENSION,isolation,quads,isolation,isolation,,,,,,80.0,hard,,,17.177594499999998,primary_training_target,20.0,True,cohort_mean_substitution,-2.822405500000002
reis2017,reis2017,reis_lab_p7,indirect_calorimetry_breath_by_breath,COSMED K4b2,CC BY 4.0,https://doi.org/10.1371/journal.pone.0181311,"Reis VM, Garrido ND, Vianna J, Sousa AC, Alves JV, Marques MC (2017), PLOS ONE",GOLD,male,,27.5,,78.67,,mixed,LEG_EXTENSION,isolation,quads,isolation,isolation,,,,,,12.0,light,,,5.5501685,primary_training_target,6.974174999999999,False,cohort_mean_substitution,-1.424006499999999
reis2017,reis2017,reis_lab_p7,indirect_calorimetry_breath_by_breath,COSMED K4b2,CC BY 4.0,https://doi.org/10.1371/journal.pone.0181311,"Reis VM, Garrido ND, Vianna J, Sousa AC, Alves JV, Marques MC (2017), PLOS ONE",GOLD,male,,27.5,,78.67,,mixed,LEG_EXTENSION,isolation,quads,isolation,isolation,,,,,,16.0,light,,,6.7223515,primary_training_target,6.974174999999999,False,cohort_mean_substitution,-0.25182349999999865
reis2017,reis2017,reis_lab_p7,indirect_calorimetry_breath_by_breath,COSMED K4b2,CC BY 4.0,https://doi.org/10.1371/journal.pone.0181311,"Reis VM, Garrido ND, Vianna J, Sousa AC, Alves JV, Marques MC (2017), PLOS ONE",GOLD,male,,27.5,,78.67,,mixed,LEG_EXTENSION,isolation,quads,isolation,isolation,,,,,,20.0,moderate,,,7.009497,primary_training_target,7.7572625,False,cohort_mean_substitution,-0.7477655000000007
reis2017,reis2017,reis_lab_p7,indirect_calorimetry_breath_by_breath,COSMED K4b2,CC BY 4.0,https://doi.org/10.1371/journal.pone.0181311,"Reis VM, Garrido ND, Vianna J, Sousa AC, Alves JV, Marques MC (2017), PLOS ONE",GOLD,male,,27.5,,78.67,,mixed,LEG_EXTENSION,isolation,quads,isolation,isolation,,,,,,24.0,moderate,,,10.769923,primary_training_target,7.7572625,False,cohort_mean_substitution,3.0126605
reis2017,reis2017,reis_lab_p7,indirect_calorimetry_breath_by_breath,COSMED K4b2,CC BY 4.0,https://doi.org/10.1371/journal.pone.0181311,"Reis VM, Garrido ND, Vianna J, Sousa AC, Alves JV, Marques MC (2017), PLOS ONE",GOLD,male,,27.5,,78.67,,mixed,LEG_EXTENSION,isolation,quads,isolation,isolation,,,,,,80.0,hard,,,28.0183205,primary_training_target,20.0,True,cohort_mean_substitution,8.018320500000002
reis2017,reis2017,reis_lab_p8,indirect_calorimetry_breath_by_breath,COSMED K4b2,CC BY 4.0,https://doi.org/10.1371/journal.pone.0181311,"Reis VM, Garrido ND, Vianna J, Sousa AC, Alves JV, Marques MC (2017), PLOS ONE",GOLD,male,,27.5,,78.67,,mixed,LEG_EXTENSION,isolation,quads,isolation,isolation,,,,,,12.0,light,,,7.005563499999999,primary_training_target,6.974174999999999,False,cohort_mean_substitution,0.03138850000000026
reis2017,reis2017,reis_lab_p8,indirect_calorimetry_breath_by_breath,COSMED K4b2,CC BY 4.0,https://doi.org/10.1371/journal.pone.0181311,"Reis VM, Garrido ND, Vianna J, Sousa AC, Alves JV, Marques MC (2017), PLOS ONE",GOLD,male,,27.5,,78.67,,mixed,LEG_EXTENSION,isolation,quads,isolation,isolation,,,,,,16.0,light,,,7.6663915,primary_training_target,6.974174999999999,False,cohort_mean_substitution,0.6922165000000007
reis2017,reis2017,reis_lab_p8,indirect_calorimetry_breath_by_breath,COSMED K4b2,CC BY 4.0,https://doi.org/10.1371/journal.pone.0181311,"Reis VM, Garrido ND, Vianna J, Sousa AC, Alves JV, Marques MC (2017), PLOS ONE",GOLD,male,,27.5,,78.67,,mixed,LEG_EXTENSION,isolation,quads,isolation,isolation,,,,,,20.0,moderate,,,6.199196000000001,primary_training_target,7.7572625,False,cohort_mean_substitution,-1.5580664999999998
reis2017,reis2017,reis_lab_p8,indirect_calorimetry_breath_by_breath,COSMED K4b2,CC BY 4.0,https://doi.org/10.1371/journal.pone.0181311,"Reis VM, Garrido ND, Vianna J, Sousa AC, Alves JV, Marques MC (2017), PLOS ONE",GOLD,male,,27.5,,78.67,,mixed,LEG_EXTENSION,isolation,quads,isolation,isolation,,,,,,24.0,moderate,,,5.561969,primary_training_target,7.7572625,False,cohort_mean_substitution,-2.1952935
reis2017,reis2017,reis_lab_p8,indirect_calorimetry_breath_by_breath,COSMED K4b2,CC BY 4.0,https://doi.org/10.1371/journal.pone.0181311,"Reis VM, Garrido ND, Vianna J, Sousa AC, Alves JV, Marques MC (2017), PLOS ONE",GOLD,male,,27.5,,78.67,,mixed,LEG_EXTENSION,isolation,quads,isolation,isolation,,,,,,80.0,hard,,,22.916571,primary_training_target,20.0,True,cohort_mean_substitution,2.916571000000001
reis2017,reis2017,reis_lab_p9,indirect_calorimetry_breath_by_breath,COSMED K4b2,CC BY 4.0,https://doi.org/10.1371/journal.pone.0181311,"Reis VM, Garrido ND, Vianna J, Sousa AC, Alves JV, Marques MC (2017), PLOS ONE",GOLD,male,,27.5,,78.67,,mixed,LEG_EXTENSION,isolation,quads,isolation,isolation,,,,,,12.0,light,,,7.398913499999999,primary_training_target,6.974174999999999,False,cohort_mean_substitution,0.42473850000000013
reis2017,reis2017,reis_lab_p9,indirect_calorimetry_breath_by_breath,COSMED K4b2,CC BY 4.0,https://doi.org/10.1371/journal.pone.0181311,"Reis VM, Garrido ND, Vianna J, Sousa AC, Alves JV, Marques MC (2017), PLOS ONE",GOLD,male,,27.5,,78.67,,mixed,LEG_EXTENSION,isolation,quads,isolation,isolation,,,,,,16.0,light,,,7.556253499999999,primary_training_target,6.974174999999999,False,cohort_mean_substitution,0.5820784999999997
reis2017,reis2017,reis_lab_p9,indirect_calorimetry_breath_by_breath,COSMED K4b2,CC BY 4.0,https://doi.org/10.1371/journal.pone.0181311,"Reis VM, Garrido ND, Vianna J, Sousa AC, Alves JV, Marques MC (2017), PLOS ONE",GOLD,male,,27.5,,78.67,,mixed,LEG_EXTENSION,isolation,quads,isolation,isolation,,,,,,20.0,moderate,,,7.31631,primary_training_target,7.7572625,False,cohort_mean_substitution,-0.44095250000000075
reis2017,reis2017,reis_lab_p9,indirect_calorimetry_breath_by_breath,COSMED K4b2,CC BY 4.0,https://doi.org/10.1371/journal.pone.0181311,"Reis VM, Garrido ND, Vianna J, Sousa AC, Alves JV, Marques MC (2017), PLOS ONE",GOLD,male,,27.5,,78.67,,mixed,LEG_EXTENSION,isolation,quads,isolation,isolation,,,,,,24.0,moderate,,,9.0431165,primary_training_target,7.7572625,False,cohort_mean_substitution,1.2858539999999996
reis2017,reis2017,reis_lab_p9,indirect_calorimetry_breath_by_breath,COSMED K4b2,CC BY 4.0,https://doi.org/10.1371/journal.pone.0181311,"Reis VM, Garrido ND, Vianna J, Sousa AC, Alves JV, Marques MC (2017), PLOS ONE",GOLD,male,,27.5,,78.67,,mixed,LEG_EXTENSION,isolation,quads,isolation,isolation,,,,,,80.0,hard,,,24.796784,primary_training_target,20.0,True,cohort_mean_substitution,4.796783999999999
reis2017,reis2017,reis_lab_p10,indirect_calorimetry_breath_by_breath,COSMED K4b2,CC BY 4.0,https://doi.org/10.1371/journal.pone.0181311,"Reis VM, Garrido ND, Vianna J, Sousa AC, Alves JV, Marques MC (2017), PLOS ONE",GOLD,male,,27.5,,78.67,,mixed,LEG_EXTENSION,isolation,quads,isolation,isolation,,,,,,12.0,light,,,7.339911000000001,primary_training_target,6.974174999999999,False,cohort_mean_substitution,0.36573600000000184
reis2017,reis2017,reis_lab_p10,indirect_calorimetry_breath_by_breath,COSMED K4b2,CC BY 4.0,https://doi.org/10.1371/journal.pone.0181311,"Reis VM, Garrido ND, Vianna J, Sousa AC, Alves JV, Marques MC (2017), PLOS ONE",GOLD,male,,27.5,,78.67,,mixed,LEG_EXTENSION,isolation,quads,isolation,isolation,,,,,,16.0,light,,,8.873976,primary_training_target,6.974174999999999,False,cohort_mean_substitution,1.8998010000000018
reis2017,reis2017,reis_lab_p10,indirect_calorimetry_breath_by_breath,COSMED K4b2,CC BY 4.0,https://doi.org/10.1371/journal.pone.0181311,"Reis VM, Garrido ND, Vianna J, Sousa AC, Alves JV, Marques MC (2017), PLOS ONE",GOLD,male,,27.5,,78.67,,mixed,LEG_EXTENSION,isolation,quads,isolation,isolation,,,,,,20.0,moderate,,,6.411605,primary_training_target,7.7572625,False,cohort_mean_substitution,-1.3456575000000006
reis2017,reis2017,reis_lab_p10,indirect_calorimetry_breath_by_breath,COSMED K4b2,CC BY 4.0,https://doi.org/10.1371/journal.pone.0181311,"Reis VM, Garrido ND, Vianna J, Sousa AC, Alves JV, Marques MC (2017), PLOS ONE",GOLD,male,,27.5,,78.67,,mixed,LEG_EXTENSION,isolation,quads,isolation,isolation,,,,,,24.0,moderate,,,7.442182000000002,primary_training_target,7.7572625,False,cohort_mean_substitution,-0.31508049999999876
reis2017,reis2017,reis_lab_p10,indirect_calorimetry_breath_by_breath,COSMED K4b2,CC BY 4.0,https://doi.org/10.1371/journal.pone.0181311,"Reis VM, Garrido ND, Vianna J, Sousa AC, Alves JV, Marques MC (2017), PLOS ONE",GOLD,male,,27.5,,78.67,,mixed,LEG_EXTENSION,isolation,quads,isolation,isolation,,,,,,80.0,hard,,,23.2509185,primary_training_target,20.0,True,cohort_mean_substitution,3.250918500000001
reis2017,reis2017,reis_lab_p11,indirect_calorimetry_breath_by_breath,COSMED K4b2,CC BY 4.0,https://doi.org/10.1371/journal.pone.0181311,"Reis VM, Garrido ND, Vianna J, Sousa AC, Alves JV, Marques MC (2017), PLOS ONE",GOLD,male,,27.5,,78.67,,mixed,LEG_EXTENSION,isolation,quads,isolation,isolation,,,,,,12.0,light,,,5.8412475,primary_training_target,6.974174999999999,False,cohort_mean_substitution,-1.1329274999999992
reis2017,reis2017,reis_lab_p11,indirect_calorimetry_breath_by_breath,COSMED K4b2,CC BY 4.0,https://doi.org/10.1371/journal.pone.0181311,"Reis VM, Garrido ND, Vianna J, Sousa AC, Alves JV, Marques MC (2017), PLOS ONE",GOLD,male,,27.5,,78.67,,mixed,LEG_EXTENSION,isolation,quads,isolation,isolation,,,,,,16.0,light,,,6.4706075,primary_training_target,6.974174999999999,False,cohort_mean_substitution,-0.5035674999999991
reis2017,reis2017,reis_lab_p11,indirect_calorimetry_breath_by_breath,COSMED K4b2,CC BY 4.0,https://doi.org/10.1371/journal.pone.0181311,"Reis VM, Garrido ND, Vianna J, Sousa AC, Alves JV, Marques MC (2017), PLOS ONE",GOLD,male,,27.5,,78.67,,mixed,LEG_EXTENSION,isolation,quads,isolation,isolation,,,,,,20.0,moderate,,,6.5178095,primary_training_target,7.7572625,False,cohort_mean_substitution,-1.2394530000000001
reis2017,reis2017,reis_lab_p11,indirect_calorimetry_breath_by_breath,COSMED K4b2,CC BY 4.0,https://doi.org/10.1371/journal.pone.0181311,"Reis VM, Garrido ND, Vianna J, Sousa AC, Alves JV, Marques MC (2017), PLOS ONE",GOLD,male,,27.5,,78.67,,mixed,LEG_EXTENSION,isolation,quads,isolation,isolation,,,,,,24.0,moderate,,,5.758644,primary_training_target,7.7572625,False,cohort_mean_substitution,-1.9986185
reis2017,reis2017,reis_lab_p11,indirect_calorimetry_breath_by_breath,COSMED K4b2,CC BY 4.0,https://doi.org/10.1371/journal.pone.0181311,"Reis VM, Garrido ND, Vianna J, Sousa AC, Alves JV, Marques MC (2017), PLOS ONE",GOLD,male,,27.5,,78.67,,mixed,LEG_EXTENSION,isolation,quads,isolation,isolation,,,,,,80.0,hard,,,16.874715,primary_training_target,20.0,True,cohort_mean_substitution,-3.1252850000000016
reis2017,reis2017,reis_lab_p12,indirect_calorimetry_breath_by_breath,COSMED K4b2,CC BY 4.0,https://doi.org/10.1371/journal.pone.0181311,"Reis VM, Garrido ND, Vianna J, Sousa AC, Alves JV, Marques MC (2017), PLOS ONE",GOLD,male,,27.5,,78.67,,mixed,LEG_EXTENSION,isolation,quads,isolation,isolation,,,,,,12.0,light,,,5.451830999999999,primary_training_target,6.974174999999999,False,cohort_mean_substitution,-1.5223439999999995
reis2017,reis2017,reis_lab_p12,indirect_calorimetry_breath_by_breath,COSMED K4b2,CC BY 4.0,https://doi.org/10.1371/journal.pone.0181311,"Reis VM, Garrido ND, Vianna J, Sousa AC, Alves JV, Marques MC (2017), PLOS ONE",GOLD,male,,27.5,,78.67,,mixed,LEG_EXTENSION,isolation,quads,isolation,isolation,,,,,,16.0,light,,,6.2345975,primary_training_target,6.974174999999999,False,cohort_mean_substitution,-0.7395774999999993
reis2017,reis2017,reis_lab_p12,indirect_calorimetry_breath_by_breath,COSMED K4b2,CC BY 4.0,https://doi.org/10.1371/journal.pone.0181311,"Reis VM, Garrido ND, Vianna J, Sousa AC, Alves JV, Marques MC (2017), PLOS ONE",GOLD,male,,27.5,,78.67,,mixed,LEG_EXTENSION,isolation,quads,isolation,isolation,,,,,,20.0,moderate,,,4.9758775,primary_training_target,7.7572625,False,cohort_mean_substitution,-2.781385
reis2017,reis2017,reis_lab_p12,indirect_calorimetry_breath_by_breath,COSMED K4b2,CC BY 4.0,https://doi.org/10.1371/journal.pone.0181311,"Reis VM, Garrido ND, Vianna J, Sousa AC, Alves JV, Marques MC (2017), PLOS ONE",GOLD,male,,27.5,,78.67,,mixed,LEG_EXTENSION,isolation,quads,isolation,isolation,,,,,,24.0,moderate,,,5.601304000000001,primary_training_target,7.7572625,False,cohort_mean_substitution,-2.1559584999999997
reis2017,reis2017,reis_lab_p12,indirect_calorimetry_breath_by_breath,COSMED K4b2,CC BY 4.0,https://doi.org/10.1371/journal.pone.0181311,"Reis VM, Garrido ND, Vianna J, Sousa AC, Alves JV, Marques MC (2017), PLOS ONE",GOLD,male,,27.5,,78.67,,mixed,LEG_EXTENSION,isolation,quads,isolation,isolation,,,,,,80.0,hard,,,15.8323375,primary_training_target,20.0,True,cohort_mean_substitution,-4.1676625000000005
reis2017,reis2017,reis_lab_p13,indirect_calorimetry_breath_by_breath,COSMED K4b2,CC BY 4.0,https://doi.org/10.1371/journal.pone.0181311,"Reis VM, Garrido ND, Vianna J, Sousa AC, Alves JV, Marques MC (2017), PLOS ONE",GOLD,male,,27.5,,78.67,,mixed,LEG_EXTENSION,isolation,quads,isolation,isolation,,,,,,12.0,light,,,5.451830999999999,primary_training_target,6.974174999999999,False,cohort_mean_substitution,-1.5223439999999995
reis2017,reis2017,reis_lab_p13,indirect_calorimetry_breath_by_breath,COSMED K4b2,CC BY 4.0,https://doi.org/10.1371/journal.pone.0181311,"Reis VM, Garrido ND, Vianna J, Sousa AC, Alves JV, Marques MC (2017), PLOS ONE",GOLD,male,,27.5,,78.67,,mixed,LEG_EXTENSION,isolation,quads,isolation,isolation,,,,,,16.0,light,,,5.5816365,primary_training_target,6.974174999999999,False,cohort_mean_substitution,-1.3925384999999988
reis2017,reis2017,reis_lab_p13,indirect_calorimetry_breath_by_breath,COSMED K4b2,CC BY 4.0,https://doi.org/10.1371/journal.pone.0181311,"Reis VM, Garrido ND, Vianna J, Sousa AC, Alves JV, Marques MC (2017), PLOS ONE",GOLD,male,,27.5,,78.67,,mixed,LEG_EXTENSION,isolation,quads,isolation,isolation,,,,,,20.0,moderate,,,5.4950995,primary_training_target,7.7572625,False,cohort_mean_substitution,-2.262163
reis2017,reis2017,reis_lab_p13,indirect_calorimetry_breath_by_breath,COSMED K4b2,CC BY 4.0,https://doi.org/10.1371/journal.pone.0181311,"Reis VM, Garrido ND, Vianna J, Sousa AC, Alves JV, Marques MC (2017), PLOS ONE",GOLD,male,,27.5,,78.67,,mixed,LEG_EXTENSION,isolation,quads,isolation,isolation,,,,,,24.0,moderate,,,7.457916,primary_training_target,7.7572625,False,cohort_mean_substitution,-0.2993465000000004
reis2017,reis2017,reis_lab_p13,indirect_calorimetry_breath_by_breath,COSMED K4b2,CC BY 4.0,https://doi.org/10.1371/journal.pone.0181311,"Reis VM, Garrido ND, Vianna J, Sousa AC, Alves JV, Marques MC (2017), PLOS ONE",GOLD,male,,27.5,,78.67,,mixed,LEG_EXTENSION,isolation,quads,isolation,isolation,,,,,,80.0,hard,,,20.241791,primary_training_target,20.0,True,cohort_mean_substitution,0.2417909999999992
reis2017,reis2017,reis_lab_p14,indirect_calorimetry_breath_by_breath,COSMED K4b2,CC BY 4.0,https://doi.org/10.1371/journal.pone.0181311,"Reis VM, Garrido ND, Vianna J, Sousa AC, Alves JV, Marques MC (2017), PLOS ONE",GOLD,male,,27.5,,78.67,,mixed,LEG_EXTENSION,isolation,quads,isolation,isolation,,,,,,12.0,light,,,4.3858525,primary_training_target,6.974174999999999,False,cohort_mean_substitution,-2.5883224999999985
reis2017,reis2017,reis_lab_p14,indirect_calorimetry_breath_by_breath,COSMED K4b2,CC BY 4.0,https://doi.org/10.1371/journal.pone.0181311,"Reis VM, Garrido ND, Vianna J, Sousa AC, Alves JV, Marques MC (2017), PLOS ONE",GOLD,male,,27.5,,78.67,,mixed,LEG_EXTENSION,isolation,quads,isolation,isolation,,,,,,16.0,light,,,6.05759,primary_training_target,6.974174999999999,False,cohort_mean_substitution,-0.9165849999999987
reis2017,reis2017,reis_lab_p14,indirect_calorimetry_breath_by_breath,COSMED K4b2,CC BY 4.0,https://doi.org/10.1371/journal.pone.0181311,"Reis VM, Garrido ND, Vianna J, Sousa AC, Alves JV, Marques MC (2017), PLOS ONE",GOLD,male,,27.5,,78.67,,mixed,LEG_EXTENSION,isolation,quads,isolation,isolation,,,,,,20.0,moderate,,,4.9208085,primary_training_target,7.7572625,False,cohort_mean_substitution,-2.8364540000000007
reis2017,reis2017,reis_lab_p14,indirect_calorimetry_breath_by_breath,COSMED K4b2,CC BY 4.0,https://doi.org/10.1371/journal.pone.0181311,"Reis VM, Garrido ND, Vianna J, Sousa AC, Alves JV, Marques MC (2017), PLOS ONE",GOLD,male,,27.5,,78.67,,mixed,LEG_EXTENSION,isolation,quads,isolation,isolation,,,,,,24.0,moderate,,,7.2730415,primary_training_target,7.7572625,False,cohort_mean_substitution,-0.4842210000000007
reis2017,reis2017,reis_lab_p14,indirect_calorimetry_breath_by_breath,COSMED K4b2,CC BY 4.0,https://doi.org/10.1371/journal.pone.0181311,"Reis VM, Garrido ND, Vianna J, Sousa AC, Alves JV, Marques MC (2017), PLOS ONE",GOLD,male,,27.5,,78.67,,mixed,LEG_EXTENSION,isolation,quads,isolation,isolation,,,,,,80.0,hard,,,20.155254,primary_training_target,20.0,True,cohort_mean_substitution,0.15525399999999934
reis2019,reis2019,reis_lab_p1,indirect_calorimetry_breath_by_breath,COSMED K4b2,CC BY 4.0,https://doi.org/10.1371/journal.pone.0221284,"Reis VM, Vianna JM, Barbosa TM, Garrido N, Vilaca Alves J, Carneiro AL, Aidar FJ, Novaes J (2019), PLOS ONE",GOLD,male,,27.5,,78.67,,mixed,LAT_PULLDOWN,vertical_pull,lats,compound,vertical_pull,,,,,,12.0,light,,,4.043638,primary_training_target,3.2861749999999996,False,cohort_mean_substitution,0.757463
reis2019,reis2019,reis_lab_p1,indirect_calorimetry_breath_by_breath,COSMED K4b2,CC BY 4.0,https://doi.org/10.1371/journal.pone.0221284,"Reis VM, Vianna JM, Barbosa TM, Garrido N, Vilaca Alves J, Carneiro AL, Aidar FJ, Novaes J (2019), PLOS ONE",GOLD,male,,27.5,,78.67,,mixed,LAT_PULLDOWN,vertical_pull,lats,compound,vertical_pull,,,,,,16.0,light,,,4.043638,primary_training_target,3.2861749999999996,False,cohort_mean_substitution,0.757463
reis2019,reis2019,reis_lab_p1,indirect_calorimetry_breath_by_breath,COSMED K4b2,CC BY 4.0,https://doi.org/10.1371/journal.pone.0221284,"Reis VM, Vianna JM, Barbosa TM, Garrido N, Vilaca Alves J, Carneiro AL, Aidar FJ, Novaes J (2019), PLOS ONE",GOLD,male,,27.5,,78.67,,mixed,LAT_PULLDOWN,vertical_pull,lats,compound,vertical_pull,,,,,,20.0,moderate,,,5.3692275,primary_training_target,4.2892625,False,cohort_mean_substitution,1.0799649999999996
reis2019,reis2019,reis_lab_p1,indirect_calorimetry_breath_by_breath,COSMED K4b2,CC BY 4.0,https://doi.org/10.1371/journal.pone.0221284,"Reis VM, Vianna JM, Barbosa TM, Garrido N, Vilaca Alves J, Carneiro AL, Aidar FJ, Novaes J (2019), PLOS ONE",GOLD,male,,27.5,,78.67,,mixed,LAT_PULLDOWN,vertical_pull,lats,compound,vertical_pull,,,,,,24.0,moderate,,,5.1568185,primary_training_target,4.2892625,False,cohort_mean_substitution,0.8675559999999995
reis2019,reis2019,reis_lab_p2,indirect_calorimetry_breath_by_breath,COSMED K4b2,CC BY 4.0,https://doi.org/10.1371/journal.pone.0221284,"Reis VM, Vianna JM, Barbosa TM, Garrido N, Vilaca Alves J, Carneiro AL, Aidar FJ, Novaes J (2019), PLOS ONE",GOLD,male,,27.5,,78.67,,mixed,LAT_PULLDOWN,vertical_pull,lats,compound,vertical_pull,,,,,,12.0,light,,,3.075997,primary_training_target,3.2861749999999996,False,cohort_mean_substitution,-0.21017799999999953
reis2019,reis2019,reis_lab_p2,indirect_calorimetry_breath_by_breath,COSMED K4b2,CC BY 4.0,https://doi.org/10.1371/journal.pone.0221284,"Reis VM, Vianna JM, Barbosa TM, Garrido N, Vilaca Alves J, Carneiro AL, Aidar FJ, Novaes J (2019), PLOS ONE",GOLD,male,,27.5,,78.67,,mixed,LAT_PULLDOWN,vertical_pull,lats,compound,vertical_pull,,,,,,16.0,light,,,3.548017,primary_training_target,3.2861749999999996,False,cohort_mean_substitution,0.2618420000000006
reis2019,reis2019,reis_lab_p2,indirect_calorimetry_breath_by_breath,COSMED K4b2,CC BY 4.0,https://doi.org/10.1371/journal.pone.0221284,"Reis VM, Vianna JM, Barbosa TM, Garrido N, Vilaca Alves J, Carneiro AL, Aidar FJ, Novaes J (2019), PLOS ONE",GOLD,male,,27.5,,78.67,,mixed,LAT_PULLDOWN,vertical_pull,lats,compound,vertical_pull,,,,,,20.0,moderate,,,3.492948,primary_training_target,4.2892625,False,cohort_mean_substitution,-0.7963145000000003
reis2019,reis2019,reis_lab_p2,indirect_calorimetry_breath_by_breath,COSMED K4b2,CC BY 4.0,https://doi.org/10.1371/journal.pone.0221284,"Reis VM, Vianna JM, Barbosa TM, Garrido N, Vilaca Alves J, Carneiro AL, Aidar FJ, Novaes J (2019), PLOS ONE",GOLD,male,,27.5,,78.67,,mixed,LAT_PULLDOWN,vertical_pull,lats,compound,vertical_pull,,,,,,24.0,moderate,,,4.334717,primary_training_target,4.2892625,False,cohort_mean_substitution,0.04545449999999995
reis2019,reis2019,reis_lab_p3,indirect_calorimetry_breath_by_breath,COSMED K4b2,CC BY 4.0,https://doi.org/10.1371/journal.pone.0221284,"Reis VM, Vianna JM, Barbosa TM, Garrido N, Vilaca Alves J, Carneiro AL, Aidar FJ, Novaes J (2019), PLOS ONE",GOLD,male,,27.5,,78.67,,mixed,LAT_PULLDOWN,vertical_pull,lats,compound,vertical_pull,,,,,,12.0,light,,,3.4418125,primary_training_target,3.2861749999999996,False,cohort_mean_substitution,0.15563750000000054
reis2019,reis2019,reis_lab_p3,indirect_calorimetry_breath_by_breath,COSMED K4b2,CC BY 4.0,https://doi.org/10.1371/journal.pone.0221284,"Reis VM, Vianna JM, Barbosa TM, Garrido N, Vilaca Alves J, Carneiro AL, Aidar FJ, Novaes J (2019), PLOS ONE",GOLD,male,,27.5,,78.67,,mixed,LAT_PULLDOWN,vertical_pull,lats,compound,vertical_pull,,,,,,16.0,light,,,3.5952190000000006,primary_training_target,3.2861749999999996,False,cohort_mean_substitution,0.309044000000001
reis2019,reis2019,reis_lab_p3,indirect_calorimetry_breath_by_breath,COSMED K4b2,CC BY 4.0,https://doi.org/10.1371/journal.pone.0221284,"Reis VM, Vianna JM, Barbosa TM, Garrido N, Vilaca Alves J, Carneiro AL, Aidar FJ, Novaes J (2019), PLOS ONE",GOLD,male,,27.5,,78.67,,mixed,LAT_PULLDOWN,vertical_pull,lats,compound,vertical_pull,,,,,,20.0,moderate,,,3.4339455000000005,primary_training_target,4.2892625,False,cohort_mean_substitution,-0.8553169999999999
reis2019,reis2019,reis_lab_p3,indirect_calorimetry_breath_by_breath,COSMED K4b2,CC BY 4.0,https://doi.org/10.1371/journal.pone.0221284,"Reis VM, Vianna JM, Barbosa TM, Garrido N, Vilaca Alves J, Carneiro AL, Aidar FJ, Novaes J (2019), PLOS ONE",GOLD,male,,27.5,,78.67,,mixed,LAT_PULLDOWN,vertical_pull,lats,compound,vertical_pull,,,,,,24.0,moderate,,,3.9610345,primary_training_target,4.2892625,False,cohort_mean_substitution,-0.32822800000000063
reis2019,reis2019,reis_lab_p4,indirect_calorimetry_breath_by_breath,COSMED K4b2,CC BY 4.0,https://doi.org/10.1371/journal.pone.0221284,"Reis VM, Vianna JM, Barbosa TM, Garrido N, Vilaca Alves J, Carneiro AL, Aidar FJ, Novaes J (2019), PLOS ONE",GOLD,male,,27.5,,78.67,,mixed,LAT_PULLDOWN,vertical_pull,lats,compound,vertical_pull,,,,,,12.0,light,,,2.737716,primary_training_target,3.2861749999999996,False,cohort_mean_substitution,-0.5484589999999998
reis2019,reis2019,reis_lab_p4,indirect_calorimetry_breath_by_breath,COSMED K4b2,CC BY 4.0,https://doi.org/10.1371/journal.pone.0221284,"Reis VM, Vianna JM, Barbosa TM, Garrido N, Vilaca Alves J, Carneiro AL, Aidar FJ, Novaes J (2019), PLOS ONE",GOLD,male,,27.5,,78.67,,mixed,LAT_PULLDOWN,vertical_pull,lats,compound,vertical_pull,,,,,,16.0,light,,,2.5056395,primary_training_target,3.2861749999999996,False,cohort_mean_substitution,-0.7805354999999996
reis2019,reis2019,reis_lab_p4,indirect_calorimetry_breath_by_breath,COSMED K4b2,CC BY 4.0,https://doi.org/10.1371/journal.pone.0221284,"Reis VM, Vianna JM, Barbosa TM, Garrido N, Vilaca Alves J, Carneiro AL, Aidar FJ, Novaes J (2019), PLOS ONE",GOLD,male,,27.5,,78.67,,mixed,LAT_PULLDOWN,vertical_pull,lats,compound,vertical_pull,,,,,,20.0,moderate,,,3.85483,primary_training_target,4.2892625,False,cohort_mean_substitution,-0.4344325000000002
reis2019,reis2019,reis_lab_p4,indirect_calorimetry_breath_by_breath,COSMED K4b2,CC BY 4.0,https://doi.org/10.1371/journal.pone.0221284,"Reis VM, Vianna JM, Barbosa TM, Garrido N, Vilaca Alves J, Carneiro AL, Aidar FJ, Novaes J (2019), PLOS ONE",GOLD,male,,27.5,,78.67,,mixed,LAT_PULLDOWN,vertical_pull,lats,compound,vertical_pull,,,,,,24.0,moderate,,,3.77616,primary_training_target,4.2892625,False,cohort_mean_substitution,-0.5131025000000005
reis2019,reis2019,reis_lab_p5,indirect_calorimetry_breath_by_breath,COSMED K4b2,CC BY 4.0,https://doi.org/10.1371/journal.pone.0221284,"Reis VM, Vianna JM, Barbosa TM, Garrido N, Vilaca Alves J, Carneiro AL, Aidar FJ, Novaes J (2019), PLOS ONE",GOLD,male,,27.5,,78.67,,mixed,LAT_PULLDOWN,vertical_pull,lats,compound,vertical_pull,,,,,,12.0,light,,,3.1113985,primary_training_target,3.2861749999999996,False,cohort_mean_substitution,-0.17477649999999967
reis2019,reis2019,reis_lab_p5,indirect_calorimetry_breath_by_breath,COSMED K4b2,CC BY 4.0,https://doi.org/10.1371/journal.pone.0221284,"Reis VM, Vianna JM, Barbosa TM, Garrido N, Vilaca Alves J, Carneiro AL, Aidar FJ, Novaes J (2019), PLOS ONE",GOLD,male,,27.5,,78.67,,mixed,LAT_PULLDOWN,vertical_pull,lats,compound,vertical_pull,,,,,,16.0,light,,,2.918657,primary_training_target,3.2861749999999996,False,cohort_mean_substitution,-0.36751799999999957
reis2019,reis2019,reis_lab_p5,indirect_calorimetry_breath_by_breath,COSMED K4b2,CC BY 4.0,https://doi.org/10.1371/journal.pone.0221284,"Reis VM, Vianna JM, Barbosa TM, Garrido N, Vilaca Alves J, Carneiro AL, Aidar FJ, Novaes J (2019), PLOS ONE",GOLD,male,,27.5,,78.67,,mixed,LAT_PULLDOWN,vertical_pull,lats,compound,vertical_pull,,,,,,20.0,moderate,,,3.626687,primary_training_target,4.2892625,False,cohort_mean_substitution,-0.6625755000000004
reis2019,reis2019,reis_lab_p5,indirect_calorimetry_breath_by_breath,COSMED K4b2,CC BY 4.0,https://doi.org/10.1371/journal.pone.0221284,"Reis VM, Vianna JM, Barbosa TM, Garrido N, Vilaca Alves J, Carneiro AL, Aidar FJ, Novaes J (2019), PLOS ONE",GOLD,male,,27.5,,78.67,,mixed,LAT_PULLDOWN,vertical_pull,lats,compound,vertical_pull,,,,,,24.0,moderate,,,3.7800935,primary_training_target,4.2892625,False,cohort_mean_substitution,-0.5091690000000004
reis2019,reis2019,reis_lab_p6,indirect_calorimetry_breath_by_breath,COSMED K4b2,CC BY 4.0,https://doi.org/10.1371/journal.pone.0221284,"Reis VM, Vianna JM, Barbosa TM, Garrido N, Vilaca Alves J, Carneiro AL, Aidar FJ, Novaes J (2019), PLOS ONE",GOLD,male,,27.5,,78.67,,mixed,LAT_PULLDOWN,vertical_pull,lats,compound,vertical_pull,,,,,,12.0,light,,,3.8587635000000007,primary_training_target,3.2861749999999996,False,cohort_mean_substitution,0.572588500000001
reis2019,reis2019,reis_lab_p6,indirect_calorimetry_breath_by_breath,COSMED K4b2,CC BY 4.0,https://doi.org/10.1371/journal.pone.0221284,"Reis VM, Vianna JM, Barbosa TM, Garrido N, Vilaca Alves J, Carneiro AL, Aidar FJ, Novaes J (2019), PLOS ONE",GOLD,male,,27.5,,78.67,,mixed,LAT_PULLDOWN,vertical_pull,lats,compound,vertical_pull,,,,,,16.0,light,,,3.2215365,primary_training_target,3.2861749999999996,False,cohort_mean_substitution,-0.0646384999999996
reis2019,reis2019,reis_lab_p6,indirect_calorimetry_breath_by_breath,COSMED K4b2,CC BY 4.0,https://doi.org/10.1371/journal.pone.0221284,"Reis VM, Vianna JM, Barbosa TM, Garrido N, Vilaca Alves J, Carneiro AL, Aidar FJ, Novaes J (2019), PLOS ONE",GOLD,male,,27.5,,78.67,,mixed,LAT_PULLDOWN,vertical_pull,lats,compound,vertical_pull,,,,,,20.0,moderate,,,3.721091,primary_training_target,4.2892625,False,cohort_mean_substitution,-0.5681715000000005
reis2019,reis2019,reis_lab_p6,indirect_calorimetry_breath_by_breath,COSMED K4b2,CC BY 4.0,https://doi.org/10.1371/journal.pone.0221284,"Reis VM, Vianna JM, Barbosa TM, Garrido N, Vilaca Alves J, Carneiro AL, Aidar FJ, Novaes J (2019), PLOS ONE",GOLD,male,,27.5,,78.67,,mixed,LAT_PULLDOWN,vertical_pull,lats,compound,vertical_pull,,,,,,24.0,moderate,,,3.6070195,primary_training_target,4.2892625,False,cohort_mean_substitution,-0.6822430000000006
reis2019,reis2019,reis_lab_p7,indirect_calorimetry_breath_by_breath,COSMED K4b2,CC BY 4.0,https://doi.org/10.1371/journal.pone.0221284,"Reis VM, Vianna JM, Barbosa TM, Garrido N, Vilaca Alves J, Carneiro AL, Aidar FJ, Novaes J (2019), PLOS ONE",GOLD,male,,27.5,,78.67,,mixed,LAT_PULLDOWN,vertical_pull,lats,compound,vertical_pull,,,,,,12.0,light,,,2.352233,primary_training_target,3.2861749999999996,False,cohort_mean_substitution,-0.9339419999999996
reis2019,reis2019,reis_lab_p7,indirect_calorimetry_breath_by_breath,COSMED K4b2,CC BY 4.0,https://doi.org/10.1371/journal.pone.0221284,"Reis VM, Vianna JM, Barbosa TM, Garrido N, Vilaca Alves J, Carneiro AL, Aidar FJ, Novaes J (2019), PLOS ONE",GOLD,male,,27.5,,78.67,,mixed,LAT_PULLDOWN,vertical_pull,lats,compound,vertical_pull,,,,,,16.0,light,,,3.2844725,primary_training_target,3.2861749999999996,False,cohort_mean_substitution,-0.001702499999999496
reis2019,reis2019,reis_lab_p7,indirect_calorimetry_breath_by_breath,COSMED K4b2,CC BY 4.0,https://doi.org/10.1371/journal.pone.0221284,"Reis VM, Vianna JM, Barbosa TM, Garrido N, Vilaca Alves J, Carneiro AL, Aidar FJ, Novaes J (2019), PLOS ONE",GOLD,male,,27.5,,78.67,,mixed,LAT_PULLDOWN,vertical_pull,lats,compound,vertical_pull,,,,,,20.0,moderate,,,3.5322830000000005,primary_training_target,4.2892625,False,cohort_mean_substitution,-0.7569794999999999
reis2019,reis2019,reis_lab_p7,indirect_calorimetry_breath_by_breath,COSMED K4b2,CC BY 4.0,https://doi.org/10.1371/journal.pone.0221284,"Reis VM, Vianna JM, Barbosa TM, Garrido N, Vilaca Alves J, Carneiro AL, Aidar FJ, Novaes J (2019), PLOS ONE",GOLD,male,,27.5,,78.67,,mixed,LAT_PULLDOWN,vertical_pull,lats,compound,vertical_pull,,,,,,24.0,moderate,,,4.5825275,primary_training_target,4.2892625,False,cohort_mean_substitution,0.2932649999999999
reis2019,reis2019,reis_lab_p8,indirect_calorimetry_breath_by_breath,COSMED K4b2,CC BY 4.0,https://doi.org/10.1371/journal.pone.0221284,"Reis VM, Vianna JM, Barbosa TM, Garrido N, Vilaca Alves J, Carneiro AL, Aidar FJ, Novaes J (2019), PLOS ONE",GOLD,male,,27.5,,78.67,,mixed,LAT_PULLDOWN,vertical_pull,lats,compound,vertical_pull,,,,,,12.0,light,,,2.5685755,primary_training_target,3.2861749999999996,False,cohort_mean_substitution,-0.7175994999999995
reis2019,reis2019,reis_lab_p8,indirect_calorimetry_breath_by_breath,COSMED K4b2,CC BY 4.0,https://doi.org/10.1371/journal.pone.0221284,"Reis VM, Vianna JM, Barbosa TM, Garrido N, Vilaca Alves J, Carneiro AL, Aidar FJ, Novaes J (2019), PLOS ONE",GOLD,male,,27.5,,78.67,,mixed,LAT_PULLDOWN,vertical_pull,lats,compound,vertical_pull,,,,,,16.0,light,,,3.1192655,primary_training_target,3.2861749999999996,False,cohort_mean_substitution,-0.1669094999999996
reis2019,reis2019,reis_lab_p8,indirect_calorimetry_breath_by_breath,COSMED K4b2,CC BY 4.0,https://doi.org/10.1371/journal.pone.0221284,"Reis VM, Vianna JM, Barbosa TM, Garrido N, Vilaca Alves J, Carneiro AL, Aidar FJ, Novaes J (2019), PLOS ONE",GOLD,male,,27.5,,78.67,,mixed,LAT_PULLDOWN,vertical_pull,lats,compound,vertical_pull,,,,,,20.0,moderate,,,3.437879000000001,primary_training_target,4.2892625,False,cohort_mean_substitution,-0.8513834999999994
reis2019,reis2019,reis_lab_p8,indirect_calorimetry_breath_by_breath,COSMED K4b2,CC BY 4.0,https://doi.org/10.1371/journal.pone.0221284,"Reis VM, Vianna JM, Barbosa TM, Garrido N, Vilaca Alves J, Carneiro AL, Aidar FJ, Novaes J (2019), PLOS ONE",GOLD,male,,27.5,,78.67,,mixed,LAT_PULLDOWN,vertical_pull,lats,compound,vertical_pull,,,,,,24.0,moderate,,,3.980702,primary_training_target,4.2892625,False,cohort_mean_substitution,-0.30856050000000046
reis2019,reis2019,reis_lab_p9,indirect_calorimetry_breath_by_breath,COSMED K4b2,CC BY 4.0,https://doi.org/10.1371/journal.pone.0221284,"Reis VM, Vianna JM, Barbosa TM, Garrido N, Vilaca Alves J, Carneiro AL, Aidar FJ, Novaes J (2019), PLOS ONE",GOLD,male,,27.5,,78.67,,mixed,LAT_PULLDOWN,vertical_pull,lats,compound,vertical_pull,,,,,,12.0,light,,,3.658155,primary_training_target,3.2861749999999996,False,cohort_mean_substitution,0.3719800000000002
reis2019,reis2019,reis_lab_p9,indirect_calorimetry_breath_by_breath,COSMED K4b2,CC BY 4.0,https://doi.org/10.1371/journal.pone.0221284,"Reis VM, Vianna JM, Barbosa TM, Garrido N, Vilaca Alves J, Carneiro AL, Aidar FJ, Novaes J (2019), PLOS ONE",GOLD,male,,27.5,,78.67,,mixed,LAT_PULLDOWN,vertical_pull,lats,compound,vertical_pull,,,,,,16.0,light,,,2.619711,primary_training_target,3.2861749999999996,False,cohort_mean_substitution,-0.6664639999999995
reis2019,reis2019,reis_lab_p9,indirect_calorimetry_breath_by_breath,COSMED K4b2,CC BY 4.0,https://doi.org/10.1371/journal.pone.0221284,"Reis VM, Vianna JM, Barbosa TM, Garrido N, Vilaca Alves J, Carneiro AL, Aidar FJ, Novaes J (2019), PLOS ONE",GOLD,male,,27.5,,78.67,,mixed,LAT_PULLDOWN,vertical_pull,lats,compound,vertical_pull,,,,,,20.0,moderate,,,4.177377,primary_training_target,4.2892625,False,cohort_mean_substitution,-0.11188550000000053
reis2019,reis2019,reis_lab_p9,indirect_calorimetry_breath_by_breath,COSMED K4b2,CC BY 4.0,https://doi.org/10.1371/journal.pone.0221284,"Reis VM, Vianna JM, Barbosa TM, Garrido N, Vilaca Alves J, Carneiro AL, Aidar FJ, Novaes J (2019), PLOS ONE",GOLD,male,,27.5,,78.67,,mixed,LAT_PULLDOWN,vertical_pull,lats,compound,vertical_pull,,,,,,24.0,moderate,,,3.3867435,primary_training_target,4.2892625,False,cohort_mean_substitution,-0.9025190000000003
reis2019,reis2019,reis_lab_p10,indirect_calorimetry_breath_by_breath,COSMED K4b2,CC BY 4.0,https://doi.org/10.1371/journal.pone.0221284,"Reis VM, Vianna JM, Barbosa TM, Garrido N, Vilaca Alves J, Carneiro AL, Aidar FJ, Novaes J (2019), PLOS ONE",GOLD,male,,27.5,,78.67,,mixed,LAT_PULLDOWN,vertical_pull,lats,compound,vertical_pull,,,,,,12.0,light,,,3.3238075,primary_training_target,3.2861749999999996,False,cohort_mean_substitution,0.0376325000000004
reis2019,reis2019,reis_lab_p10,indirect_calorimetry_breath_by_breath,COSMED K4b2,CC BY 4.0,https://doi.org/10.1371/journal.pone.0221284,"Reis VM, Vianna JM, Barbosa TM, Garrido N, Vilaca Alves J, Carneiro AL, Aidar FJ, Novaes J (2019), PLOS ONE",GOLD,male,,27.5,,78.67,,mixed,LAT_PULLDOWN,vertical_pull,lats,compound,vertical_pull,,,,,,16.0,light,,,4.413387000000001,primary_training_target,3.2861749999999996,False,cohort_mean_substitution,1.1272120000000014
reis2019,reis2019,reis_lab_p10,indirect_calorimetry_breath_by_breath,COSMED K4b2,CC BY 4.0,https://doi.org/10.1371/journal.pone.0221284,"Reis VM, Vianna JM, Barbosa TM, Garrido N, Vilaca Alves J, Carneiro AL, Aidar FJ, Novaes J (2019), PLOS ONE",GOLD,male,,27.5,,78.67,,mixed,LAT_PULLDOWN,vertical_pull,lats,compound,vertical_pull,,,,,,20.0,moderate,,,4.2678475,primary_training_target,4.2892625,False,cohort_mean_substitution,-0.021415000000000184
reis2019,reis2019,reis_lab_p10,indirect_calorimetry_breath_by_breath,COSMED K4b2,CC BY 4.0,https://doi.org/10.1371/journal.pone.0221284,"Reis VM, Vianna JM, Barbosa TM, Garrido N, Vilaca Alves J, Carneiro AL, Aidar FJ, Novaes J (2019), PLOS ONE",GOLD,male,,27.5,,78.67,,mixed,LAT_PULLDOWN,vertical_pull,lats,compound,vertical_pull,,,,,,24.0,moderate,,,8.759904500000001,primary_training_target,4.2892625,False,cohort_mean_substitution,4.470642000000001
reis2019,reis2019,reis_lab_p11,indirect_calorimetry_breath_by_breath,COSMED K4b2,CC BY 4.0,https://doi.org/10.1371/journal.pone.0221284,"Reis VM, Vianna JM, Barbosa TM, Garrido N, Vilaca Alves J, Carneiro AL, Aidar FJ, Novaes J (2019), PLOS ONE",GOLD,male,,27.5,,78.67,,mixed,LAT_PULLDOWN,vertical_pull,lats,compound,vertical_pull,,,,,,12.0,light,,,3.30414,primary_training_target,3.2861749999999996,False,cohort_mean_substitution,0.01796500000000023
reis2019,reis2019,reis_lab_p11,indirect_calorimetry_breath_by_breath,COSMED K4b2,CC BY 4.0,https://doi.org/10.1371/journal.pone.0221284,"Reis VM, Vianna JM, Barbosa TM, Garrido N, Vilaca Alves J, Carneiro AL, Aidar FJ, Novaes J (2019), PLOS ONE",GOLD,male,,27.5,,78.67,,mixed,LAT_PULLDOWN,vertical_pull,lats,compound,vertical_pull,,,,,,16.0,light,,,2.5764425,primary_training_target,3.2861749999999996,False,cohort_mean_substitution,-0.7097324999999994
reis2019,reis2019,reis_lab_p11,indirect_calorimetry_breath_by_breath,COSMED K4b2,CC BY 4.0,https://doi.org/10.1371/journal.pone.0221284,"Reis VM, Vianna JM, Barbosa TM, Garrido N, Vilaca Alves J, Carneiro AL, Aidar FJ, Novaes J (2019), PLOS ONE",GOLD,male,,27.5,,78.67,,mixed,LAT_PULLDOWN,vertical_pull,lats,compound,vertical_pull,,,,,,20.0,moderate,,,3.6384875,primary_training_target,4.2892625,False,cohort_mean_substitution,-0.6507750000000003
reis2019,reis2019,reis_lab_p11,indirect_calorimetry_breath_by_breath,COSMED K4b2,CC BY 4.0,https://doi.org/10.1371/journal.pone.0221284,"Reis VM, Vianna JM, Barbosa TM, Garrido N, Vilaca Alves J, Carneiro AL, Aidar FJ, Novaes J (2019), PLOS ONE",GOLD,male,,27.5,,78.67,,mixed,LAT_PULLDOWN,vertical_pull,lats,compound,vertical_pull,,,,,,24.0,moderate,,,3.5558839999999994,primary_training_target,4.2892625,False,cohort_mean_substitution,-0.733378500000001
reis2019,reis2019,reis_lab_p12,indirect_calorimetry_breath_by_breath,COSMED K4b2,CC BY 4.0,https://doi.org/10.1371/journal.pone.0221284,"Reis VM, Vianna JM, Barbosa TM, Garrido N, Vilaca Alves J, Carneiro AL, Aidar FJ, Novaes J (2019), PLOS ONE",GOLD,male,,27.5,,78.67,,mixed,LAT_PULLDOWN,vertical_pull,lats,compound,vertical_pull,,,,,,12.0,light,,,3.6699555,primary_training_target,3.2861749999999996,False,cohort_mean_substitution,0.3837805000000003
reis2019,reis2019,reis_lab_p12,indirect_calorimetry_breath_by_breath,COSMED K4b2,CC BY 4.0,https://doi.org/10.1371/journal.pone.0221284,"Reis VM, Vianna JM, Barbosa TM, Garrido N, Vilaca Alves J, Carneiro AL, Aidar FJ, Novaes J (2019), PLOS ONE",GOLD,male,,27.5,,78.67,,mixed,LAT_PULLDOWN,vertical_pull,lats,compound,vertical_pull,,,,,,16.0,light,,,2.8596544999999995,primary_training_target,3.2861749999999996,False,cohort_mean_substitution,-0.4265205000000001
reis2019,reis2019,reis_lab_p12,indirect_calorimetry_breath_by_breath,COSMED K4b2,CC BY 4.0,https://doi.org/10.1371/journal.pone.0221284,"Reis VM, Vianna JM, Barbosa TM, Garrido N, Vilaca Alves J, Carneiro AL, Aidar FJ, Novaes J (2019), PLOS ONE",GOLD,male,,27.5,,78.67,,mixed,LAT_PULLDOWN,vertical_pull,lats,compound,vertical_pull,,,,,,20.0,moderate,,,4.971944000000001,primary_training_target,4.2892625,False,cohort_mean_substitution,0.6826815000000002
reis2019,reis2019,reis_lab_p12,indirect_calorimetry_breath_by_breath,COSMED K4b2,CC BY 4.0,https://doi.org/10.1371/journal.pone.0221284,"Reis VM, Vianna JM, Barbosa TM, Garrido N, Vilaca Alves J, Carneiro AL, Aidar FJ, Novaes J (2019), PLOS ONE",GOLD,male,,27.5,,78.67,,mixed,LAT_PULLDOWN,vertical_pull,lats,compound,vertical_pull,,,,,,24.0,moderate,,,3.630620500000001,primary_training_target,4.2892625,False,cohort_mean_substitution,-0.6586419999999995
reis2019,reis2019,reis_lab_p13,indirect_calorimetry_breath_by_breath,COSMED K4b2,CC BY 4.0,https://doi.org/10.1371/journal.pone.0221284,"Reis VM, Vianna JM, Barbosa TM, Garrido N, Vilaca Alves J, Carneiro AL, Aidar FJ, Novaes J (2019), PLOS ONE",GOLD,male,,27.5,,78.67,,mixed,LAT_PULLDOWN,vertical_pull,lats,compound,vertical_pull,,,,,,12.0,light,,,2.926524,primary_training_target,3.2861749999999996,False,cohort_mean_substitution,-0.3596509999999995
reis2019,reis2019,reis_lab_p13,indirect_calorimetry_breath_by_breath,COSMED K4b2,CC BY 4.0,https://doi.org/10.1371/journal.pone.0221284,"Reis VM, Vianna JM, Barbosa TM, Garrido N, Vilaca Alves J, Carneiro AL, Aidar FJ, Novaes J (2019), PLOS ONE",GOLD,male,,27.5,,78.67,,mixed,LAT_PULLDOWN,vertical_pull,lats,compound,vertical_pull,,,,,,16.0,light,,,3.548017,primary_training_target,3.2861749999999996,False,cohort_mean_substitution,0.2618420000000006
reis2019,reis2019,reis_lab_p13,indirect_calorimetry_breath_by_breath,COSMED K4b2,CC BY 4.0,https://doi.org/10.1371/journal.pone.0221284,"Reis VM, Vianna JM, Barbosa TM, Garrido N, Vilaca Alves J, Carneiro AL, Aidar FJ, Novaes J (2019), PLOS ONE",GOLD,male,,27.5,,78.67,,mixed,LAT_PULLDOWN,vertical_pull,lats,compound,vertical_pull,,,,,,20.0,moderate,,,3.1822015,primary_training_target,4.2892625,False,cohort_mean_substitution,-1.1070610000000003
reis2019,reis2019,reis_lab_p13,indirect_calorimetry_breath_by_breath,COSMED K4b2,CC BY 4.0,https://doi.org/10.1371/journal.pone.0221284,"Reis VM, Vianna JM, Barbosa TM, Garrido N, Vilaca Alves J, Carneiro AL, Aidar FJ, Novaes J (2019), PLOS ONE",GOLD,male,,27.5,,78.67,,mixed,LAT_PULLDOWN,vertical_pull,lats,compound,vertical_pull,,,,,,24.0,moderate,,,4.334717,primary_training_target,4.2892625,False,cohort_mean_substitution,0.04545449999999995
reis2019,reis2019,reis_lab_p14,indirect_calorimetry_breath_by_breath,COSMED K4b2,CC BY 4.0,https://doi.org/10.1371/journal.pone.0221284,"Reis VM, Vianna JM, Barbosa TM, Garrido N, Vilaca Alves J, Carneiro AL, Aidar FJ, Novaes J (2019), PLOS ONE",GOLD,male,,27.5,,78.67,,mixed,LAT_PULLDOWN,vertical_pull,lats,compound,vertical_pull,,,,,,12.0,light,,,3.241204,primary_training_target,3.2861749999999996,False,cohort_mean_substitution,-0.04497099999999943
reis2019,reis2019,reis_lab_p14,indirect_calorimetry_breath_by_breath,COSMED K4b2,CC BY 4.0,https://doi.org/10.1371/journal.pone.0221284,"Reis VM, Vianna JM, Barbosa TM, Garrido N, Vilaca Alves J, Carneiro AL, Aidar FJ, Novaes J (2019), PLOS ONE",GOLD,male,,27.5,,78.67,,mixed,LAT_PULLDOWN,vertical_pull,lats,compound,vertical_pull,,,,,,16.0,light,,,2.1988265,primary_training_target,3.2861749999999996,False,cohort_mean_substitution,-1.0873484999999996
reis2019,reis2019,reis_lab_p14,indirect_calorimetry_breath_by_breath,COSMED K4b2,CC BY 4.0,https://doi.org/10.1371/journal.pone.0221284,"Reis VM, Vianna JM, Barbosa TM, Garrido N, Vilaca Alves J, Carneiro AL, Aidar FJ, Novaes J (2019), PLOS ONE",GOLD,male,,27.5,,78.67,,mixed,LAT_PULLDOWN,vertical_pull,lats,compound,vertical_pull,,,,,,20.0,moderate,,,3.8351625,primary_training_target,4.2892625,False,cohort_mean_substitution,-0.4541000000000004
reis2019,reis2019,reis_lab_p14,indirect_calorimetry_breath_by_breath,COSMED K4b2,CC BY 4.0,https://doi.org/10.1371/journal.pone.0221284,"Reis VM, Vianna JM, Barbosa TM, Garrido N, Vilaca Alves J, Carneiro AL, Aidar FJ, Novaes J (2019), PLOS ONE",GOLD,male,,27.5,,78.67,,mixed,LAT_PULLDOWN,vertical_pull,lats,compound,vertical_pull,,,,,,24.0,moderate,,,4.2914485,primary_training_target,4.2892625,False,cohort_mean_substitution,0.0021860000000000213
reis2019,reis2019,reis_lab_p1,indirect_calorimetry_breath_by_breath,COSMED K4b2,CC BY 4.0,https://doi.org/10.1371/journal.pone.0221284,"Reis VM, Vianna JM, Barbosa TM, Garrido N, Vilaca Alves J, Carneiro AL, Aidar FJ, Novaes J (2019), PLOS ONE",GOLD,male,,27.5,,78.67,,mixed,BENCH_PRESS,horizontal_push,chest,compound,horizontal_push,,,,,,12.0,light,,,4.861806,primary_training_target,4.2391749999999995,False,cohort_mean_substitution,0.6226310000000002
reis2019,reis2019,reis_lab_p1,indirect_calorimetry_breath_by_breath,COSMED K4b2,CC BY 4.0,https://doi.org/10.1371/journal.pone.0221284,"Reis VM, Vianna JM, Barbosa TM, Garrido N, Vilaca Alves J, Carneiro AL, Aidar FJ, Novaes J (2019), PLOS ONE",GOLD,male,,27.5,,78.67,,mixed,BENCH_PRESS,horizontal_push,chest,compound,horizontal_push,,,,,,16.0,light,,,4.8814735,primary_training_target,4.2391749999999995,False,cohort_mean_substitution,0.6422985000000008
reis2019,reis2019,reis_lab_p1,indirect_calorimetry_breath_by_breath,COSMED K4b2,CC BY 4.0,https://doi.org/10.1371/journal.pone.0221284,"Reis VM, Vianna JM, Barbosa TM, Garrido N, Vilaca Alves J, Carneiro AL, Aidar FJ, Novaes J (2019), PLOS ONE",GOLD,male,,27.5,,78.67,,mixed,BENCH_PRESS,horizontal_push,chest,compound,horizontal_push,,,,,,20.0,moderate,,,5.286624000000001,primary_training_target,4.5232625,False,cohort_mean_substitution,0.7633615000000002
reis2019,reis2019,reis_lab_p1,indirect_calorimetry_breath_by_breath,COSMED K4b2,CC BY 4.0,https://doi.org/10.1371/journal.pone.0221284,"Reis VM, Vianna JM, Barbosa TM, Garrido N, Vilaca Alves J, Carneiro AL, Aidar FJ, Novaes J (2019), PLOS ONE",GOLD,male,,27.5,,78.67,,mixed,BENCH_PRESS,horizontal_push,chest,compound,horizontal_push,,,,,,24.0,moderate,,,5.286624000000001,primary_training_target,4.5232625,False,cohort_mean_substitution,0.7633615000000002
reis2019,reis2019,reis_lab_p2,indirect_calorimetry_breath_by_breath,COSMED K4b2,CC BY 4.0,https://doi.org/10.1371/journal.pone.0221284,"Reis VM, Vianna JM, Barbosa TM, Garrido N, Vilaca Alves J, Carneiro AL, Aidar FJ, Novaes J (2019), PLOS ONE",GOLD,male,,27.5,,78.67,,mixed,BENCH_PRESS,horizontal_push,chest,compound,horizontal_push,,,,,,12.0,light,,,3.787960500000001,primary_training_target,4.2391749999999995,False,cohort_mean_substitution,-0.4512144999999985
reis2019,reis2019,reis_lab_p2,indirect_calorimetry_breath_by_breath,COSMED K4b2,CC BY 4.0,https://doi.org/10.1371/journal.pone.0221284,"Reis VM, Vianna JM, Barbosa TM, Garrido N, Vilaca Alves J, Carneiro AL, Aidar FJ, Novaes J (2019), PLOS ONE",GOLD,male,,27.5,,78.67,,mixed,BENCH_PRESS,horizontal_push,chest,compound,horizontal_push,,,,,,16.0,light,,,3.890231500000001,primary_training_target,4.2391749999999995,False,cohort_mean_substitution,-0.3489434999999985
reis2019,reis2019,reis_lab_p2,indirect_calorimetry_breath_by_breath,COSMED K4b2,CC BY 4.0,https://doi.org/10.1371/journal.pone.0221284,"Reis VM, Vianna JM, Barbosa TM, Garrido N, Vilaca Alves J, Carneiro AL, Aidar FJ, Novaes J (2019), PLOS ONE",GOLD,male,,27.5,,78.67,,mixed,BENCH_PRESS,horizontal_push,chest,compound,horizontal_push,,,,,,20.0,moderate,,,4.56286,primary_training_target,4.5232625,False,cohort_mean_substitution,0.039597499999999286
reis2019,reis2019,reis_lab_p2,indirect_calorimetry_breath_by_breath,COSMED K4b2,CC BY 4.0,https://doi.org/10.1371/journal.pone.0221284,"Reis VM, Vianna JM, Barbosa TM, Garrido N, Vilaca Alves J, Carneiro AL, Aidar FJ, Novaes J (2019), PLOS ONE",GOLD,male,,27.5,,78.67,,mixed,BENCH_PRESS,horizontal_push,chest,compound,horizontal_push,,,,,,24.0,moderate,,,5.082082,primary_training_target,4.5232625,False,cohort_mean_substitution,0.5588194999999994
reis2019,reis2019,reis_lab_p3,indirect_calorimetry_breath_by_breath,COSMED K4b2,CC BY 4.0,https://doi.org/10.1371/journal.pone.0221284,"Reis VM, Vianna JM, Barbosa TM, Garrido N, Vilaca Alves J, Carneiro AL, Aidar FJ, Novaes J (2019), PLOS ONE",GOLD,male,,27.5,,78.67,,mixed,BENCH_PRESS,horizontal_push,chest,compound,horizontal_push,,,,,,12.0,light,,,3.760426,primary_training_target,4.2391749999999995,False,cohort_mean_substitution,-0.47874899999999965
reis2019,reis2019,reis_lab_p3,indirect_calorimetry_breath_by_breath,COSMED K4b2,CC BY 4.0,https://doi.org/10.1371/journal.pone.0221284,"Reis VM, Vianna JM, Barbosa TM, Garrido N, Vilaca Alves J, Carneiro AL, Aidar FJ, Novaes J (2019), PLOS ONE",GOLD,male,,27.5,,78.67,,mixed,BENCH_PRESS,horizontal_push,chest,compound,horizontal_push,,,,,,16.0,light,,,4.1183745,primary_training_target,4.2391749999999995,False,cohort_mean_substitution,-0.12080049999999964
reis2019,reis2019,reis_lab_p3,indirect_calorimetry_breath_by_breath,COSMED K4b2,CC BY 4.0,https://doi.org/10.1371/journal.pone.0221284,"Reis VM, Vianna JM, Barbosa TM, Garrido N, Vilaca Alves J, Carneiro AL, Aidar FJ, Novaes J (2019), PLOS ONE",GOLD,male,,27.5,,78.67,,mixed,BENCH_PRESS,horizontal_push,chest,compound,horizontal_push,,,,,,20.0,moderate,,,4.000369500000001,primary_training_target,4.5232625,False,cohort_mean_substitution,-0.5228929999999998
reis2019,reis2019,reis_lab_p3,indirect_calorimetry_breath_by_breath,COSMED K4b2,CC BY 4.0,https://doi.org/10.1371/journal.pone.0221284,"Reis VM, Vianna JM, Barbosa TM, Garrido N, Vilaca Alves J, Carneiro AL, Aidar FJ, Novaes J (2019), PLOS ONE",GOLD,male,,27.5,,78.67,,mixed,BENCH_PRESS,horizontal_push,chest,compound,horizontal_push,,,,,,24.0,moderate,,,4.909008000000001,primary_training_target,4.5232625,False,cohort_mean_substitution,0.3857455000000005
reis2019,reis2019,reis_lab_p4,indirect_calorimetry_breath_by_breath,COSMED K4b2,CC BY 4.0,https://doi.org/10.1371/journal.pone.0221284,"Reis VM, Vianna JM, Barbosa TM, Garrido N, Vilaca Alves J, Carneiro AL, Aidar FJ, Novaes J (2019), PLOS ONE",GOLD,male,,27.5,,78.67,,mixed,BENCH_PRESS,horizontal_push,chest,compound,horizontal_push,,,,,,12.0,light,,,3.7014235,primary_training_target,4.2391749999999995,False,cohort_mean_substitution,-0.5377514999999993
reis2019,reis2019,reis_lab_p4,indirect_calorimetry_breath_by_breath,COSMED K4b2,CC BY 4.0,https://doi.org/10.1371/journal.pone.0221284,"Reis VM, Vianna JM, Barbosa TM, Garrido N, Vilaca Alves J, Carneiro AL, Aidar FJ, Novaes J (2019), PLOS ONE",GOLD,male,,27.5,,78.67,,mixed,BENCH_PRESS,horizontal_push,chest,compound,horizontal_push,,,,,,16.0,light,,,4.4645225,primary_training_target,4.2391749999999995,False,cohort_mean_substitution,0.2253475000000007
reis2019,reis2019,reis_lab_p4,indirect_calorimetry_breath_by_breath,COSMED K4b2,CC BY 4.0,https://doi.org/10.1371/journal.pone.0221284,"Reis VM, Vianna JM, Barbosa TM, Garrido N, Vilaca Alves J, Carneiro AL, Aidar FJ, Novaes J (2019), PLOS ONE",GOLD,male,,27.5,,78.67,,mixed,BENCH_PRESS,horizontal_push,chest,compound,horizontal_push,,,,,,20.0,moderate,,,3.894165,primary_training_target,4.5232625,False,cohort_mean_substitution,-0.6290975000000003
reis2019,reis2019,reis_lab_p4,indirect_calorimetry_breath_by_breath,COSMED K4b2,CC BY 4.0,https://doi.org/10.1371/journal.pone.0221284,"Reis VM, Vianna JM, Barbosa TM, Garrido N, Vilaca Alves J, Carneiro AL, Aidar FJ, Novaes J (2019), PLOS ONE",GOLD,male,,27.5,,78.67,,mixed,BENCH_PRESS,horizontal_push,chest,compound,horizontal_push,,,,,,24.0,moderate,,,4.1498425,primary_training_target,4.5232625,False,cohort_mean_substitution,-0.3734200000000003
reis2019,reis2019,reis_lab_p5,indirect_calorimetry_breath_by_breath,COSMED K4b2,CC BY 4.0,https://doi.org/10.1371/journal.pone.0221284,"Reis VM, Vianna JM, Barbosa TM, Garrido N, Vilaca Alves J, Carneiro AL, Aidar FJ, Novaes J (2019), PLOS ONE",GOLD,male,,27.5,,78.67,,mixed,BENCH_PRESS,horizontal_push,chest,compound,horizontal_push,,,,,,12.0,light,,,3.713224,primary_training_target,4.2391749999999995,False,cohort_mean_substitution,-0.5259509999999996
reis2019,reis2019,reis_lab_p5,indirect_calorimetry_breath_by_breath,COSMED K4b2,CC BY 4.0,https://doi.org/10.1371/journal.pone.0221284,"Reis VM, Vianna JM, Barbosa TM, Garrido N, Vilaca Alves J, Carneiro AL, Aidar FJ, Novaes J (2019), PLOS ONE",GOLD,male,,27.5,,78.67,,mixed,BENCH_PRESS,horizontal_push,chest,compound,horizontal_push,,,,,,16.0,light,,,3.8587635000000007,primary_training_target,4.2391749999999995,False,cohort_mean_substitution,-0.3804114999999988
reis2019,reis2019,reis_lab_p5,indirect_calorimetry_breath_by_breath,COSMED K4b2,CC BY 4.0,https://doi.org/10.1371/journal.pone.0221284,"Reis VM, Vianna JM, Barbosa TM, Garrido N, Vilaca Alves J, Carneiro AL, Aidar FJ, Novaes J (2019), PLOS ONE",GOLD,male,,27.5,,78.67,,mixed,BENCH_PRESS,horizontal_push,chest,compound,horizontal_push,,,,,,20.0,moderate,,,4.429121,primary_training_target,4.5232625,False,cohort_mean_substitution,-0.0941415000000001
reis2019,reis2019,reis_lab_p5,indirect_calorimetry_breath_by_breath,COSMED K4b2,CC BY 4.0,https://doi.org/10.1371/journal.pone.0221284,"Reis VM, Vianna JM, Barbosa TM, Garrido N, Vilaca Alves J, Carneiro AL, Aidar FJ, Novaes J (2019), PLOS ONE",GOLD,male,,27.5,,78.67,,mixed,BENCH_PRESS,horizontal_push,chest,compound,horizontal_push,,,,,,24.0,moderate,,,4.1262415,primary_training_target,4.5232625,False,cohort_mean_substitution,-0.3970210000000005
reis2019,reis2019,reis_lab_p6,indirect_calorimetry_breath_by_breath,COSMED K4b2,CC BY 4.0,https://doi.org/10.1371/journal.pone.0221284,"Reis VM, Vianna JM, Barbosa TM, Garrido N, Vilaca Alves J, Carneiro AL, Aidar FJ, Novaes J (2019), PLOS ONE",GOLD,male,,27.5,,78.67,,mixed,BENCH_PRESS,horizontal_push,chest,compound,horizontal_push,,,,,,12.0,light,,,4.240313,primary_training_target,4.2391749999999995,False,cohort_mean_substitution,0.0011380000000009716
reis2019,reis2019,reis_lab_p6,indirect_calorimetry_breath_by_breath,COSMED K4b2,CC BY 4.0,https://doi.org/10.1371/journal.pone.0221284,"Reis VM, Vianna JM, Barbosa TM, Garrido N, Vilaca Alves J, Carneiro AL, Aidar FJ, Novaes J (2019), PLOS ONE",GOLD,male,,27.5,,78.67,,mixed,BENCH_PRESS,horizontal_push,chest,compound,horizontal_push,,,,,,16.0,light,,,3.77616,primary_training_target,4.2391749999999995,False,cohort_mean_substitution,-0.4630149999999995
reis2019,reis2019,reis_lab_p6,indirect_calorimetry_breath_by_breath,COSMED K4b2,CC BY 4.0,https://doi.org/10.1371/journal.pone.0221284,"Reis VM, Vianna JM, Barbosa TM, Garrido N, Vilaca Alves J, Carneiro AL, Aidar FJ, Novaes J (2019), PLOS ONE",GOLD,male,,27.5,,78.67,,mixed,BENCH_PRESS,horizontal_push,chest,compound,horizontal_push,,,,,,20.0,moderate,,,5.522633999999999,primary_training_target,4.5232625,False,cohort_mean_substitution,0.9993714999999987
reis2019,reis2019,reis_lab_p6,indirect_calorimetry_breath_by_breath,COSMED K4b2,CC BY 4.0,https://doi.org/10.1371/journal.pone.0221284,"Reis VM, Vianna JM, Barbosa TM, Garrido N, Vilaca Alves J, Carneiro AL, Aidar FJ, Novaes J (2019), PLOS ONE",GOLD,male,,27.5,,78.67,,mixed,BENCH_PRESS,horizontal_push,chest,compound,horizontal_push,,,,,,24.0,moderate,,,4.696599,primary_training_target,4.5232625,False,cohort_mean_substitution,0.17333649999999956
reis2019,reis2019,reis_lab_p7,indirect_calorimetry_breath_by_breath,COSMED K4b2,CC BY 4.0,https://doi.org/10.1371/journal.pone.0221284,"Reis VM, Vianna JM, Barbosa TM, Garrido N, Vilaca Alves J, Carneiro AL, Aidar FJ, Novaes J (2019), PLOS ONE",GOLD,male,,27.5,,78.67,,mixed,BENCH_PRESS,horizontal_push,chest,compound,horizontal_push,,,,,,12.0,light,,,4.1183745,primary_training_target,4.2391749999999995,False,cohort_mean_substitution,-0.12080049999999964
reis2019,reis2019,reis_lab_p7,indirect_calorimetry_breath_by_breath,COSMED K4b2,CC BY 4.0,https://doi.org/10.1371/journal.pone.0221284,"Reis VM, Vianna JM, Barbosa TM, Garrido N, Vilaca Alves J, Carneiro AL, Aidar FJ, Novaes J (2019), PLOS ONE",GOLD,male,,27.5,,78.67,,mixed,BENCH_PRESS,horizontal_push,chest,compound,horizontal_push,,,,,,16.0,light,,,3.85483,primary_training_target,4.2391749999999995,False,cohort_mean_substitution,-0.38434499999999927
reis2019,reis2019,reis_lab_p7,indirect_calorimetry_breath_by_breath,COSMED K4b2,CC BY 4.0,https://doi.org/10.1371/journal.pone.0221284,"Reis VM, Vianna JM, Barbosa TM, Garrido N, Vilaca Alves J, Carneiro AL, Aidar FJ, Novaes J (2019), PLOS ONE",GOLD,male,,27.5,,78.67,,mixed,BENCH_PRESS,horizontal_push,chest,compound,horizontal_push,,,,,,20.0,moderate,,,5.5777030000000005,primary_training_target,4.5232625,False,cohort_mean_substitution,1.0544405000000001
reis2019,reis2019,reis_lab_p7,indirect_calorimetry_breath_by_breath,COSMED K4b2,CC BY 4.0,https://doi.org/10.1371/journal.pone.0221284,"Reis VM, Vianna JM, Barbosa TM, Garrido N, Vilaca Alves J, Carneiro AL, Aidar FJ, Novaes J (2019), PLOS ONE",GOLD,male,,27.5,,78.67,,mixed,BENCH_PRESS,horizontal_push,chest,compound,horizontal_push,,,,,,24.0,moderate,,,4.893273999999999,primary_training_target,4.5232625,False,cohort_mean_substitution,0.3700114999999986
reis2019,reis2019,reis_lab_p8,indirect_calorimetry_breath_by_breath,COSMED K4b2,CC BY 4.0,https://doi.org/10.1371/journal.pone.0221284,"Reis VM, Vianna JM, Barbosa TM, Garrido N, Vilaca Alves J, Carneiro AL, Aidar FJ, Novaes J (2019), PLOS ONE",GOLD,male,,27.5,,78.67,,mixed,BENCH_PRESS,horizontal_push,chest,compound,horizontal_push,,,,,,12.0,light,,,4.000369500000001,primary_training_target,4.2391749999999995,False,cohort_mean_substitution,-0.2388054999999989
reis2019,reis2019,reis_lab_p8,indirect_calorimetry_breath_by_breath,COSMED K4b2,CC BY 4.0,https://doi.org/10.1371/journal.pone.0221284,"Reis VM, Vianna JM, Barbosa TM, Garrido N, Vilaca Alves J, Carneiro AL, Aidar FJ, Novaes J (2019), PLOS ONE",GOLD,male,,27.5,,78.67,,mixed,BENCH_PRESS,horizontal_push,chest,compound,horizontal_push,,,,,,16.0,light,,,5.1725525,primary_training_target,4.2391749999999995,False,cohort_mean_substitution,0.9333775000000006
reis2019,reis2019,reis_lab_p8,indirect_calorimetry_breath_by_breath,COSMED K4b2,CC BY 4.0,https://doi.org/10.1371/journal.pone.0221284,"Reis VM, Vianna JM, Barbosa TM, Garrido N, Vilaca Alves J, Carneiro AL, Aidar FJ, Novaes J (2019), PLOS ONE",GOLD,male,,27.5,,78.67,,mixed,BENCH_PRESS,horizontal_push,chest,compound,horizontal_push,,,,,,20.0,moderate,,,4.484190000000001,primary_training_target,4.5232625,False,cohort_mean_substitution,-0.03907249999999962
reis2019,reis2019,reis_lab_p8,indirect_calorimetry_breath_by_breath,COSMED K4b2,CC BY 4.0,https://doi.org/10.1371/journal.pone.0221284,"Reis VM, Vianna JM, Barbosa TM, Garrido N, Vilaca Alves J, Carneiro AL, Aidar FJ, Novaes J (2019), PLOS ONE",GOLD,male,,27.5,,78.67,,mixed,BENCH_PRESS,horizontal_push,chest,compound,horizontal_push,,,,,,24.0,moderate,,,6.4548735,primary_training_target,4.5232625,False,cohort_mean_substitution,1.9316109999999993
reis2019,reis2019,reis_lab_p9,indirect_calorimetry_breath_by_breath,COSMED K4b2,CC BY 4.0,https://doi.org/10.1371/journal.pone.0221284,"Reis VM, Vianna JM, Barbosa TM, Garrido N, Vilaca Alves J, Carneiro AL, Aidar FJ, Novaes J (2019), PLOS ONE",GOLD,male,,27.5,,78.67,,mixed,BENCH_PRESS,horizontal_push,chest,compound,horizontal_push,,,,,,12.0,light,,,4.0711725,primary_training_target,4.2391749999999995,False,cohort_mean_substitution,-0.16800249999999917
reis2019,reis2019,reis_lab_p9,indirect_calorimetry_breath_by_breath,COSMED K4b2,CC BY 4.0,https://doi.org/10.1371/journal.pone.0221284,"Reis VM, Vianna JM, Barbosa TM, Garrido N, Vilaca Alves J, Carneiro AL, Aidar FJ, Novaes J (2019), PLOS ONE",GOLD,male,,27.5,,78.67,,mixed,BENCH_PRESS,horizontal_push,chest,compound,horizontal_push,,,,,,16.0,light,,,3.209736,primary_training_target,4.2391749999999995,False,cohort_mean_substitution,-1.0294389999999995
reis2019,reis2019,reis_lab_p9,indirect_calorimetry_breath_by_breath,COSMED K4b2,CC BY 4.0,https://doi.org/10.1371/journal.pone.0221284,"Reis VM, Vianna JM, Barbosa TM, Garrido N, Vilaca Alves J, Carneiro AL, Aidar FJ, Novaes J (2019), PLOS ONE",GOLD,male,,27.5,,78.67,,mixed,BENCH_PRESS,horizontal_push,chest,compound,horizontal_push,,,,,,20.0,moderate,,,4.645463500000001,primary_training_target,4.5232625,False,cohort_mean_substitution,0.12220100000000045
reis2019,reis2019,reis_lab_p9,indirect_calorimetry_breath_by_breath,COSMED K4b2,CC BY 4.0,https://doi.org/10.1371/journal.pone.0221284,"Reis VM, Vianna JM, Barbosa TM, Garrido N, Vilaca Alves J, Carneiro AL, Aidar FJ, Novaes J (2019), PLOS ONE",GOLD,male,,27.5,,78.67,,mixed,BENCH_PRESS,horizontal_push,chest,compound,horizontal_push,,,,,,24.0,moderate,,,4.208845,primary_training_target,4.5232625,False,cohort_mean_substitution,-0.31441750000000024
reis2019,reis2019,reis_lab_p10,indirect_calorimetry_breath_by_breath,COSMED K4b2,CC BY 4.0,https://doi.org/10.1371/journal.pone.0221284,"Reis VM, Vianna JM, Barbosa TM, Garrido N, Vilaca Alves J, Carneiro AL, Aidar FJ, Novaes J (2019), PLOS ONE",GOLD,male,,27.5,,78.67,,mixed,BENCH_PRESS,horizontal_push,chest,compound,horizontal_push,,,,,,12.0,light,,,3.6699555,primary_training_target,4.2391749999999995,False,cohort_mean_substitution,-0.5692194999999995
reis2019,reis2019,reis_lab_p10,indirect_calorimetry_breath_by_breath,COSMED K4b2,CC BY 4.0,https://doi.org/10.1371/journal.pone.0221284,"Reis VM, Vianna JM, Barbosa TM, Garrido N, Vilaca Alves J, Carneiro AL, Aidar FJ, Novaes J (2019), PLOS ONE",GOLD,male,,27.5,,78.67,,mixed,BENCH_PRESS,horizontal_push,chest,compound,horizontal_push,,,,,,16.0,light,,,3.85483,primary_training_target,4.2391749999999995,False,cohort_mean_substitution,-0.38434499999999927
reis2019,reis2019,reis_lab_p10,indirect_calorimetry_breath_by_breath,COSMED K4b2,CC BY 4.0,https://doi.org/10.1371/journal.pone.0221284,"Reis VM, Vianna JM, Barbosa TM, Garrido N, Vilaca Alves J, Carneiro AL, Aidar FJ, Novaes J (2019), PLOS ONE",GOLD,male,,27.5,,78.67,,mixed,BENCH_PRESS,horizontal_push,chest,compound,horizontal_push,,,,,,20.0,moderate,,,4.6297295,primary_training_target,4.5232625,False,cohort_mean_substitution,0.10646699999999942
reis2019,reis2019,reis_lab_p10,indirect_calorimetry_breath_by_breath,COSMED K4b2,CC BY 4.0,https://doi.org/10.1371/journal.pone.0221284,"Reis VM, Vianna JM, Barbosa TM, Garrido N, Vilaca Alves J, Carneiro AL, Aidar FJ, Novaes J (2019), PLOS ONE",GOLD,male,,27.5,,78.67,,mixed,BENCH_PRESS,horizontal_push,chest,compound,horizontal_push,,,,,,24.0,moderate,,,4.5353255,primary_training_target,4.5232625,False,cohort_mean_substitution,0.01206299999999949
reis2019,reis2019,reis_lab_p11,indirect_calorimetry_breath_by_breath,COSMED K4b2,CC BY 4.0,https://doi.org/10.1371/journal.pone.0221284,"Reis VM, Vianna JM, Barbosa TM, Garrido N, Vilaca Alves J, Carneiro AL, Aidar FJ, Novaes J (2019), PLOS ONE",GOLD,male,,27.5,,78.67,,mixed,BENCH_PRESS,horizontal_push,chest,compound,horizontal_push,,,,,,12.0,light,,,2.91079,primary_training_target,4.2391749999999995,False,cohort_mean_substitution,-1.3283849999999995
reis2019,reis2019,reis_lab_p11,indirect_calorimetry_breath_by_breath,COSMED K4b2,CC BY 4.0,https://doi.org/10.1371/journal.pone.0221284,"Reis VM, Vianna JM, Barbosa TM, Garrido N, Vilaca Alves J, Carneiro AL, Aidar FJ, Novaes J (2019), PLOS ONE",GOLD,male,,27.5,,78.67,,mixed,BENCH_PRESS,horizontal_push,chest,compound,horizontal_push,,,,,,16.0,light,,,3.1507335,primary_training_target,4.2391749999999995,False,cohort_mean_substitution,-1.0884414999999996
reis2019,reis2019,reis_lab_p11,indirect_calorimetry_breath_by_breath,COSMED K4b2,CC BY 4.0,https://doi.org/10.1371/journal.pone.0221284,"Reis VM, Vianna JM, Barbosa TM, Garrido N, Vilaca Alves J, Carneiro AL, Aidar FJ, Novaes J (2019), PLOS ONE",GOLD,male,,27.5,,78.67,,mixed,BENCH_PRESS,horizontal_push,chest,compound,horizontal_push,,,,,,20.0,moderate,,,3.0877975,primary_training_target,4.5232625,False,cohort_mean_substitution,-1.4354650000000002
reis2019,reis2019,reis_lab_p11,indirect_calorimetry_breath_by_breath,COSMED K4b2,CC BY 4.0,https://doi.org/10.1371/journal.pone.0221284,"Reis VM, Vianna JM, Barbosa TM, Garrido N, Vilaca Alves J, Carneiro AL, Aidar FJ, Novaes J (2019), PLOS ONE",GOLD,male,,27.5,,78.67,,mixed,BENCH_PRESS,horizontal_push,chest,compound,horizontal_push,,,,,,24.0,moderate,,,3.06813,primary_training_target,4.5232625,False,cohort_mean_substitution,-1.4551325000000004
reis2019,reis2019,reis_lab_p12,indirect_calorimetry_breath_by_breath,COSMED K4b2,CC BY 4.0,https://doi.org/10.1371/journal.pone.0221284,"Reis VM, Vianna JM, Barbosa TM, Garrido N, Vilaca Alves J, Carneiro AL, Aidar FJ, Novaes J (2019), PLOS ONE",GOLD,male,,27.5,,78.67,,mixed,BENCH_PRESS,horizontal_push,chest,compound,horizontal_push,,,,,,12.0,light,,,3.827295500000001,primary_training_target,4.2391749999999995,False,cohort_mean_substitution,-0.4118794999999986
reis2019,reis2019,reis_lab_p12,indirect_calorimetry_breath_by_breath,COSMED K4b2,CC BY 4.0,https://doi.org/10.1371/journal.pone.0221284,"Reis VM, Vianna JM, Barbosa TM, Garrido N, Vilaca Alves J, Carneiro AL, Aidar FJ, Novaes J (2019), PLOS ONE",GOLD,male,,27.5,,78.67,,mixed,BENCH_PRESS,horizontal_push,chest,compound,horizontal_push,,,,,,16.0,light,,,4.7202,primary_training_target,4.2391749999999995,False,cohort_mean_substitution,0.4810250000000007
reis2019,reis2019,reis_lab_p12,indirect_calorimetry_breath_by_breath,COSMED K4b2,CC BY 4.0,https://doi.org/10.1371/journal.pone.0221284,"Reis VM, Vianna JM, Barbosa TM, Garrido N, Vilaca Alves J, Carneiro AL, Aidar FJ, Novaes J (2019), PLOS ONE",GOLD,male,,27.5,,78.67,,mixed,BENCH_PRESS,horizontal_push,chest,compound,horizontal_push,,,,,,20.0,moderate,,,3.760426,primary_training_target,4.5232625,False,cohort_mean_substitution,-0.7628365000000006
reis2019,reis2019,reis_lab_p12,indirect_calorimetry_breath_by_breath,COSMED K4b2,CC BY 4.0,https://doi.org/10.1371/journal.pone.0221284,"Reis VM, Vianna JM, Barbosa TM, Garrido N, Vilaca Alves J, Carneiro AL, Aidar FJ, Novaes J (2019), PLOS ONE",GOLD,male,,27.5,,78.67,,mixed,BENCH_PRESS,horizontal_push,chest,compound,horizontal_push,,,,,,24.0,moderate,,,3.8744975,primary_training_target,4.5232625,False,cohort_mean_substitution,-0.6487650000000005
reis2019,reis2019,reis_lab_p13,indirect_calorimetry_breath_by_breath,COSMED K4b2,CC BY 4.0,https://doi.org/10.1371/journal.pone.0221284,"Reis VM, Vianna JM, Barbosa TM, Garrido N, Vilaca Alves J, Carneiro AL, Aidar FJ, Novaes J (2019), PLOS ONE",GOLD,male,,27.5,,78.67,,mixed,BENCH_PRESS,horizontal_push,chest,compound,horizontal_push,,,,,,12.0,light,,,3.603086,primary_training_target,4.2391749999999995,False,cohort_mean_substitution,-0.6360889999999997
reis2019,reis2019,reis_lab_p13,indirect_calorimetry_breath_by_breath,COSMED K4b2,CC BY 4.0,https://doi.org/10.1371/journal.pone.0221284,"Reis VM, Vianna JM, Barbosa TM, Garrido N, Vilaca Alves J, Carneiro AL, Aidar FJ, Novaes J (2019), PLOS ONE",GOLD,male,,27.5,,78.67,,mixed,BENCH_PRESS,horizontal_push,chest,compound,horizontal_push,,,,,,16.0,light,,,4.1183745,primary_training_target,4.2391749999999995,False,cohort_mean_substitution,-0.12080049999999964
reis2019,reis2019,reis_lab_p13,indirect_calorimetry_breath_by_breath,COSMED K4b2,CC BY 4.0,https://doi.org/10.1371/journal.pone.0221284,"Reis VM, Vianna JM, Barbosa TM, Garrido N, Vilaca Alves J, Carneiro AL, Aidar FJ, Novaes J (2019), PLOS ONE",GOLD,male,,27.5,,78.67,,mixed,BENCH_PRESS,horizontal_push,chest,compound,horizontal_push,,,,,,20.0,moderate,,,4.0711725,primary_training_target,4.5232625,False,cohort_mean_substitution,-0.4520900000000001
reis2019,reis2019,reis_lab_p13,indirect_calorimetry_breath_by_breath,COSMED K4b2,CC BY 4.0,https://doi.org/10.1371/journal.pone.0221284,"Reis VM, Vianna JM, Barbosa TM, Garrido N, Vilaca Alves J, Carneiro AL, Aidar FJ, Novaes J (2019), PLOS ONE",GOLD,male,,27.5,,78.67,,mixed,BENCH_PRESS,horizontal_push,chest,compound,horizontal_push,,,,,,24.0,moderate,,,4.909008000000001,primary_training_target,4.5232625,False,cohort_mean_substitution,0.3857455000000005
reis2019,reis2019,reis_lab_p14,indirect_calorimetry_breath_by_breath,COSMED K4b2,CC BY 4.0,https://doi.org/10.1371/journal.pone.0221284,"Reis VM, Vianna JM, Barbosa TM, Garrido N, Vilaca Alves J, Carneiro AL, Aidar FJ, Novaes J (2019), PLOS ONE",GOLD,male,,27.5,,78.67,,mixed,BENCH_PRESS,horizontal_push,chest,compound,horizontal_push,,,,,,12.0,light,,,4.936542500000001,primary_training_target,4.2391749999999995,False,cohort_mean_substitution,0.6973675000000013
reis2019,reis2019,reis_lab_p14,indirect_calorimetry_breath_by_breath,COSMED K4b2,CC BY 4.0,https://doi.org/10.1371/journal.pone.0221284,"Reis VM, Vianna JM, Barbosa TM, Garrido N, Vilaca Alves J, Carneiro AL, Aidar FJ, Novaes J (2019), PLOS ONE",GOLD,male,,27.5,,78.67,,mixed,BENCH_PRESS,horizontal_push,chest,compound,horizontal_push,,,,,,16.0,light,,,3.728958,primary_training_target,4.2391749999999995,False,cohort_mean_substitution,-0.5102169999999995
reis2019,reis2019,reis_lab_p14,indirect_calorimetry_breath_by_breath,COSMED K4b2,CC BY 4.0,https://doi.org/10.1371/journal.pone.0221284,"Reis VM, Vianna JM, Barbosa TM, Garrido N, Vilaca Alves J, Carneiro AL, Aidar FJ, Novaes J (2019), PLOS ONE",GOLD,male,,27.5,,78.67,,mixed,BENCH_PRESS,horizontal_push,chest,compound,horizontal_push,,,,,,20.0,moderate,,,6.073324,primary_training_target,4.5232625,False,cohort_mean_substitution,1.5500615
reis2019,reis2019,reis_lab_p14,indirect_calorimetry_breath_by_breath,COSMED K4b2,CC BY 4.0,https://doi.org/10.1371/journal.pone.0221284,"Reis VM, Vianna JM, Barbosa TM, Garrido N, Vilaca Alves J, Carneiro AL, Aidar FJ, Novaes J (2019), PLOS ONE",GOLD,male,,27.5,,78.67,,mixed,BENCH_PRESS,horizontal_push,chest,compound,horizontal_push,,,,,,24.0,moderate,,,5.2590895,primary_training_target,4.5232625,False,cohort_mean_substitution,0.7358269999999996
reis2019,reis2019,reis_lab_p1,indirect_calorimetry_breath_by_breath,COSMED K4b2,CC BY 4.0,https://doi.org/10.1371/journal.pone.0221284,"Reis VM, Vianna JM, Barbosa TM, Garrido N, Vilaca Alves J, Carneiro AL, Aidar FJ, Novaes J (2019), PLOS ONE",GOLD,male,,27.5,,78.67,,mixed,TRICEPS_EXTENSION,isolation,triceps,isolation,isolation,,,,,,12.0,light,,,4.2481800000000005,primary_training_target,3.2711749999999995,False,cohort_mean_substitution,0.977005000000001
reis2019,reis2019,reis_lab_p1,indirect_calorimetry_breath_by_breath,COSMED K4b2,CC BY 4.0,https://doi.org/10.1371/journal.pone.0221284,"Reis VM, Vianna JM, Barbosa TM, Garrido N, Vilaca Alves J, Carneiro AL, Aidar FJ, Novaes J (2019), PLOS ONE",GOLD,male,,27.5,,78.67,,mixed,TRICEPS_EXTENSION,isolation,triceps,isolation,isolation,,,,,,16.0,light,,,4.987678,primary_training_target,3.2711749999999995,False,cohort_mean_substitution,1.7165030000000003
reis2019,reis2019,reis_lab_p1,indirect_calorimetry_breath_by_breath,COSMED K4b2,CC BY 4.0,https://doi.org/10.1371/journal.pone.0221284,"Reis VM, Vianna JM, Barbosa TM, Garrido N, Vilaca Alves J, Carneiro AL, Aidar FJ, Novaes J (2019), PLOS ONE",GOLD,male,,27.5,,78.67,,mixed,TRICEPS_EXTENSION,isolation,triceps,isolation,isolation,,,,,,20.0,moderate,,,6.8088885,primary_training_target,4.4142625,False,cohort_mean_substitution,2.3946259999999997
reis2019,reis2019,reis_lab_p1,indirect_calorimetry_breath_by_breath,COSMED K4b2,CC BY 4.0,https://doi.org/10.1371/journal.pone.0221284,"Reis VM, Vianna JM, Barbosa TM, Garrido N, Vilaca Alves J, Carneiro AL, Aidar FJ, Novaes J (2019), PLOS ONE",GOLD,male,,27.5,,78.67,,mixed,TRICEPS_EXTENSION,isolation,triceps,isolation,isolation,,,,,,24.0,moderate,,,6.7931545,primary_training_target,4.4142625,False,cohort_mean_substitution,2.3788919999999996
reis2019,reis2019,reis_lab_p2,indirect_calorimetry_breath_by_breath,COSMED K4b2,CC BY 4.0,https://doi.org/10.1371/journal.pone.0221284,"Reis VM, Vianna JM, Barbosa TM, Garrido N, Vilaca Alves J, Carneiro AL, Aidar FJ, Novaes J (2019), PLOS ONE",GOLD,male,,27.5,,78.67,,mixed,TRICEPS_EXTENSION,isolation,triceps,isolation,isolation,,,,,,12.0,light,,,2.6787135,primary_training_target,3.2711749999999995,False,cohort_mean_substitution,-0.5924614999999993
reis2019,reis2019,reis_lab_p2,indirect_calorimetry_breath_by_breath,COSMED K4b2,CC BY 4.0,https://doi.org/10.1371/journal.pone.0221284,"Reis VM, Vianna JM, Barbosa TM, Garrido N, Vilaca Alves J, Carneiro AL, Aidar FJ, Novaes J (2019), PLOS ONE",GOLD,male,,27.5,,78.67,,mixed,TRICEPS_EXTENSION,isolation,triceps,isolation,isolation,,,,,,16.0,light,,,3.233337,primary_training_target,3.2711749999999995,False,cohort_mean_substitution,-0.03783799999999937
reis2019,reis2019,reis_lab_p2,indirect_calorimetry_breath_by_breath,COSMED K4b2,CC BY 4.0,https://doi.org/10.1371/journal.pone.0221284,"Reis VM, Vianna JM, Barbosa TM, Garrido N, Vilaca Alves J, Carneiro AL, Aidar FJ, Novaes J (2019), PLOS ONE",GOLD,male,,27.5,,78.67,,mixed,TRICEPS_EXTENSION,isolation,triceps,isolation,isolation,,,,,,20.0,moderate,,,2.8753885,primary_training_target,4.4142625,False,cohort_mean_substitution,-1.5388740000000003
reis2019,reis2019,reis_lab_p2,indirect_calorimetry_breath_by_breath,COSMED K4b2,CC BY 4.0,https://doi.org/10.1371/journal.pone.0221284,"Reis VM, Vianna JM, Barbosa TM, Garrido N, Vilaca Alves J, Carneiro AL, Aidar FJ, Novaes J (2019), PLOS ONE",GOLD,male,,27.5,,78.67,,mixed,TRICEPS_EXTENSION,isolation,triceps,isolation,isolation,,,,,,24.0,moderate,,,4.948343,primary_training_target,4.4142625,False,cohort_mean_substitution,0.5340805
reis2019,reis2019,reis_lab_p3,indirect_calorimetry_breath_by_breath,COSMED K4b2,CC BY 4.0,https://doi.org/10.1371/journal.pone.0221284,"Reis VM, Vianna JM, Barbosa TM, Garrido N, Vilaca Alves J, Carneiro AL, Aidar FJ, Novaes J (2019), PLOS ONE",GOLD,male,,27.5,,78.67,,mixed,TRICEPS_EXTENSION,isolation,triceps,isolation,isolation,,,,,,12.0,light,,,3.0405955,primary_training_target,3.2711749999999995,False,cohort_mean_substitution,-0.23057949999999972
reis2019,reis2019,reis_lab_p3,indirect_calorimetry_breath_by_breath,COSMED K4b2,CC BY 4.0,https://doi.org/10.1371/journal.pone.0221284,"Reis VM, Vianna JM, Barbosa TM, Garrido N, Vilaca Alves J, Carneiro AL, Aidar FJ, Novaes J (2019), PLOS ONE",GOLD,male,,27.5,,78.67,,mixed,TRICEPS_EXTENSION,isolation,triceps,isolation,isolation,,,,,,16.0,light,,,4.311116,primary_training_target,3.2711749999999995,False,cohort_mean_substitution,1.0399410000000007
reis2019,reis2019,reis_lab_p3,indirect_calorimetry_breath_by_breath,COSMED K4b2,CC BY 4.0,https://doi.org/10.1371/journal.pone.0221284,"Reis VM, Vianna JM, Barbosa TM, Garrido N, Vilaca Alves J, Carneiro AL, Aidar FJ, Novaes J (2019), PLOS ONE",GOLD,male,,27.5,,78.67,,mixed,TRICEPS_EXTENSION,isolation,triceps,isolation,isolation,,,,,,20.0,moderate,,,4.271781,primary_training_target,4.4142625,False,cohort_mean_substitution,-0.1424815000000006
reis2019,reis2019,reis_lab_p3,indirect_calorimetry_breath_by_breath,COSMED K4b2,CC BY 4.0,https://doi.org/10.1371/journal.pone.0221284,"Reis VM, Vianna JM, Barbosa TM, Garrido N, Vilaca Alves J, Carneiro AL, Aidar FJ, Novaes J (2019), PLOS ONE",GOLD,male,,27.5,,78.67,,mixed,TRICEPS_EXTENSION,isolation,triceps,isolation,isolation,,,,,,24.0,moderate,,,4.7398675,primary_training_target,4.4142625,False,cohort_mean_substitution,0.3256049999999995
reis2019,reis2019,reis_lab_p4,indirect_calorimetry_breath_by_breath,COSMED K4b2,CC BY 4.0,https://doi.org/10.1371/journal.pone.0221284,"Reis VM, Vianna JM, Barbosa TM, Garrido N, Vilaca Alves J, Carneiro AL, Aidar FJ, Novaes J (2019), PLOS ONE",GOLD,male,,27.5,,78.67,,mixed,TRICEPS_EXTENSION,isolation,triceps,isolation,isolation,,,,,,12.0,light,,,3.6227535,primary_training_target,3.2711749999999995,False,cohort_mean_substitution,0.35157850000000046
reis2019,reis2019,reis_lab_p4,indirect_calorimetry_breath_by_breath,COSMED K4b2,CC BY 4.0,https://doi.org/10.1371/journal.pone.0221284,"Reis VM, Vianna JM, Barbosa TM, Garrido N, Vilaca Alves J, Carneiro AL, Aidar FJ, Novaes J (2019), PLOS ONE",GOLD,male,,27.5,,78.67,,mixed,TRICEPS_EXTENSION,isolation,triceps,isolation,isolation,,,,,,16.0,light,,,3.949234,primary_training_target,3.2711749999999995,False,cohort_mean_substitution,0.6780590000000006
reis2019,reis2019,reis_lab_p4,indirect_calorimetry_breath_by_breath,COSMED K4b2,CC BY 4.0,https://doi.org/10.1371/journal.pone.0221284,"Reis VM, Vianna JM, Barbosa TM, Garrido N, Vilaca Alves J, Carneiro AL, Aidar FJ, Novaes J (2019), PLOS ONE",GOLD,male,,27.5,,78.67,,mixed,TRICEPS_EXTENSION,isolation,triceps,isolation,isolation,,,,,,20.0,moderate,,,5.176486,primary_training_target,4.4142625,False,cohort_mean_substitution,0.7622234999999993
reis2019,reis2019,reis_lab_p4,indirect_calorimetry_breath_by_breath,COSMED K4b2,CC BY 4.0,https://doi.org/10.1371/journal.pone.0221284,"Reis VM, Vianna JM, Barbosa TM, Garrido N, Vilaca Alves J, Carneiro AL, Aidar FJ, Novaes J (2019), PLOS ONE",GOLD,male,,27.5,,78.67,,mixed,TRICEPS_EXTENSION,isolation,triceps,isolation,isolation,,,,,,24.0,moderate,,,5.790112000000001,primary_training_target,4.4142625,False,cohort_mean_substitution,1.3758495000000002
reis2019,reis2019,reis_lab_p5,indirect_calorimetry_breath_by_breath,COSMED K4b2,CC BY 4.0,https://doi.org/10.1371/journal.pone.0221284,"Reis VM, Vianna JM, Barbosa TM, Garrido N, Vilaca Alves J, Carneiro AL, Aidar FJ, Novaes J (2019), PLOS ONE",GOLD,male,,27.5,,78.67,,mixed,TRICEPS_EXTENSION,isolation,triceps,isolation,isolation,,,,,,12.0,light,,,2.9697925,primary_training_target,3.2711749999999995,False,cohort_mean_substitution,-0.30138249999999944
reis2019,reis2019,reis_lab_p5,indirect_calorimetry_breath_by_breath,COSMED K4b2,CC BY 4.0,https://doi.org/10.1371/journal.pone.0221284,"Reis VM, Vianna JM, Barbosa TM, Garrido N, Vilaca Alves J, Carneiro AL, Aidar FJ, Novaes J (2019), PLOS ONE",GOLD,male,,27.5,,78.67,,mixed,TRICEPS_EXTENSION,isolation,triceps,isolation,isolation,,,,,,16.0,light,,,2.98946,primary_training_target,3.2711749999999995,False,cohort_mean_substitution,-0.2817149999999997
reis2019,reis2019,reis_lab_p5,indirect_calorimetry_breath_by_breath,COSMED K4b2,CC BY 4.0,https://doi.org/10.1371/journal.pone.0221284,"Reis VM, Vianna JM, Barbosa TM, Garrido N, Vilaca Alves J, Carneiro AL, Aidar FJ, Novaes J (2019), PLOS ONE",GOLD,male,,27.5,,78.67,,mixed,TRICEPS_EXTENSION,isolation,triceps,isolation,isolation,,,,,,20.0,moderate,,,4.2285125,primary_training_target,4.4142625,False,cohort_mean_substitution,-0.18575000000000053
reis2019,reis2019,reis_lab_p5,indirect_calorimetry_breath_by_breath,COSMED K4b2,CC BY 4.0,https://doi.org/10.1371/journal.pone.0221284,"Reis VM, Vianna JM, Barbosa TM, Garrido N, Vilaca Alves J, Carneiro AL, Aidar FJ, Novaes J (2019), PLOS ONE",GOLD,male,,27.5,,78.67,,mixed,TRICEPS_EXTENSION,isolation,triceps,isolation,isolation,,,,,,24.0,moderate,,,3.8115615,primary_training_target,4.4142625,False,cohort_mean_substitution,-0.6027010000000006
reis2019,reis2019,reis_lab_p6,indirect_calorimetry_breath_by_breath,COSMED K4b2,CC BY 4.0,https://doi.org/10.1371/journal.pone.0221284,"Reis VM, Vianna JM, Barbosa TM, Garrido N, Vilaca Alves J, Carneiro AL, Aidar FJ, Novaes J (2019), PLOS ONE",GOLD,male,,27.5,,78.67,,mixed,TRICEPS_EXTENSION,isolation,triceps,isolation,isolation,,,,,,12.0,light,,,3.1664675,primary_training_target,3.2711749999999995,False,cohort_mean_substitution,-0.10470749999999951
reis2019,reis2019,reis_lab_p6,indirect_calorimetry_breath_by_breath,COSMED K4b2,CC BY 4.0,https://doi.org/10.1371/journal.pone.0221284,"Reis VM, Vianna JM, Barbosa TM, Garrido N, Vilaca Alves J, Carneiro AL, Aidar FJ, Novaes J (2019), PLOS ONE",GOLD,male,,27.5,,78.67,,mixed,TRICEPS_EXTENSION,isolation,triceps,isolation,isolation,,,,,,16.0,light,,,2.8360535,primary_training_target,3.2711749999999995,False,cohort_mean_substitution,-0.4351214999999997
reis2019,reis2019,reis_lab_p6,indirect_calorimetry_breath_by_breath,COSMED K4b2,CC BY 4.0,https://doi.org/10.1371/journal.pone.0221284,"Reis VM, Vianna JM, Barbosa TM, Garrido N, Vilaca Alves J, Carneiro AL, Aidar FJ, Novaes J (2019), PLOS ONE",GOLD,male,,27.5,,78.67,,mixed,TRICEPS_EXTENSION,isolation,triceps,isolation,isolation,,,,,,20.0,moderate,,,3.3080735,primary_training_target,4.4142625,False,cohort_mean_substitution,-1.1061890000000005
reis2019,reis2019,reis_lab_p6,indirect_calorimetry_breath_by_breath,COSMED K4b2,CC BY 4.0,https://doi.org/10.1371/journal.pone.0221284,"Reis VM, Vianna JM, Barbosa TM, Garrido N, Vilaca Alves J, Carneiro AL, Aidar FJ, Novaes J (2019), PLOS ONE",GOLD,male,,27.5,,78.67,,mixed,TRICEPS_EXTENSION,isolation,triceps,isolation,isolation,,,,,,24.0,moderate,,,3.8430295,primary_training_target,4.4142625,False,cohort_mean_substitution,-0.5712330000000003
reis2019,reis2019,reis_lab_p7,indirect_calorimetry_breath_by_breath,COSMED K4b2,CC BY 4.0,https://doi.org/10.1371/journal.pone.0221284,"Reis VM, Vianna JM, Barbosa TM, Garrido N, Vilaca Alves J, Carneiro AL, Aidar FJ, Novaes J (2019), PLOS ONE",GOLD,male,,27.5,,78.67,,mixed,TRICEPS_EXTENSION,isolation,triceps,isolation,isolation,,,,,,12.0,light,,,2.5056395,primary_training_target,3.2711749999999995,False,cohort_mean_substitution,-0.7655354999999995
reis2019,reis2019,reis_lab_p7,indirect_calorimetry_breath_by_breath,COSMED K4b2,CC BY 4.0,https://doi.org/10.1371/journal.pone.0221284,"Reis VM, Vianna JM, Barbosa TM, Garrido N, Vilaca Alves J, Carneiro AL, Aidar FJ, Novaes J (2019), PLOS ONE",GOLD,male,,27.5,,78.67,,mixed,TRICEPS_EXTENSION,isolation,triceps,isolation,isolation,,,,,,16.0,light,,,3.5991525,primary_training_target,3.2711749999999995,False,cohort_mean_substitution,0.3279775000000007
reis2019,reis2019,reis_lab_p7,indirect_calorimetry_breath_by_breath,COSMED K4b2,CC BY 4.0,https://doi.org/10.1371/journal.pone.0221284,"Reis VM, Vianna JM, Barbosa TM, Garrido N, Vilaca Alves J, Carneiro AL, Aidar FJ, Novaes J (2019), PLOS ONE",GOLD,male,,27.5,,78.67,,mixed,TRICEPS_EXTENSION,isolation,triceps,isolation,isolation,,,,,,20.0,moderate,,,4.5353255,primary_training_target,4.4142625,False,cohort_mean_substitution,0.12106299999999948
reis2019,reis2019,reis_lab_p7,indirect_calorimetry_breath_by_breath,COSMED K4b2,CC BY 4.0,https://doi.org/10.1371/journal.pone.0221284,"Reis VM, Vianna JM, Barbosa TM, Garrido N, Vilaca Alves J, Carneiro AL, Aidar FJ, Novaes J (2019), PLOS ONE",GOLD,male,,27.5,,78.67,,mixed,TRICEPS_EXTENSION,isolation,triceps,isolation,isolation,,,,,,24.0,moderate,,,4.279648,primary_training_target,4.4142625,False,cohort_mean_substitution,-0.13461450000000053
reis2019,reis2019,reis_lab_p8,indirect_calorimetry_breath_by_breath,COSMED K4b2,CC BY 4.0,https://doi.org/10.1371/journal.pone.0221284,"Reis VM, Vianna JM, Barbosa TM, Garrido N, Vilaca Alves J, Carneiro AL, Aidar FJ, Novaes J (2019), PLOS ONE",GOLD,male,,27.5,,78.67,,mixed,TRICEPS_EXTENSION,isolation,triceps,isolation,isolation,,,,,,12.0,light,,,2.155558,primary_training_target,3.2711749999999995,False,cohort_mean_substitution,-1.1156169999999994
reis2019,reis2019,reis_lab_p8,indirect_calorimetry_breath_by_breath,COSMED K4b2,CC BY 4.0,https://doi.org/10.1371/journal.pone.0221284,"Reis VM, Vianna JM, Barbosa TM, Garrido N, Vilaca Alves J, Carneiro AL, Aidar FJ, Novaes J (2019), PLOS ONE",GOLD,male,,27.5,,78.67,,mixed,TRICEPS_EXTENSION,isolation,triceps,isolation,isolation,,,,,,16.0,light,,,4.389786,primary_training_target,3.2711749999999995,False,cohort_mean_substitution,1.1186110000000005
reis2019,reis2019,reis_lab_p8,indirect_calorimetry_breath_by_breath,COSMED K4b2,CC BY 4.0,https://doi.org/10.1371/journal.pone.0221284,"Reis VM, Vianna JM, Barbosa TM, Garrido N, Vilaca Alves J, Carneiro AL, Aidar FJ, Novaes J (2019), PLOS ONE",GOLD,male,,27.5,,78.67,,mixed,TRICEPS_EXTENSION,isolation,triceps,isolation,isolation,,,,,,20.0,moderate,,,3.288406,primary_training_target,4.4142625,False,cohort_mean_substitution,-1.1258565000000003
reis2019,reis2019,reis_lab_p8,indirect_calorimetry_breath_by_breath,COSMED K4b2,CC BY 4.0,https://doi.org/10.1371/journal.pone.0221284,"Reis VM, Vianna JM, Barbosa TM, Garrido N, Vilaca Alves J, Carneiro AL, Aidar FJ, Novaes J (2019), PLOS ONE",GOLD,male,,27.5,,78.67,,mixed,TRICEPS_EXTENSION,isolation,triceps,isolation,isolation,,,,,,24.0,moderate,,,4.216712,primary_training_target,4.4142625,False,cohort_mean_substitution,-0.19755050000000018
reis2019,reis2019,reis_lab_p9,indirect_calorimetry_breath_by_breath,COSMED K4b2,CC BY 4.0,https://doi.org/10.1371/journal.pone.0221284,"Reis VM, Vianna JM, Barbosa TM, Garrido N, Vilaca Alves J, Carneiro AL, Aidar FJ, Novaes J (2019), PLOS ONE",GOLD,male,,27.5,,78.67,,mixed,TRICEPS_EXTENSION,isolation,triceps,isolation,isolation,,,,,,12.0,light,,,2.9304575,primary_training_target,3.2711749999999995,False,cohort_mean_substitution,-0.34071749999999934
reis2019,reis2019,reis_lab_p9,indirect_calorimetry_breath_by_breath,COSMED K4b2,CC BY 4.0,https://doi.org/10.1371/journal.pone.0221284,"Reis VM, Vianna JM, Barbosa TM, Garrido N, Vilaca Alves J, Carneiro AL, Aidar FJ, Novaes J (2019), PLOS ONE",GOLD,male,,27.5,,78.67,,mixed,TRICEPS_EXTENSION,isolation,triceps,isolation,isolation,,,,,,16.0,light,,,3.209736,primary_training_target,3.2711749999999995,False,cohort_mean_substitution,-0.06143899999999958
reis2019,reis2019,reis_lab_p9,indirect_calorimetry_breath_by_breath,COSMED K4b2,CC BY 4.0,https://doi.org/10.1371/journal.pone.0221284,"Reis VM, Vianna JM, Barbosa TM, Garrido N, Vilaca Alves J, Carneiro AL, Aidar FJ, Novaes J (2019), PLOS ONE",GOLD,male,,27.5,,78.67,,mixed,TRICEPS_EXTENSION,isolation,triceps,isolation,isolation,,,,,,20.0,moderate,,,3.4260785000000005,primary_training_target,4.4142625,False,cohort_mean_substitution,-0.988184
reis2019,reis2019,reis_lab_p9,indirect_calorimetry_breath_by_breath,COSMED K4b2,CC BY 4.0,https://doi.org/10.1371/journal.pone.0221284,"Reis VM, Vianna JM, Barbosa TM, Garrido N, Vilaca Alves J, Carneiro AL, Aidar FJ, Novaes J (2019), PLOS ONE",GOLD,male,,27.5,,78.67,,mixed,TRICEPS_EXTENSION,isolation,triceps,isolation,isolation,,,,,,24.0,moderate,,,3.9925025,primary_training_target,4.4142625,False,cohort_mean_substitution,-0.42176000000000036
reis2019,reis2019,reis_lab_p10,indirect_calorimetry_breath_by_breath,COSMED K4b2,CC BY 4.0,https://doi.org/10.1371/journal.pone.0221284,"Reis VM, Vianna JM, Barbosa TM, Garrido N, Vilaca Alves J, Carneiro AL, Aidar FJ, Novaes J (2019), PLOS ONE",GOLD,male,,27.5,,78.67,,mixed,TRICEPS_EXTENSION,isolation,triceps,isolation,isolation,,,,,,12.0,light,,,3.3631425,primary_training_target,3.2711749999999995,False,cohort_mean_substitution,0.09196750000000042
reis2019,reis2019,reis_lab_p10,indirect_calorimetry_breath_by_breath,COSMED K4b2,CC BY 4.0,https://doi.org/10.1371/journal.pone.0221284,"Reis VM, Vianna JM, Barbosa TM, Garrido N, Vilaca Alves J, Carneiro AL, Aidar FJ, Novaes J (2019), PLOS ONE",GOLD,male,,27.5,,78.67,,mixed,TRICEPS_EXTENSION,isolation,triceps,isolation,isolation,,,,,,16.0,light,,,2.4859720000000003,primary_training_target,3.2711749999999995,False,cohort_mean_substitution,-0.7852029999999992
reis2019,reis2019,reis_lab_p10,indirect_calorimetry_breath_by_breath,COSMED K4b2,CC BY 4.0,https://doi.org/10.1371/journal.pone.0221284,"Reis VM, Vianna JM, Barbosa TM, Garrido N, Vilaca Alves J, Carneiro AL, Aidar FJ, Novaes J (2019), PLOS ONE",GOLD,male,,27.5,,78.67,,mixed,TRICEPS_EXTENSION,isolation,triceps,isolation,isolation,,,,,,20.0,moderate,,,4.016103500000001,primary_training_target,4.4142625,False,cohort_mean_substitution,-0.3981589999999997
reis2019,reis2019,reis_lab_p10,indirect_calorimetry_breath_by_breath,COSMED K4b2,CC BY 4.0,https://doi.org/10.1371/journal.pone.0221284,"Reis VM, Vianna JM, Barbosa TM, Garrido N, Vilaca Alves J, Carneiro AL, Aidar FJ, Novaes J (2019), PLOS ONE",GOLD,male,,27.5,,78.67,,mixed,TRICEPS_EXTENSION,isolation,triceps,isolation,isolation,,,,,,24.0,moderate,,,3.988569000000001,primary_training_target,4.4142625,False,cohort_mean_substitution,-0.4256934999999995
reis2019,reis2019,reis_lab_p11,indirect_calorimetry_breath_by_breath,COSMED K4b2,CC BY 4.0,https://doi.org/10.1371/journal.pone.0221284,"Reis VM, Vianna JM, Barbosa TM, Garrido N, Vilaca Alves J, Carneiro AL, Aidar FJ, Novaes J (2019), PLOS ONE",GOLD,male,,27.5,,78.67,,mixed,TRICEPS_EXTENSION,isolation,triceps,isolation,isolation,,,,,,12.0,light,,,5.121416999999999,primary_training_target,3.2711749999999995,False,cohort_mean_substitution,1.8502419999999997
reis2019,reis2019,reis_lab_p11,indirect_calorimetry_breath_by_breath,COSMED K4b2,CC BY 4.0,https://doi.org/10.1371/journal.pone.0221284,"Reis VM, Vianna JM, Barbosa TM, Garrido N, Vilaca Alves J, Carneiro AL, Aidar FJ, Novaes J (2019), PLOS ONE",GOLD,male,,27.5,,78.67,,mixed,TRICEPS_EXTENSION,isolation,triceps,isolation,isolation,,,,,,16.0,light,,,4.4645225,primary_training_target,3.2711749999999995,False,cohort_mean_substitution,1.1933475000000007
reis2019,reis2019,reis_lab_p11,indirect_calorimetry_breath_by_breath,COSMED K4b2,CC BY 4.0,https://doi.org/10.1371/journal.pone.0221284,"Reis VM, Vianna JM, Barbosa TM, Garrido N, Vilaca Alves J, Carneiro AL, Aidar FJ, Novaes J (2019), PLOS ONE",GOLD,male,,27.5,,78.67,,mixed,TRICEPS_EXTENSION,isolation,triceps,isolation,isolation,,,,,,20.0,moderate,,,5.495099500000001,primary_training_target,4.4142625,False,cohort_mean_substitution,1.0808370000000007
reis2019,reis2019,reis_lab_p11,indirect_calorimetry_breath_by_breath,COSMED K4b2,CC BY 4.0,https://doi.org/10.1371/journal.pone.0221284,"Reis VM, Vianna JM, Barbosa TM, Garrido N, Vilaca Alves J, Carneiro AL, Aidar FJ, Novaes J (2019), PLOS ONE",GOLD,male,,27.5,,78.67,,mixed,TRICEPS_EXTENSION,isolation,triceps,isolation,isolation,,,,,,24.0,moderate,,,6.875758000000001,primary_training_target,4.4142625,False,cohort_mean_substitution,2.4614955000000007
reis2019,reis2019,reis_lab_p12,indirect_calorimetry_breath_by_breath,COSMED K4b2,CC BY 4.0,https://doi.org/10.1371/journal.pone.0221284,"Reis VM, Vianna JM, Barbosa TM, Garrido N, Vilaca Alves J, Carneiro AL, Aidar FJ, Novaes J (2019), PLOS ONE",GOLD,male,,27.5,,78.67,,mixed,TRICEPS_EXTENSION,isolation,triceps,isolation,isolation,,,,,,12.0,light,,,2.98946,primary_training_target,3.2711749999999995,False,cohort_mean_substitution,-0.2817149999999997
reis2019,reis2019,reis_lab_p12,indirect_calorimetry_breath_by_breath,COSMED K4b2,CC BY 4.0,https://doi.org/10.1371/journal.pone.0221284,"Reis VM, Vianna JM, Barbosa TM, Garrido N, Vilaca Alves J, Carneiro AL, Aidar FJ, Novaes J (2019), PLOS ONE",GOLD,male,,27.5,,78.67,,mixed,TRICEPS_EXTENSION,isolation,triceps,isolation,isolation,,,,,,16.0,light,,,2.8203195,primary_training_target,3.2711749999999995,False,cohort_mean_substitution,-0.4508554999999994
reis2019,reis2019,reis_lab_p12,indirect_calorimetry_breath_by_breath,COSMED K4b2,CC BY 4.0,https://doi.org/10.1371/journal.pone.0221284,"Reis VM, Vianna JM, Barbosa TM, Garrido N, Vilaca Alves J, Carneiro AL, Aidar FJ, Novaes J (2019), PLOS ONE",GOLD,male,,27.5,,78.67,,mixed,TRICEPS_EXTENSION,isolation,triceps,isolation,isolation,,,,,,20.0,moderate,,,3.312007,primary_training_target,4.4142625,False,cohort_mean_substitution,-1.1022555000000005
reis2019,reis2019,reis_lab_p12,indirect_calorimetry_breath_by_breath,COSMED K4b2,CC BY 4.0,https://doi.org/10.1371/journal.pone.0221284,"Reis VM, Vianna JM, Barbosa TM, Garrido N, Vilaca Alves J, Carneiro AL, Aidar FJ, Novaes J (2019), PLOS ONE",GOLD,male,,27.5,,78.67,,mixed,TRICEPS_EXTENSION,isolation,triceps,isolation,isolation,,,,,,24.0,moderate,,,3.5755515000000004,primary_training_target,4.4142625,False,cohort_mean_substitution,-0.838711
reis2019,reis2019,reis_lab_p13,indirect_calorimetry_breath_by_breath,COSMED K4b2,CC BY 4.0,https://doi.org/10.1371/journal.pone.0221284,"Reis VM, Vianna JM, Barbosa TM, Garrido N, Vilaca Alves J, Carneiro AL, Aidar FJ, Novaes J (2019), PLOS ONE",GOLD,male,,27.5,,78.67,,mixed,TRICEPS_EXTENSION,isolation,triceps,isolation,isolation,,,,,,12.0,light,,,3.9571010000000006,primary_training_target,3.2711749999999995,False,cohort_mean_substitution,0.6859260000000011
reis2019,reis2019,reis_lab_p13,indirect_calorimetry_breath_by_breath,COSMED K4b2,CC BY 4.0,https://doi.org/10.1371/journal.pone.0221284,"Reis VM, Vianna JM, Barbosa TM, Garrido N, Vilaca Alves J, Carneiro AL, Aidar FJ, Novaes J (2019), PLOS ONE",GOLD,male,,27.5,,78.67,,mixed,TRICEPS_EXTENSION,isolation,triceps,isolation,isolation,,,,,,16.0,light,,,2.5607085,primary_training_target,3.2711749999999995,False,cohort_mean_substitution,-0.7104664999999994
reis2019,reis2019,reis_lab_p13,indirect_calorimetry_breath_by_breath,COSMED K4b2,CC BY 4.0,https://doi.org/10.1371/journal.pone.0221284,"Reis VM, Vianna JM, Barbosa TM, Garrido N, Vilaca Alves J, Carneiro AL, Aidar FJ, Novaes J (2019), PLOS ONE",GOLD,male,,27.5,,78.67,,mixed,TRICEPS_EXTENSION,isolation,triceps,isolation,isolation,,,,,,20.0,moderate,,,5.6052375,primary_training_target,4.4142625,False,cohort_mean_substitution,1.190975
reis2019,reis2019,reis_lab_p13,indirect_calorimetry_breath_by_breath,COSMED K4b2,CC BY 4.0,https://doi.org/10.1371/journal.pone.0221284,"Reis VM, Vianna JM, Barbosa TM, Garrido N, Vilaca Alves J, Carneiro AL, Aidar FJ, Novaes J (2019), PLOS ONE",GOLD,male,,27.5,,78.67,,mixed,TRICEPS_EXTENSION,isolation,triceps,isolation,isolation,,,,,,24.0,moderate,,,4.397653,primary_training_target,4.4142625,False,cohort_mean_substitution,-0.016609500000000388
reis2019,reis2019,reis_lab_p14,indirect_calorimetry_breath_by_breath,COSMED K4b2,CC BY 4.0,https://doi.org/10.1371/journal.pone.0221284,"Reis VM, Vianna JM, Barbosa TM, Garrido N, Vilaca Alves J, Carneiro AL, Aidar FJ, Novaes J (2019), PLOS ONE",GOLD,male,,27.5,,78.67,,mixed,TRICEPS_EXTENSION,isolation,triceps,isolation,isolation,,,,,,12.0,light,,,2.1240900000000003,primary_training_target,3.2711749999999995,False,cohort_mean_substitution,-1.1470849999999992
reis2019,reis2019,reis_lab_p14,indirect_calorimetry_breath_by_breath,COSMED K4b2,CC BY 4.0,https://doi.org/10.1371/journal.pone.0221284,"Reis VM, Vianna JM, Barbosa TM, Garrido N, Vilaca Alves J, Carneiro AL, Aidar FJ, Novaes J (2019), PLOS ONE",GOLD,male,,27.5,,78.67,,mixed,TRICEPS_EXTENSION,isolation,triceps,isolation,isolation,,,,,,16.0,light,,,3.233337,primary_training_target,3.2711749999999995,False,cohort_mean_substitution,-0.03783799999999937
reis2019,reis2019,reis_lab_p14,indirect_calorimetry_breath_by_breath,COSMED K4b2,CC BY 4.0,https://doi.org/10.1371/journal.pone.0221284,"Reis VM, Vianna JM, Barbosa TM, Garrido N, Vilaca Alves J, Carneiro AL, Aidar FJ, Novaes J (2019), PLOS ONE",GOLD,male,,27.5,,78.67,,mixed,TRICEPS_EXTENSION,isolation,triceps,isolation,isolation,,,,,,20.0,moderate,,,3.1113985,primary_training_target,4.4142625,False,cohort_mean_substitution,-1.3028640000000005
reis2019,reis2019,reis_lab_p14,indirect_calorimetry_breath_by_breath,COSMED K4b2,CC BY 4.0,https://doi.org/10.1371/journal.pone.0221284,"Reis VM, Vianna JM, Barbosa TM, Garrido N, Vilaca Alves J, Carneiro AL, Aidar FJ, Novaes J (2019), PLOS ONE",GOLD,male,,27.5,,78.67,,mixed,TRICEPS_EXTENSION,isolation,triceps,isolation,isolation,,,,,,24.0,moderate,,,4.948343,primary_training_target,4.4142625,False,cohort_mean_substitution,0.5340805
reis2019,reis2019,reis_lab_p1,indirect_calorimetry_breath_by_breath,COSMED K4b2,CC BY 4.0,https://doi.org/10.1371/journal.pone.0221284,"Reis VM, Vianna JM, Barbosa TM, Garrido N, Vilaca Alves J, Carneiro AL, Aidar FJ, Novaes J (2019), PLOS ONE",GOLD,male,,27.5,,78.67,,mixed,BICEP_CURL,isolation,biceps,isolation,isolation,,,,,,12.0,light,,,3.7800935,primary_training_target,3.4111749999999996,False,cohort_mean_substitution,0.36891850000000037
reis2019,reis2019,reis_lab_p1,indirect_calorimetry_breath_by_breath,COSMED K4b2,CC BY 4.0,https://doi.org/10.1371/journal.pone.0221284,"Reis VM, Vianna JM, Barbosa TM, Garrido N, Vilaca Alves J, Carneiro AL, Aidar FJ, Novaes J (2019), PLOS ONE",GOLD,male,,27.5,,78.67,,mixed,BICEP_CURL,isolation,biceps,isolation,isolation,,,,,,16.0,light,,,4.0790395,primary_training_target,3.4111749999999996,False,cohort_mean_substitution,0.6678645000000007
reis2019,reis2019,reis_lab_p1,indirect_calorimetry_breath_by_breath,COSMED K4b2,CC BY 4.0,https://doi.org/10.1371/journal.pone.0221284,"Reis VM, Vianna JM, Barbosa TM, Garrido N, Vilaca Alves J, Carneiro AL, Aidar FJ, Novaes J (2019), PLOS ONE",GOLD,male,,27.5,,78.67,,mixed,BICEP_CURL,isolation,biceps,isolation,isolation,,,,,,20.0,moderate,,,4.381919,primary_training_target,3.9922625000000003,False,cohort_mean_substitution,0.38965649999999963
reis2019,reis2019,reis_lab_p1,indirect_calorimetry_breath_by_breath,COSMED K4b2,CC BY 4.0,https://doi.org/10.1371/journal.pone.0221284,"Reis VM, Vianna JM, Barbosa TM, Garrido N, Vilaca Alves J, Carneiro AL, Aidar FJ, Novaes J (2019), PLOS ONE",GOLD,male,,27.5,,78.67,,mixed,BICEP_CURL,isolation,biceps,isolation,isolation,,,,,,24.0,moderate,,,3.9138325,primary_training_target,3.9922625000000003,False,cohort_mean_substitution,-0.07843000000000044
reis2019,reis2019,reis_lab_p2,indirect_calorimetry_breath_by_breath,COSMED K4b2,CC BY 4.0,https://doi.org/10.1371/journal.pone.0221284,"Reis VM, Vianna JM, Barbosa TM, Garrido N, Vilaca Alves J, Carneiro AL, Aidar FJ, Novaes J (2019), PLOS ONE",GOLD,male,,27.5,,78.67,,mixed,BICEP_CURL,isolation,biceps,isolation,isolation,,,,,,12.0,light,,,3.9531675,primary_training_target,3.4111749999999996,False,cohort_mean_substitution,0.5419925000000005
reis2019,reis2019,reis_lab_p2,indirect_calorimetry_breath_by_breath,COSMED K4b2,CC BY 4.0,https://doi.org/10.1371/journal.pone.0221284,"Reis VM, Vianna JM, Barbosa TM, Garrido N, Vilaca Alves J, Carneiro AL, Aidar FJ, Novaes J (2019), PLOS ONE",GOLD,male,,27.5,,78.67,,mixed,BICEP_CURL,isolation,biceps,isolation,isolation,,,,,,16.0,light,,,4.6218625,primary_training_target,3.4111749999999996,False,cohort_mean_substitution,1.2106875000000001
reis2019,reis2019,reis_lab_p2,indirect_calorimetry_breath_by_breath,COSMED K4b2,CC BY 4.0,https://doi.org/10.1371/journal.pone.0221284,"Reis VM, Vianna JM, Barbosa TM, Garrido N, Vilaca Alves J, Carneiro AL, Aidar FJ, Novaes J (2019), PLOS ONE",GOLD,male,,27.5,,78.67,,mixed,BICEP_CURL,isolation,biceps,isolation,isolation,,,,,,20.0,moderate,,,4.6611975,primary_training_target,3.9922625000000003,False,cohort_mean_substitution,0.6689349999999998
reis2019,reis2019,reis_lab_p2,indirect_calorimetry_breath_by_breath,COSMED K4b2,CC BY 4.0,https://doi.org/10.1371/journal.pone.0221284,"Reis VM, Vianna JM, Barbosa TM, Garrido N, Vilaca Alves J, Carneiro AL, Aidar FJ, Novaes J (2019), PLOS ONE",GOLD,male,,27.5,,78.67,,mixed,BICEP_CURL,isolation,biceps,isolation,isolation,,,,,,24.0,moderate,,,5.813713,primary_training_target,3.9922625000000003,False,cohort_mean_substitution,1.8214504999999996
reis2019,reis2019,reis_lab_p3,indirect_calorimetry_breath_by_breath,COSMED K4b2,CC BY 4.0,https://doi.org/10.1371/journal.pone.0221284,"Reis VM, Vianna JM, Barbosa TM, Garrido N, Vilaca Alves J, Carneiro AL, Aidar FJ, Novaes J (2019), PLOS ONE",GOLD,male,,27.5,,78.67,,mixed,BICEP_CURL,isolation,biceps,isolation,isolation,,,,,,12.0,light,,,2.8439205000000007,primary_training_target,3.4111749999999996,False,cohort_mean_substitution,-0.5672544999999989
reis2019,reis2019,reis_lab_p3,indirect_calorimetry_breath_by_breath,COSMED K4b2,CC BY 4.0,https://doi.org/10.1371/journal.pone.0221284,"Reis VM, Vianna JM, Barbosa TM, Garrido N, Vilaca Alves J, Carneiro AL, Aidar FJ, Novaes J (2019), PLOS ONE",GOLD,male,,27.5,,78.67,,mixed,BICEP_CURL,isolation,biceps,isolation,isolation,,,,,,16.0,light,,,2.8439205000000007,primary_training_target,3.4111749999999996,False,cohort_mean_substitution,-0.5672544999999989
reis2019,reis2019,reis_lab_p3,indirect_calorimetry_breath_by_breath,COSMED K4b2,CC BY 4.0,https://doi.org/10.1371/journal.pone.0221284,"Reis VM, Vianna JM, Barbosa TM, Garrido N, Vilaca Alves J, Carneiro AL, Aidar FJ, Novaes J (2019), PLOS ONE",GOLD,male,,27.5,,78.67,,mixed,BICEP_CURL,isolation,biceps,isolation,isolation,,,,,,20.0,moderate,,,3.4496795,primary_training_target,3.9922625000000003,False,cohort_mean_substitution,-0.5425830000000005
reis2019,reis2019,reis_lab_p3,indirect_calorimetry_breath_by_breath,COSMED K4b2,CC BY 4.0,https://doi.org/10.1371/journal.pone.0221284,"Reis VM, Vianna JM, Barbosa TM, Garrido N, Vilaca Alves J, Carneiro AL, Aidar FJ, Novaes J (2019), PLOS ONE",GOLD,male,,27.5,,78.67,,mixed,BICEP_CURL,isolation,biceps,isolation,isolation,,,,,,24.0,moderate,,,3.799761,primary_training_target,3.9922625000000003,False,cohort_mean_substitution,-0.1925015000000001
reis2019,reis2019,reis_lab_p4,indirect_calorimetry_breath_by_breath,COSMED K4b2,CC BY 4.0,https://doi.org/10.1371/journal.pone.0221284,"Reis VM, Vianna JM, Barbosa TM, Garrido N, Vilaca Alves J, Carneiro AL, Aidar FJ, Novaes J (2019), PLOS ONE",GOLD,male,,27.5,,78.67,,mixed,BICEP_CURL,isolation,biceps,isolation,isolation,,,,,,12.0,light,,,3.4339455000000005,primary_training_target,3.4111749999999996,False,cohort_mean_substitution,0.022770500000000915
reis2019,reis2019,reis_lab_p4,indirect_calorimetry_breath_by_breath,COSMED K4b2,CC BY 4.0,https://doi.org/10.1371/journal.pone.0221284,"Reis VM, Vianna JM, Barbosa TM, Garrido N, Vilaca Alves J, Carneiro AL, Aidar FJ, Novaes J (2019), PLOS ONE",GOLD,male,,27.5,,78.67,,mixed,BICEP_CURL,isolation,biceps,isolation,isolation,,,,,,16.0,light,,,2.5371075000000003,primary_training_target,3.4111749999999996,False,cohort_mean_substitution,-0.8740674999999993
reis2019,reis2019,reis_lab_p4,indirect_calorimetry_breath_by_breath,COSMED K4b2,CC BY 4.0,https://doi.org/10.1371/journal.pone.0221284,"Reis VM, Vianna JM, Barbosa TM, Garrido N, Vilaca Alves J, Carneiro AL, Aidar FJ, Novaes J (2019), PLOS ONE",GOLD,male,,27.5,,78.67,,mixed,BICEP_CURL,isolation,biceps,isolation,isolation,,,,,,20.0,moderate,,,3.6778225,primary_training_target,3.9922625000000003,False,cohort_mean_substitution,-0.3144400000000003
reis2019,reis2019,reis_lab_p4,indirect_calorimetry_breath_by_breath,COSMED K4b2,CC BY 4.0,https://doi.org/10.1371/journal.pone.0221284,"Reis VM, Vianna JM, Barbosa TM, Garrido N, Vilaca Alves J, Carneiro AL, Aidar FJ, Novaes J (2019), PLOS ONE",GOLD,male,,27.5,,78.67,,mixed,BICEP_CURL,isolation,biceps,isolation,isolation,,,,,,24.0,moderate,,,3.343475,primary_training_target,3.9922625000000003,False,cohort_mean_substitution,-0.6487875000000001
reis2019,reis2019,reis_lab_p5,indirect_calorimetry_breath_by_breath,COSMED K4b2,CC BY 4.0,https://doi.org/10.1371/journal.pone.0221284,"Reis VM, Vianna JM, Barbosa TM, Garrido N, Vilaca Alves J, Carneiro AL, Aidar FJ, Novaes J (2019), PLOS ONE",GOLD,male,,27.5,,78.67,,mixed,BICEP_CURL,isolation,biceps,isolation,isolation,,,,,,12.0,light,,,2.714115,primary_training_target,3.4111749999999996,False,cohort_mean_substitution,-0.6970599999999996
reis2019,reis2019,reis_lab_p5,indirect_calorimetry_breath_by_breath,COSMED K4b2,CC BY 4.0,https://doi.org/10.1371/journal.pone.0221284,"Reis VM, Vianna JM, Barbosa TM, Garrido N, Vilaca Alves J, Carneiro AL, Aidar FJ, Novaes J (2019), PLOS ONE",GOLD,male,,27.5,,78.67,,mixed,BICEP_CURL,isolation,biceps,isolation,isolation,,,,,,16.0,light,,,3.3710095,primary_training_target,3.4111749999999996,False,cohort_mean_substitution,-0.04016549999999963
reis2019,reis2019,reis_lab_p5,indirect_calorimetry_breath_by_breath,COSMED K4b2,CC BY 4.0,https://doi.org/10.1371/journal.pone.0221284,"Reis VM, Vianna JM, Barbosa TM, Garrido N, Vilaca Alves J, Carneiro AL, Aidar FJ, Novaes J (2019), PLOS ONE",GOLD,male,,27.5,,78.67,,mixed,BICEP_CURL,isolation,biceps,isolation,isolation,,,,,,20.0,moderate,,,3.591285500000001,primary_training_target,3.9922625000000003,False,cohort_mean_substitution,-0.40097699999999925
reis2019,reis2019,reis_lab_p5,indirect_calorimetry_breath_by_breath,COSMED K4b2,CC BY 4.0,https://doi.org/10.1371/journal.pone.0221284,"Reis VM, Vianna JM, Barbosa TM, Garrido N, Vilaca Alves J, Carneiro AL, Aidar FJ, Novaes J (2019), PLOS ONE",GOLD,male,,27.5,,78.67,,mixed,BICEP_CURL,isolation,biceps,isolation,isolation,,,,,,24.0,moderate,,,4.16951,primary_training_target,3.9922625000000003,False,cohort_mean_substitution,0.17724749999999956
reis2019,reis2019,reis_lab_p6,indirect_calorimetry_breath_by_breath,COSMED K4b2,CC BY 4.0,https://doi.org/10.1371/journal.pone.0221284,"Reis VM, Vianna JM, Barbosa TM, Garrido N, Vilaca Alves J, Carneiro AL, Aidar FJ, Novaes J (2019), PLOS ONE",GOLD,male,,27.5,,78.67,,mixed,BICEP_CURL,isolation,biceps,isolation,isolation,,,,,,12.0,light,,,3.422145,primary_training_target,3.4111749999999996,False,cohort_mean_substitution,0.010970000000000368
reis2019,reis2019,reis_lab_p6,indirect_calorimetry_breath_by_breath,COSMED K4b2,CC BY 4.0,https://doi.org/10.1371/journal.pone.0221284,"Reis VM, Vianna JM, Barbosa TM, Garrido N, Vilaca Alves J, Carneiro AL, Aidar FJ, Novaes J (2019), PLOS ONE",GOLD,male,,27.5,,78.67,,mixed,BICEP_CURL,isolation,biceps,isolation,isolation,,,,,,16.0,light,,,4.3307835,primary_training_target,3.4111749999999996,False,cohort_mean_substitution,0.9196085000000003
reis2019,reis2019,reis_lab_p6,indirect_calorimetry_breath_by_breath,COSMED K4b2,CC BY 4.0,https://doi.org/10.1371/journal.pone.0221284,"Reis VM, Vianna JM, Barbosa TM, Garrido N, Vilaca Alves J, Carneiro AL, Aidar FJ, Novaes J (2019), PLOS ONE",GOLD,male,,27.5,,78.67,,mixed,BICEP_CURL,isolation,biceps,isolation,isolation,,,,,,20.0,moderate,,,4.358318000000001,primary_training_target,3.9922625000000003,False,cohort_mean_substitution,0.3660555000000003
reis2019,reis2019,reis_lab_p6,indirect_calorimetry_breath_by_breath,COSMED K4b2,CC BY 4.0,https://doi.org/10.1371/journal.pone.0221284,"Reis VM, Vianna JM, Barbosa TM, Garrido N, Vilaca Alves J, Carneiro AL, Aidar FJ, Novaes J (2019), PLOS ONE",GOLD,male,,27.5,,78.67,,mixed,BICEP_CURL,isolation,biceps,isolation,isolation,,,,,,24.0,moderate,,,4.3229165,primary_training_target,3.9922625000000003,False,cohort_mean_substitution,0.33065399999999956
reis2019,reis2019,reis_lab_p7,indirect_calorimetry_breath_by_breath,COSMED K4b2,CC BY 4.0,https://doi.org/10.1371/journal.pone.0221284,"Reis VM, Vianna JM, Barbosa TM, Garrido N, Vilaca Alves J, Carneiro AL, Aidar FJ, Novaes J (2019), PLOS ONE",GOLD,male,,27.5,,78.67,,mixed,BICEP_CURL,isolation,biceps,isolation,isolation,,,,,,12.0,light,,,3.3710095,primary_training_target,3.4111749999999996,False,cohort_mean_substitution,-0.04016549999999963
reis2019,reis2019,reis_lab_p7,indirect_calorimetry_breath_by_breath,COSMED K4b2,CC BY 4.0,https://doi.org/10.1371/journal.pone.0221284,"Reis VM, Vianna JM, Barbosa TM, Garrido N, Vilaca Alves J, Carneiro AL, Aidar FJ, Novaes J (2019), PLOS ONE",GOLD,male,,27.5,,78.67,,mixed,BICEP_CURL,isolation,biceps,isolation,isolation,,,,,,16.0,light,,,4.2757145,primary_training_target,3.4111749999999996,False,cohort_mean_substitution,0.8645395000000007
reis2019,reis2019,reis_lab_p7,indirect_calorimetry_breath_by_breath,COSMED K4b2,CC BY 4.0,https://doi.org/10.1371/journal.pone.0221284,"Reis VM, Vianna JM, Barbosa TM, Garrido N, Vilaca Alves J, Carneiro AL, Aidar FJ, Novaes J (2019), PLOS ONE",GOLD,male,,27.5,,78.67,,mixed,BICEP_CURL,isolation,biceps,isolation,isolation,,,,,,20.0,moderate,,,4.8814735,primary_training_target,3.9922625000000003,False,cohort_mean_substitution,0.889211
reis2019,reis2019,reis_lab_p7,indirect_calorimetry_breath_by_breath,COSMED K4b2,CC BY 4.0,https://doi.org/10.1371/journal.pone.0221284,"Reis VM, Vianna JM, Barbosa TM, Garrido N, Vilaca Alves J, Carneiro AL, Aidar FJ, Novaes J (2019), PLOS ONE",GOLD,male,,27.5,,78.67,,mixed,BICEP_CURL,isolation,biceps,isolation,isolation,,,,,,24.0,moderate,,,5.420362999999999,primary_training_target,3.9922625000000003,False,cohort_mean_substitution,1.4281004999999989
reis2019,reis2019,reis_lab_p8,indirect_calorimetry_breath_by_breath,COSMED K4b2,CC BY 4.0,https://doi.org/10.1371/journal.pone.0221284,"Reis VM, Vianna JM, Barbosa TM, Garrido N, Vilaca Alves J, Carneiro AL, Aidar FJ, Novaes J (2019), PLOS ONE",GOLD,male,,27.5,,78.67,,mixed,BICEP_CURL,isolation,biceps,isolation,isolation,,,,,,12.0,light,,,3.666022,primary_training_target,3.4111749999999996,False,cohort_mean_substitution,0.25484700000000027
reis2019,reis2019,reis_lab_p8,indirect_calorimetry_breath_by_breath,COSMED K4b2,CC BY 4.0,https://doi.org/10.1371/journal.pone.0221284,"Reis VM, Vianna JM, Barbosa TM, Garrido N, Vilaca Alves J, Carneiro AL, Aidar FJ, Novaes J (2019), PLOS ONE",GOLD,male,,27.5,,78.67,,mixed,BICEP_CURL,isolation,biceps,isolation,isolation,,,,,,16.0,light,,,2.824253,primary_training_target,3.4111749999999996,False,cohort_mean_substitution,-0.5869219999999995
reis2019,reis2019,reis_lab_p8,indirect_calorimetry_breath_by_breath,COSMED K4b2,CC BY 4.0,https://doi.org/10.1371/journal.pone.0221284,"Reis VM, Vianna JM, Barbosa TM, Garrido N, Vilaca Alves J, Carneiro AL, Aidar FJ, Novaes J (2019), PLOS ONE",GOLD,male,,27.5,,78.67,,mixed,BICEP_CURL,isolation,biceps,isolation,isolation,,,,,,20.0,moderate,,,4.067239000000001,primary_training_target,3.9922625000000003,False,cohort_mean_substitution,0.07497650000000045
reis2019,reis2019,reis_lab_p8,indirect_calorimetry_breath_by_breath,COSMED K4b2,CC BY 4.0,https://doi.org/10.1371/journal.pone.0221284,"Reis VM, Vianna JM, Barbosa TM, Garrido N, Vilaca Alves J, Carneiro AL, Aidar FJ, Novaes J (2019), PLOS ONE",GOLD,male,,27.5,,78.67,,mixed,BICEP_CURL,isolation,biceps,isolation,isolation,,,,,,24.0,moderate,,,4.7398675,primary_training_target,3.9922625000000003,False,cohort_mean_substitution,0.7476049999999996
reis2019,reis2019,reis_lab_p9,indirect_calorimetry_breath_by_breath,COSMED K4b2,CC BY 4.0,https://doi.org/10.1371/journal.pone.0221284,"Reis VM, Vianna JM, Barbosa TM, Garrido N, Vilaca Alves J, Carneiro AL, Aidar FJ, Novaes J (2019), PLOS ONE",GOLD,male,,27.5,,78.67,,mixed,BICEP_CURL,isolation,biceps,isolation,isolation,,,,,,12.0,light,,,3.233337,primary_training_target,3.4111749999999996,False,cohort_mean_substitution,-0.1778379999999995
reis2019,reis2019,reis_lab_p9,indirect_calorimetry_breath_by_breath,COSMED K4b2,CC BY 4.0,https://doi.org/10.1371/journal.pone.0221284,"Reis VM, Vianna JM, Barbosa TM, Garrido N, Vilaca Alves J, Carneiro AL, Aidar FJ, Novaes J (2019), PLOS ONE",GOLD,male,,27.5,,78.67,,mixed,BICEP_CURL,isolation,biceps,isolation,isolation,,,,,,16.0,light,,,3.894165,primary_training_target,3.4111749999999996,False,cohort_mean_substitution,0.4829900000000005
reis2019,reis2019,reis_lab_p9,indirect_calorimetry_breath_by_breath,COSMED K4b2,CC BY 4.0,https://doi.org/10.1371/journal.pone.0221284,"Reis VM, Vianna JM, Barbosa TM, Garrido N, Vilaca Alves J, Carneiro AL, Aidar FJ, Novaes J (2019), PLOS ONE",GOLD,male,,27.5,,78.67,,mixed,BICEP_CURL,isolation,biceps,isolation,isolation,,,,,,20.0,moderate,,,4.924741999999999,primary_training_target,3.9922625000000003,False,cohort_mean_substitution,0.932479499999999
reis2019,reis2019,reis_lab_p9,indirect_calorimetry_breath_by_breath,COSMED K4b2,CC BY 4.0,https://doi.org/10.1371/journal.pone.0221284,"Reis VM, Vianna JM, Barbosa TM, Garrido N, Vilaca Alves J, Carneiro AL, Aidar FJ, Novaes J (2019), PLOS ONE",GOLD,male,,27.5,,78.67,,mixed,BICEP_CURL,isolation,biceps,isolation,isolation,,,,,,24.0,moderate,,,5.727175999999999,primary_training_target,3.9922625000000003,False,cohort_mean_substitution,1.7349134999999989
reis2019,reis2019,reis_lab_p10,indirect_calorimetry_breath_by_breath,COSMED K4b2,CC BY 4.0,https://doi.org/10.1371/journal.pone.0221284,"Reis VM, Vianna JM, Barbosa TM, Garrido N, Vilaca Alves J, Carneiro AL, Aidar FJ, Novaes J (2019), PLOS ONE",GOLD,male,,27.5,,78.67,,mixed,BICEP_CURL,isolation,biceps,isolation,isolation,,,,,,12.0,light,,,2.0414865000000004,primary_training_target,3.4111749999999996,False,cohort_mean_substitution,-1.3696884999999992
reis2019,reis2019,reis_lab_p10,indirect_calorimetry_breath_by_breath,COSMED K4b2,CC BY 4.0,https://doi.org/10.1371/journal.pone.0221284,"Reis VM, Vianna JM, Barbosa TM, Garrido N, Vilaca Alves J, Carneiro AL, Aidar FJ, Novaes J (2019), PLOS ONE",GOLD,male,,27.5,,78.67,,mixed,BICEP_CURL,isolation,biceps,isolation,isolation,,,,,,16.0,light,,,2.4899055,primary_training_target,3.4111749999999996,False,cohort_mean_substitution,-0.9212694999999997
reis2019,reis2019,reis_lab_p10,indirect_calorimetry_breath_by_breath,COSMED K4b2,CC BY 4.0,https://doi.org/10.1371/journal.pone.0221284,"Reis VM, Vianna JM, Barbosa TM, Garrido N, Vilaca Alves J, Carneiro AL, Aidar FJ, Novaes J (2019), PLOS ONE",GOLD,male,,27.5,,78.67,,mixed,BICEP_CURL,isolation,biceps,isolation,isolation,,,,,,20.0,moderate,,,2.761317,primary_training_target,3.9922625000000003,False,cohort_mean_substitution,-1.2309455000000002
reis2019,reis2019,reis_lab_p10,indirect_calorimetry_breath_by_breath,COSMED K4b2,CC BY 4.0,https://doi.org/10.1371/journal.pone.0221284,"Reis VM, Vianna JM, Barbosa TM, Garrido N, Vilaca Alves J, Carneiro AL, Aidar FJ, Novaes J (2019), PLOS ONE",GOLD,male,,27.5,,78.67,,mixed,BICEP_CURL,isolation,biceps,isolation,isolation,,,,,,24.0,moderate,,,3.603086,primary_training_target,3.9922625000000003,False,cohort_mean_substitution,-0.3891765000000005
reis2019,reis2019,reis_lab_p11,indirect_calorimetry_breath_by_breath,COSMED K4b2,CC BY 4.0,https://doi.org/10.1371/journal.pone.0221284,"Reis VM, Vianna JM, Barbosa TM, Garrido N, Vilaca Alves J, Carneiro AL, Aidar FJ, Novaes J (2019), PLOS ONE",GOLD,male,,27.5,,78.67,,mixed,BICEP_CURL,isolation,biceps,isolation,isolation,,,,,,12.0,light,,,2.9855265,primary_training_target,3.4111749999999996,False,cohort_mean_substitution,-0.42564849999999943
reis2019,reis2019,reis_lab_p11,indirect_calorimetry_breath_by_breath,COSMED K4b2,CC BY 4.0,https://doi.org/10.1371/journal.pone.0221284,"Reis VM, Vianna JM, Barbosa TM, Garrido N, Vilaca Alves J, Carneiro AL, Aidar FJ, Novaes J (2019), PLOS ONE",GOLD,male,,27.5,,78.67,,mixed,BICEP_CURL,isolation,biceps,isolation,isolation,,,,,,16.0,light,,,4.901141000000001,primary_training_target,3.4111749999999996,False,cohort_mean_substitution,1.4899660000000012
reis2019,reis2019,reis_lab_p11,indirect_calorimetry_breath_by_breath,COSMED K4b2,CC BY 4.0,https://doi.org/10.1371/journal.pone.0221284,"Reis VM, Vianna JM, Barbosa TM, Garrido N, Vilaca Alves J, Carneiro AL, Aidar FJ, Novaes J (2019), PLOS ONE",GOLD,male,,27.5,,78.67,,mixed,BICEP_CURL,isolation,biceps,isolation,isolation,,,,,,20.0,moderate,,,2.9461915000000003,primary_training_target,3.9922625000000003,False,cohort_mean_substitution,-1.046071
reis2019,reis2019,reis_lab_p11,indirect_calorimetry_breath_by_breath,COSMED K4b2,CC BY 4.0,https://doi.org/10.1371/journal.pone.0221284,"Reis VM, Vianna JM, Barbosa TM, Garrido N, Vilaca Alves J, Carneiro AL, Aidar FJ, Novaes J (2019), PLOS ONE",GOLD,male,,27.5,,78.67,,mixed,BICEP_CURL,isolation,biceps,isolation,isolation,,,,,,24.0,moderate,,,3.5991525,primary_training_target,3.9922625000000003,False,cohort_mean_substitution,-0.39311000000000007
reis2019,reis2019,reis_lab_p12,indirect_calorimetry_breath_by_breath,COSMED K4b2,CC BY 4.0,https://doi.org/10.1371/journal.pone.0221284,"Reis VM, Vianna JM, Barbosa TM, Garrido N, Vilaca Alves J, Carneiro AL, Aidar FJ, Novaes J (2019), PLOS ONE",GOLD,male,,27.5,,78.67,,mixed,BICEP_CURL,isolation,biceps,isolation,isolation,,,,,,12.0,light,,,3.0838640000000006,primary_training_target,3.4111749999999996,False,cohort_mean_substitution,-0.327310999999999
reis2019,reis2019,reis_lab_p12,indirect_calorimetry_breath_by_breath,COSMED K4b2,CC BY 4.0,https://doi.org/10.1371/journal.pone.0221284,"Reis VM, Vianna JM, Barbosa TM, Garrido N, Vilaca Alves J, Carneiro AL, Aidar FJ, Novaes J (2019), PLOS ONE",GOLD,male,,27.5,,78.67,,mixed,BICEP_CURL,isolation,biceps,isolation,isolation,,,,,,16.0,light,,,2.9540584999999995,primary_training_target,3.4111749999999996,False,cohort_mean_substitution,-0.45711650000000015
reis2019,reis2019,reis_lab_p12,indirect_calorimetry_breath_by_breath,COSMED K4b2,CC BY 4.0,https://doi.org/10.1371/journal.pone.0221284,"Reis VM, Vianna JM, Barbosa TM, Garrido N, Vilaca Alves J, Carneiro AL, Aidar FJ, Novaes J (2019), PLOS ONE",GOLD,male,,27.5,,78.67,,mixed,BICEP_CURL,isolation,biceps,isolation,isolation,,,,,,20.0,moderate,,,3.3277410000000005,primary_training_target,3.9922625000000003,False,cohort_mean_substitution,-0.6645214999999998
reis2019,reis2019,reis_lab_p13,indirect_calorimetry_breath_by_breath,COSMED K4b2,CC BY 4.0,https://doi.org/10.1371/journal.pone.0221284,"Reis VM, Vianna JM, Barbosa TM, Garrido N, Vilaca Alves J, Carneiro AL, Aidar FJ, Novaes J (2019), PLOS ONE",GOLD,male,,27.5,,78.67,,mixed,BICEP_CURL,isolation,biceps,isolation,isolation,,,,,,12.0,light,,,4.370118499999999,primary_training_target,3.4111749999999996,False,cohort_mean_substitution,0.9589434999999997
reis2019,reis2019,reis_lab_p13,indirect_calorimetry_breath_by_breath,COSMED K4b2,CC BY 4.0,https://doi.org/10.1371/journal.pone.0221284,"Reis VM, Vianna JM, Barbosa TM, Garrido N, Vilaca Alves J, Carneiro AL, Aidar FJ, Novaes J (2019), PLOS ONE",GOLD,male,,27.5,,78.67,,mixed,BICEP_CURL,isolation,biceps,isolation,isolation,,,,,,16.0,light,,,3.22547,primary_training_target,3.4111749999999996,False,cohort_mean_substitution,-0.18570499999999956
reis2019,reis2019,reis_lab_p13,indirect_calorimetry_breath_by_breath,COSMED K4b2,CC BY 4.0,https://doi.org/10.1371/journal.pone.0221284,"Reis VM, Vianna JM, Barbosa TM, Garrido N, Vilaca Alves J, Carneiro AL, Aidar FJ, Novaes J (2019), PLOS ONE",GOLD,male,,27.5,,78.67,,mixed,BICEP_CURL,isolation,biceps,isolation,isolation,,,,,,20.0,moderate,,,4.759535,primary_training_target,3.9922625000000003,False,cohort_mean_substitution,0.7672724999999994
reis2019,reis2019,reis_lab_p13,indirect_calorimetry_breath_by_breath,COSMED K4b2,CC BY 4.0,https://doi.org/10.1371/journal.pone.0221284,"Reis VM, Vianna JM, Barbosa TM, Garrido N, Vilaca Alves J, Carneiro AL, Aidar FJ, Novaes J (2019), PLOS ONE",GOLD,male,,27.5,,78.67,,mixed,BICEP_CURL,isolation,biceps,isolation,isolation,,,,,,24.0,moderate,,,4.9680105,primary_training_target,3.9922625000000003,False,cohort_mean_substitution,0.9757479999999998
reis2019,reis2019,reis_lab_p14,indirect_calorimetry_breath_by_breath,COSMED K4b2,CC BY 4.0,https://doi.org/10.1371/journal.pone.0221284,"Reis VM, Vianna JM, Barbosa TM, Garrido N, Vilaca Alves J, Carneiro AL, Aidar FJ, Novaes J (2019), PLOS ONE",GOLD,male,,27.5,,78.67,,mixed,BICEP_CURL,isolation,biceps,isolation,isolation,,,,,,12.0,light,,,3.1035314999999994,primary_training_target,3.4111749999999996,False,cohort_mean_substitution,-0.3076435000000002
reis2019,reis2019,reis_lab_p14,indirect_calorimetry_breath_by_breath,COSMED K4b2,CC BY 4.0,https://doi.org/10.1371/journal.pone.0221284,"Reis VM, Vianna JM, Barbosa TM, Garrido N, Vilaca Alves J, Carneiro AL, Aidar FJ, Novaes J (2019), PLOS ONE",GOLD,male,,27.5,,78.67,,mixed,BICEP_CURL,isolation,biceps,isolation,isolation,,,,,,16.0,light,,,2.950125,primary_training_target,3.4111749999999996,False,cohort_mean_substitution,-0.46104999999999974
reis2019,reis2019,reis_lab_p14,indirect_calorimetry_breath_by_breath,COSMED K4b2,CC BY 4.0,https://doi.org/10.1371/journal.pone.0221284,"Reis VM, Vianna JM, Barbosa TM, Garrido N, Vilaca Alves J, Carneiro AL, Aidar FJ, Novaes J (2019), PLOS ONE",GOLD,male,,27.5,,78.67,,mixed,BICEP_CURL,isolation,biceps,isolation,isolation,,,,,,20.0,moderate,,,3.1979355000000007,primary_training_target,3.9922625000000003,False,cohort_mean_substitution,-0.7943269999999996
reis2019,reis2019,reis_lab_p14,indirect_calorimetry_breath_by_breath,COSMED K4b2,CC BY 4.0,https://doi.org/10.1371/journal.pone.0221284,"Reis VM, Vianna JM, Barbosa TM, Garrido N, Vilaca Alves J, Carneiro AL, Aidar FJ, Novaes J (2019), PLOS ONE",GOLD,male,,27.5,,78.67,,mixed,BICEP_CURL,isolation,biceps,isolation,isolation,,,,,,24.0,moderate,,,2.8950560000000003,primary_training_target,3.9922625000000003,False,cohort_mean_substitution,-1.0972065
reis2019,reis2019,reis_lab_p1,indirect_calorimetry_breath_by_breath,COSMED K4b2,CC BY 4.0,https://doi.org/10.1371/journal.pone.0221284,"Reis VM, Vianna JM, Barbosa TM, Garrido N, Vilaca Alves J, Carneiro AL, Aidar FJ, Novaes J (2019), PLOS ONE",GOLD,male,,27.5,,78.67,,mixed,LEG_PRESS,squat,quads,compound,squat,,,,,,12.0,light,,,6.2267305,primary_training_target,6.2711749999999995,False,cohort_mean_substitution,-0.04444449999999911
reis2019,reis2019,reis_lab_p1,indirect_calorimetry_breath_by_breath,COSMED K4b2,CC BY 4.0,https://doi.org/10.1371/journal.pone.0221284,"Reis VM, Vianna JM, Barbosa TM, Garrido N, Vilaca Alves J, Carneiro AL, Aidar FJ, Novaes J (2019), PLOS ONE",GOLD,male,,27.5,,78.67,,mixed,LEG_PRESS,squat,quads,compound,squat,,,,,,16.0,light,,,5.609171,primary_training_target,6.2711749999999995,False,cohort_mean_substitution,-0.6620039999999996
reis2019,reis2019,reis_lab_p1,indirect_calorimetry_breath_by_breath,COSMED K4b2,CC BY 4.0,https://doi.org/10.1371/journal.pone.0221284,"Reis VM, Vianna JM, Barbosa TM, Garrido N, Vilaca Alves J, Carneiro AL, Aidar FJ, Novaes J (2019), PLOS ONE",GOLD,male,,27.5,,78.67,,mixed,LEG_PRESS,squat,quads,compound,squat,,,,,,20.0,moderate,,,7.300576,primary_training_target,7.7892625,False,cohort_mean_substitution,-0.4886865
reis2019,reis2019,reis_lab_p1,indirect_calorimetry_breath_by_breath,COSMED K4b2,CC BY 4.0,https://doi.org/10.1371/journal.pone.0221284,"Reis VM, Vianna JM, Barbosa TM, Garrido N, Vilaca Alves J, Carneiro AL, Aidar FJ, Novaes J (2019), PLOS ONE",GOLD,male,,27.5,,78.67,,mixed,LEG_PRESS,squat,quads,compound,squat,,,,,,24.0,moderate,,,6.254265,primary_training_target,7.7892625,False,cohort_mean_substitution,-1.5349975000000002
reis2019,reis2019,reis_lab_p2,indirect_calorimetry_breath_by_breath,COSMED K4b2,CC BY 4.0,https://doi.org/10.1371/journal.pone.0221284,"Reis VM, Vianna JM, Barbosa TM, Garrido N, Vilaca Alves J, Carneiro AL, Aidar FJ, Novaes J (2019), PLOS ONE",GOLD,male,,27.5,,78.67,,mixed,LEG_PRESS,squat,quads,compound,squat,,,,,,12.0,light,,,6.679083,primary_training_target,6.2711749999999995,False,cohort_mean_substitution,0.4079080000000008
reis2019,reis2019,reis_lab_p2,indirect_calorimetry_breath_by_breath,COSMED K4b2,CC BY 4.0,https://doi.org/10.1371/journal.pone.0221284,"Reis VM, Vianna JM, Barbosa TM, Garrido N, Vilaca Alves J, Carneiro AL, Aidar FJ, Novaes J (2019), PLOS ONE",GOLD,male,,27.5,,78.67,,mixed,LEG_PRESS,squat,quads,compound,squat,,,,,,16.0,light,,,8.6340325,primary_training_target,6.2711749999999995,False,cohort_mean_substitution,2.3628575000000005
reis2019,reis2019,reis_lab_p2,indirect_calorimetry_breath_by_breath,COSMED K4b2,CC BY 4.0,https://doi.org/10.1371/journal.pone.0221284,"Reis VM, Vianna JM, Barbosa TM, Garrido N, Vilaca Alves J, Carneiro AL, Aidar FJ, Novaes J (2019), PLOS ONE",GOLD,male,,27.5,,78.67,,mixed,LEG_PRESS,squat,quads,compound,squat,,,,,,20.0,moderate,,,9.235858,primary_training_target,7.7892625,False,cohort_mean_substitution,1.4465955
reis2019,reis2019,reis_lab_p2,indirect_calorimetry_breath_by_breath,COSMED K4b2,CC BY 4.0,https://doi.org/10.1371/journal.pone.0221284,"Reis VM, Vianna JM, Barbosa TM, Garrido N, Vilaca Alves J, Carneiro AL, Aidar FJ, Novaes J (2019), PLOS ONE",GOLD,male,,27.5,,78.67,,mixed,LEG_PRESS,squat,quads,compound,squat,,,,,,24.0,moderate,,,12.6147345,primary_training_target,7.7892625,False,cohort_mean_substitution,4.825472
reis2019,reis2019,reis_lab_p3,indirect_calorimetry_breath_by_breath,COSMED K4b2,CC BY 4.0,https://doi.org/10.1371/journal.pone.0221284,"Reis VM, Vianna JM, Barbosa TM, Garrido N, Vilaca Alves J, Carneiro AL, Aidar FJ, Novaes J (2019), PLOS ONE",GOLD,male,,27.5,,78.67,,mixed,LEG_PRESS,squat,quads,compound,squat,,,,,,12.0,light,,,5.7232425000000005,primary_training_target,6.2711749999999995,False,cohort_mean_substitution,-0.547932499999999
reis2019,reis2019,reis_lab_p3,indirect_calorimetry_breath_by_breath,COSMED K4b2,CC BY 4.0,https://doi.org/10.1371/journal.pone.0221284,"Reis VM, Vianna JM, Barbosa TM, Garrido N, Vilaca Alves J, Carneiro AL, Aidar FJ, Novaes J (2019), PLOS ONE",GOLD,male,,27.5,,78.67,,mixed,LEG_PRESS,squat,quads,compound,squat,,,,,,16.0,light,,,6.974095500000001,primary_training_target,6.2711749999999995,False,cohort_mean_substitution,0.7029205000000012
reis2019,reis2019,reis_lab_p3,indirect_calorimetry_breath_by_breath,COSMED K4b2,CC BY 4.0,https://doi.org/10.1371/journal.pone.0221284,"Reis VM, Vianna JM, Barbosa TM, Garrido N, Vilaca Alves J, Carneiro AL, Aidar FJ, Novaes J (2019), PLOS ONE",GOLD,male,,27.5,,78.67,,mixed,LEG_PRESS,squat,quads,compound,squat,,,,,,20.0,moderate,,,7.143236,primary_training_target,7.7892625,False,cohort_mean_substitution,-0.6460265000000005
reis2019,reis2019,reis_lab_p3,indirect_calorimetry_breath_by_breath,COSMED K4b2,CC BY 4.0,https://doi.org/10.1371/journal.pone.0221284,"Reis VM, Vianna JM, Barbosa TM, Garrido N, Vilaca Alves J, Carneiro AL, Aidar FJ, Novaes J (2019), PLOS ONE",GOLD,male,,27.5,,78.67,,mixed,LEG_PRESS,squat,quads,compound,squat,,,,,,24.0,moderate,,,10.0579595,primary_training_target,7.7892625,False,cohort_mean_substitution,2.2686970000000004
reis2019,reis2019,reis_lab_p4,indirect_calorimetry_breath_by_breath,COSMED K4b2,CC BY 4.0,https://doi.org/10.1371/journal.pone.0221284,"Reis VM, Vianna JM, Barbosa TM, Garrido N, Vilaca Alves J, Carneiro AL, Aidar FJ, Novaes J (2019), PLOS ONE",GOLD,male,,27.5,,78.67,,mixed,LEG_PRESS,squat,quads,compound,squat,,,,,,12.0,light,,,5.2512225,primary_training_target,6.2711749999999995,False,cohort_mean_substitution,-1.0199524999999996
reis2019,reis2019,reis_lab_p4,indirect_calorimetry_breath_by_breath,COSMED K4b2,CC BY 4.0,https://doi.org/10.1371/journal.pone.0221284,"Reis VM, Vianna JM, Barbosa TM, Garrido N, Vilaca Alves J, Carneiro AL, Aidar FJ, Novaes J (2019), PLOS ONE",GOLD,male,,27.5,,78.67,,mixed,LEG_PRESS,squat,quads,compound,squat,,,,,,16.0,light,,,4.523525,primary_training_target,6.2711749999999995,False,cohort_mean_substitution,-1.7476499999999993
reis2019,reis2019,reis_lab_p4,indirect_calorimetry_breath_by_breath,COSMED K4b2,CC BY 4.0,https://doi.org/10.1371/journal.pone.0221284,"Reis VM, Vianna JM, Barbosa TM, Garrido N, Vilaca Alves J, Carneiro AL, Aidar FJ, Novaes J (2019), PLOS ONE",GOLD,male,,27.5,,78.67,,mixed,LEG_PRESS,squat,quads,compound,squat,,,,,,20.0,moderate,,,4.87754,primary_training_target,7.7892625,False,cohort_mean_substitution,-2.9117225000000007
reis2019,reis2019,reis_lab_p4,indirect_calorimetry_breath_by_breath,COSMED K4b2,CC BY 4.0,https://doi.org/10.1371/journal.pone.0221284,"Reis VM, Vianna JM, Barbosa TM, Garrido N, Vilaca Alves J, Carneiro AL, Aidar FJ, Novaes J (2019), PLOS ONE",GOLD,male,,27.5,,78.67,,mixed,LEG_PRESS,squat,quads,compound,squat,,,,,,24.0,moderate,,,5.5816365,primary_training_target,7.7892625,False,cohort_mean_substitution,-2.2076260000000003
reis2019,reis2019,reis_lab_p5,indirect_calorimetry_breath_by_breath,COSMED K4b2,CC BY 4.0,https://doi.org/10.1371/journal.pone.0221284,"Reis VM, Vianna JM, Barbosa TM, Garrido N, Vilaca Alves J, Carneiro AL, Aidar FJ, Novaes J (2019), PLOS ONE",GOLD,male,,27.5,,78.67,,mixed,LEG_PRESS,squat,quads,compound,squat,,,,,,12.0,light,,,5.046680500000001,primary_training_target,6.2711749999999995,False,cohort_mean_substitution,-1.2244944999999987
reis2019,reis2019,reis_lab_p5,indirect_calorimetry_breath_by_breath,COSMED K4b2,CC BY 4.0,https://doi.org/10.1371/journal.pone.0221284,"Reis VM, Vianna JM, Barbosa TM, Garrido N, Vilaca Alves J, Carneiro AL, Aidar FJ, Novaes J (2019), PLOS ONE",GOLD,male,,27.5,,78.67,,mixed,LEG_PRESS,squat,quads,compound,squat,,,,,,16.0,light,,,6.356536,primary_training_target,6.2711749999999995,False,cohort_mean_substitution,0.08536100000000069
reis2019,reis2019,reis_lab_p5,indirect_calorimetry_breath_by_breath,COSMED K4b2,CC BY 4.0,https://doi.org/10.1371/journal.pone.0221284,"Reis VM, Vianna JM, Barbosa TM, Garrido N, Vilaca Alves J, Carneiro AL, Aidar FJ, Novaes J (2019), PLOS ONE",GOLD,male,,27.5,,78.67,,mixed,LEG_PRESS,squat,quads,compound,squat,,,,,,20.0,moderate,,,6.439139500000001,primary_training_target,7.7892625,False,cohort_mean_substitution,-1.350122999999999
reis2019,reis2019,reis_lab_p5,indirect_calorimetry_breath_by_breath,COSMED K4b2,CC BY 4.0,https://doi.org/10.1371/journal.pone.0221284,"Reis VM, Vianna JM, Barbosa TM, Garrido N, Vilaca Alves J, Carneiro AL, Aidar FJ, Novaes J (2019), PLOS ONE",GOLD,male,,27.5,,78.67,,mixed,LEG_PRESS,squat,quads,compound,squat,,,,,,24.0,moderate,,,6.175595,primary_training_target,7.7892625,False,cohort_mean_substitution,-1.6136675
reis2019,reis2019,reis_lab_p6,indirect_calorimetry_breath_by_breath,COSMED K4b2,CC BY 4.0,https://doi.org/10.1371/journal.pone.0221284,"Reis VM, Vianna JM, Barbosa TM, Garrido N, Vilaca Alves J, Carneiro AL, Aidar FJ, Novaes J (2019), PLOS ONE",GOLD,male,,27.5,,78.67,,mixed,LEG_PRESS,squat,quads,compound,squat,,,,,,12.0,light,,,7.949603500000001,primary_training_target,6.2711749999999995,False,cohort_mean_substitution,1.6784285000000017
reis2019,reis2019,reis_lab_p6,indirect_calorimetry_breath_by_breath,COSMED K4b2,CC BY 4.0,https://doi.org/10.1371/journal.pone.0221284,"Reis VM, Vianna JM, Barbosa TM, Garrido N, Vilaca Alves J, Carneiro AL, Aidar FJ, Novaes J (2019), PLOS ONE",GOLD,male,,27.5,,78.67,,mixed,LEG_PRESS,squat,quads,compound,squat,,,,,,16.0,light,,,8.6655005,primary_training_target,6.2711749999999995,False,cohort_mean_substitution,2.3943255000000008
reis2019,reis2019,reis_lab_p6,indirect_calorimetry_breath_by_breath,COSMED K4b2,CC BY 4.0,https://doi.org/10.1371/journal.pone.0221284,"Reis VM, Vianna JM, Barbosa TM, Garrido N, Vilaca Alves J, Carneiro AL, Aidar FJ, Novaes J (2019), PLOS ONE",GOLD,male,,27.5,,78.67,,mixed,LEG_PRESS,squat,quads,compound,squat,,,,,,20.0,moderate,,,9.2319245,primary_training_target,7.7892625,False,cohort_mean_substitution,1.4426619999999994
reis2019,reis2019,reis_lab_p6,indirect_calorimetry_breath_by_breath,COSMED K4b2,CC BY 4.0,https://doi.org/10.1371/journal.pone.0221284,"Reis VM, Vianna JM, Barbosa TM, Garrido N, Vilaca Alves J, Carneiro AL, Aidar FJ, Novaes J (2019), PLOS ONE",GOLD,male,,27.5,,78.67,,mixed,LEG_PRESS,squat,quads,compound,squat,,,,,,24.0,moderate,,,10.899728500000002,primary_training_target,7.7892625,False,cohort_mean_substitution,3.1104660000000015
reis2019,reis2019,reis_lab_p7,indirect_calorimetry_breath_by_breath,COSMED K4b2,CC BY 4.0,https://doi.org/10.1371/journal.pone.0221284,"Reis VM, Vianna JM, Barbosa TM, Garrido N, Vilaca Alves J, Carneiro AL, Aidar FJ, Novaes J (2019), PLOS ONE",GOLD,male,,27.5,,78.67,,mixed,LEG_PRESS,squat,quads,compound,squat,,,,,,12.0,light,,,6.3211345,primary_training_target,6.2711749999999995,False,cohort_mean_substitution,0.04995950000000082
reis2019,reis2019,reis_lab_p7,indirect_calorimetry_breath_by_breath,COSMED K4b2,CC BY 4.0,https://doi.org/10.1371/journal.pone.0221284,"Reis VM, Vianna JM, Barbosa TM, Garrido N, Vilaca Alves J, Carneiro AL, Aidar FJ, Novaes J (2019), PLOS ONE",GOLD,male,,27.5,,78.67,,mixed,LEG_PRESS,squat,quads,compound,squat,,,,,,16.0,light,,,7.658524499999999,primary_training_target,6.2711749999999995,False,cohort_mean_substitution,1.3873494999999991
reis2019,reis2019,reis_lab_p7,indirect_calorimetry_breath_by_breath,COSMED K4b2,CC BY 4.0,https://doi.org/10.1371/journal.pone.0221284,"Reis VM, Vianna JM, Barbosa TM, Garrido N, Vilaca Alves J, Carneiro AL, Aidar FJ, Novaes J (2019), PLOS ONE",GOLD,male,,27.5,,78.67,,mixed,LEG_PRESS,squat,quads,compound,squat,,,,,,20.0,moderate,,,8.598631,primary_training_target,7.7892625,False,cohort_mean_substitution,0.8093684999999988
reis2019,reis2019,reis_lab_p7,indirect_calorimetry_breath_by_breath,COSMED K4b2,CC BY 4.0,https://doi.org/10.1371/journal.pone.0221284,"Reis VM, Vianna JM, Barbosa TM, Garrido N, Vilaca Alves J, Carneiro AL, Aidar FJ, Novaes J (2019), PLOS ONE",GOLD,male,,27.5,,78.67,,mixed,LEG_PRESS,squat,quads,compound,squat,,,,,,24.0,moderate,,,9.566272,primary_training_target,7.7892625,False,cohort_mean_substitution,1.7770094999999992
reis2019,reis2019,reis_lab_p8,indirect_calorimetry_breath_by_breath,COSMED K4b2,CC BY 4.0,https://doi.org/10.1371/journal.pone.0221284,"Reis VM, Vianna JM, Barbosa TM, Garrido N, Vilaca Alves J, Carneiro AL, Aidar FJ, Novaes J (2019), PLOS ONE",GOLD,male,,27.5,,78.67,,mixed,LEG_PRESS,squat,quads,compound,squat,,,,,,12.0,light,,,5.841247500000001,primary_training_target,6.2711749999999995,False,cohort_mean_substitution,-0.4299274999999989
reis2019,reis2019,reis_lab_p8,indirect_calorimetry_breath_by_breath,COSMED K4b2,CC BY 4.0,https://doi.org/10.1371/journal.pone.0221284,"Reis VM, Vianna JM, Barbosa TM, Garrido N, Vilaca Alves J, Carneiro AL, Aidar FJ, Novaes J (2019), PLOS ONE",GOLD,male,,27.5,,78.67,,mixed,LEG_PRESS,squat,quads,compound,squat,,,,,,16.0,light,,,5.1174835000000005,primary_training_target,6.2711749999999995,False,cohort_mean_substitution,-1.153691499999999
reis2019,reis2019,reis_lab_p8,indirect_calorimetry_breath_by_breath,COSMED K4b2,CC BY 4.0,https://doi.org/10.1371/journal.pone.0221284,"Reis VM, Vianna JM, Barbosa TM, Garrido N, Vilaca Alves J, Carneiro AL, Aidar FJ, Novaes J (2019), PLOS ONE",GOLD,male,,27.5,,78.67,,mixed,LEG_PRESS,squat,quads,compound,squat,,,,,,20.0,moderate,,,6.423405499999999,primary_training_target,7.7892625,False,cohort_mean_substitution,-1.365857000000001
reis2019,reis2019,reis_lab_p8,indirect_calorimetry_breath_by_breath,COSMED K4b2,CC BY 4.0,https://doi.org/10.1371/journal.pone.0221284,"Reis VM, Vianna JM, Barbosa TM, Garrido N, Vilaca Alves J, Carneiro AL, Aidar FJ, Novaes J (2019), PLOS ONE",GOLD,male,,27.5,,78.67,,mixed,LEG_PRESS,squat,quads,compound,squat,,,,,,24.0,moderate,,,7.9732045,primary_training_target,7.7892625,False,cohort_mean_substitution,0.18394199999999916
reis2019,reis2019,reis_lab_p9,indirect_calorimetry_breath_by_breath,COSMED K4b2,CC BY 4.0,https://doi.org/10.1371/journal.pone.0221284,"Reis VM, Vianna JM, Barbosa TM, Garrido N, Vilaca Alves J, Carneiro AL, Aidar FJ, Novaes J (2019), PLOS ONE",GOLD,male,,27.5,,78.67,,mixed,LEG_PRESS,squat,quads,compound,squat,,,,,,12.0,light,,,7.457916000000001,primary_training_target,6.2711749999999995,False,cohort_mean_substitution,1.1867410000000014
reis2019,reis2019,reis_lab_p9,indirect_calorimetry_breath_by_breath,COSMED K4b2,CC BY 4.0,https://doi.org/10.1371/journal.pone.0221284,"Reis VM, Vianna JM, Barbosa TM, Garrido N, Vilaca Alves J, Carneiro AL, Aidar FJ, Novaes J (2019), PLOS ONE",GOLD,male,,27.5,,78.67,,mixed,LEG_PRESS,squat,quads,compound,squat,,,,,,16.0,light,,,7.682125500000001,primary_training_target,6.2711749999999995,False,cohort_mean_substitution,1.410950500000001
reis2019,reis2019,reis_lab_p9,indirect_calorimetry_breath_by_breath,COSMED K4b2,CC BY 4.0,https://doi.org/10.1371/journal.pone.0221284,"Reis VM, Vianna JM, Barbosa TM, Garrido N, Vilaca Alves J, Carneiro AL, Aidar FJ, Novaes J (2019), PLOS ONE",GOLD,male,,27.5,,78.67,,mixed,LEG_PRESS,squat,quads,compound,squat,,,,,,20.0,moderate,,,9.318461500000002,primary_training_target,7.7892625,False,cohort_mean_substitution,1.529199000000001
reis2019,reis2019,reis_lab_p9,indirect_calorimetry_breath_by_breath,COSMED K4b2,CC BY 4.0,https://doi.org/10.1371/journal.pone.0221284,"Reis VM, Vianna JM, Barbosa TM, Garrido N, Vilaca Alves J, Carneiro AL, Aidar FJ, Novaes J (2019), PLOS ONE",GOLD,male,,27.5,,78.67,,mixed,LEG_PRESS,squat,quads,compound,squat,,,,,,24.0,moderate,,,9.8298165,primary_training_target,7.7892625,False,cohort_mean_substitution,2.0405539999999993
reis2019,reis2019,reis_lab_p10,indirect_calorimetry_breath_by_breath,COSMED K4b2,CC BY 4.0,https://doi.org/10.1371/journal.pone.0221284,"Reis VM, Vianna JM, Barbosa TM, Garrido N, Vilaca Alves J, Carneiro AL, Aidar FJ, Novaes J (2019), PLOS ONE",GOLD,male,,27.5,,78.67,,mixed,LEG_PRESS,squat,quads,compound,squat,,,,,,12.0,light,,,4.9050745,primary_training_target,6.2711749999999995,False,cohort_mean_substitution,-1.3661005
reis2019,reis2019,reis_lab_p10,indirect_calorimetry_breath_by_breath,COSMED K4b2,CC BY 4.0,https://doi.org/10.1371/journal.pone.0221284,"Reis VM, Vianna JM, Barbosa TM, Garrido N, Vilaca Alves J, Carneiro AL, Aidar FJ, Novaes J (2019), PLOS ONE",GOLD,male,,27.5,,78.67,,mixed,LEG_PRESS,squat,quads,compound,squat,,,,,,16.0,light,,,4.4802565,primary_training_target,6.2711749999999995,False,cohort_mean_substitution,-1.7909184999999992
reis2019,reis2019,reis_lab_p10,indirect_calorimetry_breath_by_breath,COSMED K4b2,CC BY 4.0,https://doi.org/10.1371/journal.pone.0221284,"Reis VM, Vianna JM, Barbosa TM, Garrido N, Vilaca Alves J, Carneiro AL, Aidar FJ, Novaes J (2019), PLOS ONE",GOLD,male,,27.5,,78.67,,mixed,LEG_PRESS,squat,quads,compound,squat,,,,,,20.0,moderate,,,5.538368,primary_training_target,7.7892625,False,cohort_mean_substitution,-2.2508945000000002
reis2019,reis2019,reis_lab_p10,indirect_calorimetry_breath_by_breath,COSMED K4b2,CC BY 4.0,https://doi.org/10.1371/journal.pone.0221284,"Reis VM, Vianna JM, Barbosa TM, Garrido N, Vilaca Alves J, Carneiro AL, Aidar FJ, Novaes J (2019), PLOS ONE",GOLD,male,,27.5,,78.67,,mixed,LEG_PRESS,squat,quads,compound,squat,,,,,,24.0,moderate,,,5.561969,primary_training_target,7.7892625,False,cohort_mean_substitution,-2.2272935
reis2019,reis2019,reis_lab_p11,indirect_calorimetry_breath_by_breath,COSMED K4b2,CC BY 4.0,https://doi.org/10.1371/journal.pone.0221284,"Reis VM, Vianna JM, Barbosa TM, Garrido N, Vilaca Alves J, Carneiro AL, Aidar FJ, Novaes J (2019), PLOS ONE",GOLD,male,,27.5,,78.67,,mixed,LEG_PRESS,squat,quads,compound,squat,,,,,,12.0,light,,,4.853939,primary_training_target,6.2711749999999995,False,cohort_mean_substitution,-1.417236
reis2019,reis2019,reis_lab_p11,indirect_calorimetry_breath_by_breath,COSMED K4b2,CC BY 4.0,https://doi.org/10.1371/journal.pone.0221284,"Reis VM, Vianna JM, Barbosa TM, Garrido N, Vilaca Alves J, Carneiro AL, Aidar FJ, Novaes J (2019), PLOS ONE",GOLD,male,,27.5,,78.67,,mixed,LEG_PRESS,squat,quads,compound,squat,,,,,,16.0,light,,,6.812822,primary_training_target,6.2711749999999995,False,cohort_mean_substitution,0.5416470000000002
reis2019,reis2019,reis_lab_p11,indirect_calorimetry_breath_by_breath,COSMED K4b2,CC BY 4.0,https://doi.org/10.1371/journal.pone.0221284,"Reis VM, Vianna JM, Barbosa TM, Garrido N, Vilaca Alves J, Carneiro AL, Aidar FJ, Novaes J (2019), PLOS ONE",GOLD,male,,27.5,,78.67,,mixed,LEG_PRESS,squat,quads,compound,squat,,,,,,20.0,moderate,,,6.8246225,primary_training_target,7.7892625,False,cohort_mean_substitution,-0.9646400000000002
reis2019,reis2019,reis_lab_p11,indirect_calorimetry_breath_by_breath,COSMED K4b2,CC BY 4.0,https://doi.org/10.1371/journal.pone.0221284,"Reis VM, Vianna JM, Barbosa TM, Garrido N, Vilaca Alves J, Carneiro AL, Aidar FJ, Novaes J (2019), PLOS ONE",GOLD,male,,27.5,,78.67,,mixed,LEG_PRESS,squat,quads,compound,squat,,,,,,24.0,moderate,,,7.752928500000001,primary_training_target,7.7892625,False,cohort_mean_substitution,-0.0363339999999992
reis2019,reis2019,reis_lab_p12,indirect_calorimetry_breath_by_breath,COSMED K4b2,CC BY 4.0,https://doi.org/10.1371/journal.pone.0221284,"Reis VM, Vianna JM, Barbosa TM, Garrido N, Vilaca Alves J, Carneiro AL, Aidar FJ, Novaes J (2019), PLOS ONE",GOLD,male,,27.5,,78.67,,mixed,LEG_PRESS,squat,quads,compound,squat,,,,,,12.0,light,,,5.420362999999999,primary_training_target,6.2711749999999995,False,cohort_mean_substitution,-0.8508120000000003
reis2019,reis2019,reis_lab_p12,indirect_calorimetry_breath_by_breath,COSMED K4b2,CC BY 4.0,https://doi.org/10.1371/journal.pone.0221284,"Reis VM, Vianna JM, Barbosa TM, Garrido N, Vilaca Alves J, Carneiro AL, Aidar FJ, Novaes J (2019), PLOS ONE",GOLD,male,,27.5,,78.67,,mixed,LEG_PRESS,squat,quads,compound,squat,,,,,,16.0,light,,,5.841247500000001,primary_training_target,6.2711749999999995,False,cohort_mean_substitution,-0.4299274999999989
reis2019,reis2019,reis_lab_p12,indirect_calorimetry_breath_by_breath,COSMED K4b2,CC BY 4.0,https://doi.org/10.1371/journal.pone.0221284,"Reis VM, Vianna JM, Barbosa TM, Garrido N, Vilaca Alves J, Carneiro AL, Aidar FJ, Novaes J (2019), PLOS ONE",GOLD,male,,27.5,,78.67,,mixed,LEG_PRESS,squat,quads,compound,squat,,,,,,20.0,moderate,,,6.930827000000001,primary_training_target,7.7892625,False,cohort_mean_substitution,-0.8584354999999997
reis2019,reis2019,reis_lab_p13,indirect_calorimetry_breath_by_breath,COSMED K4b2,CC BY 4.0,https://doi.org/10.1371/journal.pone.0221284,"Reis VM, Vianna JM, Barbosa TM, Garrido N, Vilaca Alves J, Carneiro AL, Aidar FJ, Novaes J (2019), PLOS ONE",GOLD,male,,27.5,,78.67,,mixed,LEG_PRESS,squat,quads,compound,squat,,,,,,12.0,light,,,6.671216000000001,primary_training_target,6.2711749999999995,False,cohort_mean_substitution,0.40004100000000165
reis2019,reis2019,reis_lab_p13,indirect_calorimetry_breath_by_breath,COSMED K4b2,CC BY 4.0,https://doi.org/10.1371/journal.pone.0221284,"Reis VM, Vianna JM, Barbosa TM, Garrido N, Vilaca Alves J, Carneiro AL, Aidar FJ, Novaes J (2019), PLOS ONE",GOLD,male,,27.5,,78.67,,mixed,LEG_PRESS,squat,quads,compound,squat,,,,,,20.0,moderate,,,8.468825500000001,primary_training_target,7.7892625,False,cohort_mean_substitution,0.6795630000000008
reis2019,reis2019,reis_lab_p13,indirect_calorimetry_breath_by_breath,COSMED K4b2,CC BY 4.0,https://doi.org/10.1371/journal.pone.0221284,"Reis VM, Vianna JM, Barbosa TM, Garrido N, Vilaca Alves J, Carneiro AL, Aidar FJ, Novaes J (2019), PLOS ONE",GOLD,male,,27.5,,78.67,,mixed,LEG_PRESS,squat,quads,compound,squat,,,,,,24.0,moderate,,,9.039183,primary_training_target,7.7892625,False,cohort_mean_substitution,1.249920499999999
reis2019,reis2019,reis_lab_p14,indirect_calorimetry_breath_by_breath,COSMED K4b2,CC BY 4.0,https://doi.org/10.1371/journal.pone.0221284,"Reis VM, Vianna JM, Barbosa TM, Garrido N, Vilaca Alves J, Carneiro AL, Aidar FJ, Novaes J (2019), PLOS ONE",GOLD,male,,27.5,,78.67,,mixed,LEG_PRESS,squat,quads,compound,squat,,,,,,12.0,light,,,6.348669000000001,primary_training_target,6.2711749999999995,False,cohort_mean_substitution,0.0774940000000015
reis2019,reis2019,reis_lab_p14,indirect_calorimetry_breath_by_breath,COSMED K4b2,CC BY 4.0,https://doi.org/10.1371/journal.pone.0221284,"Reis VM, Vianna JM, Barbosa TM, Garrido N, Vilaca Alves J, Carneiro AL, Aidar FJ, Novaes J (2019), PLOS ONE",GOLD,male,,27.5,,78.67,,mixed,LEG_PRESS,squat,quads,compound,squat,,,,,,16.0,light,,,5.5344345,primary_training_target,6.2711749999999995,False,cohort_mean_substitution,-0.7367404999999998
reis2019,reis2019,reis_lab_p14,indirect_calorimetry_breath_by_breath,COSMED K4b2,CC BY 4.0,https://doi.org/10.1371/journal.pone.0221284,"Reis VM, Vianna JM, Barbosa TM, Garrido N, Vilaca Alves J, Carneiro AL, Aidar FJ, Novaes J (2019), PLOS ONE",GOLD,male,,27.5,,78.67,,mixed,LEG_PRESS,squat,quads,compound,squat,,,,,,20.0,moderate,,,7.3517115,primary_training_target,7.7892625,False,cohort_mean_substitution,-0.437551
reis2019,reis2019,reis_lab_p14,indirect_calorimetry_breath_by_breath,COSMED K4b2,CC BY 4.0,https://doi.org/10.1371/journal.pone.0221284,"Reis VM, Vianna JM, Barbosa TM, Garrido N, Vilaca Alves J, Carneiro AL, Aidar FJ, Novaes J (2019), PLOS ONE",GOLD,male,,27.5,,78.67,,mixed,LEG_PRESS,squat,quads,compound,squat,,,,,,24.0,moderate,,,7.111767999999999,primary_training_target,7.7892625,False,cohort_mean_substitution,-0.6774945000000017
reis2019,reis2019,reis_lab_p1,indirect_calorimetry_breath_by_breath,COSMED K4b2,CC BY 4.0,https://doi.org/10.1371/journal.pone.0221284,"Reis VM, Vianna JM, Barbosa TM, Garrido N, Vilaca Alves J, Carneiro AL, Aidar FJ, Novaes J (2019), PLOS ONE",GOLD,male,,27.5,,78.67,,mixed,LEG_EXTENSION,isolation,quads,isolation,isolation,,,,,,12.0,light,,,5.4872325,primary_training_target,6.974174999999999,False,cohort_mean_substitution,-1.4869424999999987
reis2019,reis2019,reis_lab_p1,indirect_calorimetry_breath_by_breath,COSMED K4b2,CC BY 4.0,https://doi.org/10.1371/journal.pone.0221284,"Reis VM, Vianna JM, Barbosa TM, Garrido N, Vilaca Alves J, Carneiro AL, Aidar FJ, Novaes J (2019), PLOS ONE",GOLD,male,,27.5,,78.67,,mixed,LEG_EXTENSION,isolation,quads,isolation,isolation,,,,,,16.0,light,,,6.5571445000000015,primary_training_target,6.974174999999999,False,cohort_mean_substitution,-0.4170304999999974
reis2019,reis2019,reis_lab_p1,indirect_calorimetry_breath_by_breath,COSMED K4b2,CC BY 4.0,https://doi.org/10.1371/journal.pone.0221284,"Reis VM, Vianna JM, Barbosa TM, Garrido N, Vilaca Alves J, Carneiro AL, Aidar FJ, Novaes J (2019), PLOS ONE",GOLD,male,,27.5,,78.67,,mixed,LEG_EXTENSION,isolation,quads,isolation,isolation,,,,,,20.0,moderate,,,5.514767,primary_training_target,7.7572625,False,cohort_mean_substitution,-2.2424955000000004
reis2019,reis2019,reis_lab_p1,indirect_calorimetry_breath_by_breath,COSMED K4b2,CC BY 4.0,https://doi.org/10.1371/journal.pone.0221284,"Reis VM, Vianna JM, Barbosa TM, Garrido N, Vilaca Alves J, Carneiro AL, Aidar FJ, Novaes J (2019), PLOS ONE",GOLD,male,,27.5,,78.67,,mixed,LEG_EXTENSION,isolation,quads,isolation,isolation,,,,,,24.0,moderate,,,6.584679,primary_training_target,7.7572625,False,cohort_mean_substitution,-1.1725835
reis2019,reis2019,reis_lab_p2,indirect_calorimetry_breath_by_breath,COSMED K4b2,CC BY 4.0,https://doi.org/10.1371/journal.pone.0221284,"Reis VM, Vianna JM, Barbosa TM, Garrido N, Vilaca Alves J, Carneiro AL, Aidar FJ, Novaes J (2019), PLOS ONE",GOLD,male,,27.5,,78.67,,mixed,LEG_EXTENSION,isolation,quads,isolation,isolation,,,,,,12.0,light,,,5.152885,primary_training_target,6.974174999999999,False,cohort_mean_substitution,-1.8212899999999985
reis2019,reis2019,reis_lab_p2,indirect_calorimetry_breath_by_breath,COSMED K4b2,CC BY 4.0,https://doi.org/10.1371/journal.pone.0221284,"Reis VM, Vianna JM, Barbosa TM, Garrido N, Vilaca Alves J, Carneiro AL, Aidar FJ, Novaes J (2019), PLOS ONE",GOLD,male,,27.5,,78.67,,mixed,LEG_EXTENSION,isolation,quads,isolation,isolation,,,,,,16.0,light,,,8.2721505,primary_training_target,6.974174999999999,False,cohort_mean_substitution,1.2979755000000015
reis2019,reis2019,reis_lab_p2,indirect_calorimetry_breath_by_breath,COSMED K4b2,CC BY 4.0,https://doi.org/10.1371/journal.pone.0221284,"Reis VM, Vianna JM, Barbosa TM, Garrido N, Vilaca Alves J, Carneiro AL, Aidar FJ, Novaes J (2019), PLOS ONE",GOLD,male,,27.5,,78.67,,mixed,LEG_EXTENSION,isolation,quads,isolation,isolation,,,,,,20.0,moderate,,,12.4495275,primary_training_target,7.7572625,False,cohort_mean_substitution,4.692265
reis2019,reis2019,reis_lab_p2,indirect_calorimetry_breath_by_breath,COSMED K4b2,CC BY 4.0,https://doi.org/10.1371/journal.pone.0221284,"Reis VM, Vianna JM, Barbosa TM, Garrido N, Vilaca Alves J, Carneiro AL, Aidar FJ, Novaes J (2019), PLOS ONE",GOLD,male,,27.5,,78.67,,mixed,LEG_EXTENSION,isolation,quads,isolation,isolation,,,,,,24.0,moderate,,,13.5351735,primary_training_target,7.7572625,False,cohort_mean_substitution,5.7779110000000005
reis2019,reis2019,reis_lab_p3,indirect_calorimetry_breath_by_breath,COSMED K4b2,CC BY 4.0,https://doi.org/10.1371/journal.pone.0221284,"Reis VM, Vianna JM, Barbosa TM, Garrido N, Vilaca Alves J, Carneiro AL, Aidar FJ, Novaes J (2019), PLOS ONE",GOLD,male,,27.5,,78.67,,mixed,LEG_EXTENSION,isolation,quads,isolation,isolation,,,,,,12.0,light,,,8.1698795,primary_training_target,6.974174999999999,False,cohort_mean_substitution,1.1957045000000015
reis2019,reis2019,reis_lab_p3,indirect_calorimetry_breath_by_breath,COSMED K4b2,CC BY 4.0,https://doi.org/10.1371/journal.pone.0221284,"Reis VM, Vianna JM, Barbosa TM, Garrido N, Vilaca Alves J, Carneiro AL, Aidar FJ, Novaes J (2019), PLOS ONE",GOLD,male,,27.5,,78.67,,mixed,LEG_EXTENSION,isolation,quads,isolation,isolation,,,,,,16.0,light,,,9.3813975,primary_training_target,6.974174999999999,False,cohort_mean_substitution,2.4072225000000014
reis2019,reis2019,reis_lab_p3,indirect_calorimetry_breath_by_breath,COSMED K4b2,CC BY 4.0,https://doi.org/10.1371/journal.pone.0221284,"Reis VM, Vianna JM, Barbosa TM, Garrido N, Vilaca Alves J, Carneiro AL, Aidar FJ, Novaes J (2019), PLOS ONE",GOLD,male,,27.5,,78.67,,mixed,LEG_EXTENSION,isolation,quads,isolation,isolation,,,,,,20.0,moderate,,,7.237640000000001,primary_training_target,7.7572625,False,cohort_mean_substitution,-0.5196224999999997
reis2019,reis2019,reis_lab_p3,indirect_calorimetry_breath_by_breath,COSMED K4b2,CC BY 4.0,https://doi.org/10.1371/journal.pone.0221284,"Reis VM, Vianna JM, Barbosa TM, Garrido N, Vilaca Alves J, Carneiro AL, Aidar FJ, Novaes J (2019), PLOS ONE",GOLD,male,,27.5,,78.67,,mixed,LEG_EXTENSION,isolation,quads,isolation,isolation,,,,,,24.0,moderate,,,3.099598,primary_training_target,7.7572625,False,cohort_mean_substitution,-4.657664500000001
reis2019,reis2019,reis_lab_p4,indirect_calorimetry_breath_by_breath,COSMED K4b2,CC BY 4.0,https://doi.org/10.1371/journal.pone.0221284,"Reis VM, Vianna JM, Barbosa TM, Garrido N, Vilaca Alves J, Carneiro AL, Aidar FJ, Novaes J (2019), PLOS ONE",GOLD,male,,27.5,,78.67,,mixed,LEG_EXTENSION,isolation,quads,isolation,isolation,,,,,,12.0,light,,,7.225839500000001,primary_training_target,6.974174999999999,False,cohort_mean_substitution,0.2516645000000022
reis2019,reis2019,reis_lab_p4,indirect_calorimetry_breath_by_breath,COSMED K4b2,CC BY 4.0,https://doi.org/10.1371/journal.pone.0221284,"Reis VM, Vianna JM, Barbosa TM, Garrido N, Vilaca Alves J, Carneiro AL, Aidar FJ, Novaes J (2019), PLOS ONE",GOLD,male,,27.5,,78.67,,mixed,LEG_EXTENSION,isolation,quads,isolation,isolation,,,,,,16.0,light,,,10.6873195,primary_training_target,6.974174999999999,False,cohort_mean_substitution,3.7131445000000003
reis2019,reis2019,reis_lab_p4,indirect_calorimetry_breath_by_breath,COSMED K4b2,CC BY 4.0,https://doi.org/10.1371/journal.pone.0221284,"Reis VM, Vianna JM, Barbosa TM, Garrido N, Vilaca Alves J, Carneiro AL, Aidar FJ, Novaes J (2019), PLOS ONE",GOLD,male,,27.5,,78.67,,mixed,LEG_EXTENSION,isolation,quads,isolation,isolation,,,,,,20.0,moderate,,,11.005933,primary_training_target,7.7572625,False,cohort_mean_substitution,3.2486705000000002
reis2019,reis2019,reis_lab_p4,indirect_calorimetry_breath_by_breath,COSMED K4b2,CC BY 4.0,https://doi.org/10.1371/journal.pone.0221284,"Reis VM, Vianna JM, Barbosa TM, Garrido N, Vilaca Alves J, Carneiro AL, Aidar FJ, Novaes J (2019), PLOS ONE",GOLD,male,,27.5,,78.67,,mixed,LEG_EXTENSION,isolation,quads,isolation,isolation,,,,,,24.0,moderate,,,15.002368999999998,primary_training_target,7.7572625,False,cohort_mean_substitution,7.245106499999998
reis2019,reis2019,reis_lab_p5,indirect_calorimetry_breath_by_breath,COSMED K4b2,CC BY 4.0,https://doi.org/10.1371/journal.pone.0221284,"Reis VM, Vianna JM, Barbosa TM, Garrido N, Vilaca Alves J, Carneiro AL, Aidar FJ, Novaes J (2019), PLOS ONE",GOLD,male,,27.5,,78.67,,mixed,LEG_EXTENSION,isolation,quads,isolation,isolation,,,,,,12.0,light,,,8.311485499999998,primary_training_target,6.974174999999999,False,cohort_mean_substitution,1.3373104999999992
reis2019,reis2019,reis_lab_p5,indirect_calorimetry_breath_by_breath,COSMED K4b2,CC BY 4.0,https://doi.org/10.1371/journal.pone.0221284,"Reis VM, Vianna JM, Barbosa TM, Garrido N, Vilaca Alves J, Carneiro AL, Aidar FJ, Novaes J (2019), PLOS ONE",GOLD,male,,27.5,,78.67,,mixed,LEG_EXTENSION,isolation,quads,isolation,isolation,,,,,,16.0,light,,,9.786547999999998,primary_training_target,6.974174999999999,False,cohort_mean_substitution,2.812372999999999
reis2019,reis2019,reis_lab_p5,indirect_calorimetry_breath_by_breath,COSMED K4b2,CC BY 4.0,https://doi.org/10.1371/journal.pone.0221284,"Reis VM, Vianna JM, Barbosa TM, Garrido N, Vilaca Alves J, Carneiro AL, Aidar FJ, Novaes J (2019), PLOS ONE",GOLD,male,,27.5,,78.67,,mixed,LEG_EXTENSION,isolation,quads,isolation,isolation,,,,,,20.0,moderate,,,10.6558515,primary_training_target,7.7572625,False,cohort_mean_substitution,2.8985890000000003
reis2019,reis2019,reis_lab_p5,indirect_calorimetry_breath_by_breath,COSMED K4b2,CC BY 4.0,https://doi.org/10.1371/journal.pone.0221284,"Reis VM, Vianna JM, Barbosa TM, Garrido N, Vilaca Alves J, Carneiro AL, Aidar FJ, Novaes J (2019), PLOS ONE",GOLD,male,,27.5,,78.67,,mixed,LEG_EXTENSION,isolation,quads,isolation,isolation,,,,,,24.0,moderate,,,13.086754500000003,primary_training_target,7.7572625,False,cohort_mean_substitution,5.329492000000003
reis2019,reis2019,reis_lab_p6,indirect_calorimetry_breath_by_breath,COSMED K4b2,CC BY 4.0,https://doi.org/10.1371/journal.pone.0221284,"Reis VM, Vianna JM, Barbosa TM, Garrido N, Vilaca Alves J, Carneiro AL, Aidar FJ, Novaes J (2019), PLOS ONE",GOLD,male,,27.5,,78.67,,mixed,LEG_EXTENSION,isolation,quads,isolation,isolation,,,,,,12.0,light,,,5.908116999999999,primary_training_target,6.974174999999999,False,cohort_mean_substitution,-1.066058
reis2019,reis2019,reis_lab_p6,indirect_calorimetry_breath_by_breath,COSMED K4b2,CC BY 4.0,https://doi.org/10.1371/journal.pone.0221284,"Reis VM, Vianna JM, Barbosa TM, Garrido N, Vilaca Alves J, Carneiro AL, Aidar FJ, Novaes J (2019), PLOS ONE",GOLD,male,,27.5,,78.67,,mixed,LEG_EXTENSION,isolation,quads,isolation,isolation,,,,,,16.0,light,,,6.667282500000001,primary_training_target,6.974174999999999,False,cohort_mean_substitution,-0.30689249999999824
reis2019,reis2019,reis_lab_p6,indirect_calorimetry_breath_by_breath,COSMED K4b2,CC BY 4.0,https://doi.org/10.1371/journal.pone.0221284,"Reis VM, Vianna JM, Barbosa TM, Garrido N, Vilaca Alves J, Carneiro AL, Aidar FJ, Novaes J (2019), PLOS ONE",GOLD,male,,27.5,,78.67,,mixed,LEG_EXTENSION,isolation,quads,isolation,isolation,,,,,,20.0,moderate,,,5.8805825,primary_training_target,7.7572625,False,cohort_mean_substitution,-1.8766800000000003
reis2019,reis2019,reis_lab_p6,indirect_calorimetry_breath_by_breath,COSMED K4b2,CC BY 4.0,https://doi.org/10.1371/journal.pone.0221284,"Reis VM, Vianna JM, Barbosa TM, Garrido N, Vilaca Alves J, Carneiro AL, Aidar FJ, Novaes J (2019), PLOS ONE",GOLD,male,,27.5,,78.67,,mixed,LEG_EXTENSION,isolation,quads,isolation,isolation,,,,,,24.0,moderate,,,6.262131999999999,primary_training_target,7.7572625,False,cohort_mean_substitution,-1.495130500000001
reis2019,reis2019,reis_lab_p7,indirect_calorimetry_breath_by_breath,COSMED K4b2,CC BY 4.0,https://doi.org/10.1371/journal.pone.0221284,"Reis VM, Vianna JM, Barbosa TM, Garrido N, Vilaca Alves J, Carneiro AL, Aidar FJ, Novaes J (2019), PLOS ONE",GOLD,male,,27.5,,78.67,,mixed,LEG_EXTENSION,isolation,quads,isolation,isolation,,,,,,12.0,light,,,5.5501685,primary_training_target,6.974174999999999,False,cohort_mean_substitution,-1.424006499999999
reis2019,reis2019,reis_lab_p7,indirect_calorimetry_breath_by_breath,COSMED K4b2,CC BY 4.0,https://doi.org/10.1371/journal.pone.0221284,"Reis VM, Vianna JM, Barbosa TM, Garrido N, Vilaca Alves J, Carneiro AL, Aidar FJ, Novaes J (2019), PLOS ONE",GOLD,male,,27.5,,78.67,,mixed,LEG_EXTENSION,isolation,quads,isolation,isolation,,,,,,16.0,light,,,6.7223515,primary_training_target,6.974174999999999,False,cohort_mean_substitution,-0.25182349999999865
reis2019,reis2019,reis_lab_p7,indirect_calorimetry_breath_by_breath,COSMED K4b2,CC BY 4.0,https://doi.org/10.1371/journal.pone.0221284,"Reis VM, Vianna JM, Barbosa TM, Garrido N, Vilaca Alves J, Carneiro AL, Aidar FJ, Novaes J (2019), PLOS ONE",GOLD,male,,27.5,,78.67,,mixed,LEG_EXTENSION,isolation,quads,isolation,isolation,,,,,,20.0,moderate,,,7.009497,primary_training_target,7.7572625,False,cohort_mean_substitution,-0.7477655000000007
reis2019,reis2019,reis_lab_p7,indirect_calorimetry_breath_by_breath,COSMED K4b2,CC BY 4.0,https://doi.org/10.1371/journal.pone.0221284,"Reis VM, Vianna JM, Barbosa TM, Garrido N, Vilaca Alves J, Carneiro AL, Aidar FJ, Novaes J (2019), PLOS ONE",GOLD,male,,27.5,,78.67,,mixed,LEG_EXTENSION,isolation,quads,isolation,isolation,,,,,,24.0,moderate,,,10.769923,primary_training_target,7.7572625,False,cohort_mean_substitution,3.0126605
reis2019,reis2019,reis_lab_p8,indirect_calorimetry_breath_by_breath,COSMED K4b2,CC BY 4.0,https://doi.org/10.1371/journal.pone.0221284,"Reis VM, Vianna JM, Barbosa TM, Garrido N, Vilaca Alves J, Carneiro AL, Aidar FJ, Novaes J (2019), PLOS ONE",GOLD,male,,27.5,,78.67,,mixed,LEG_EXTENSION,isolation,quads,isolation,isolation,,,,,,12.0,light,,,7.0055635,primary_training_target,6.974174999999999,False,cohort_mean_substitution,0.03138850000000115
reis2019,reis2019,reis_lab_p8,indirect_calorimetry_breath_by_breath,COSMED K4b2,CC BY 4.0,https://doi.org/10.1371/journal.pone.0221284,"Reis VM, Vianna JM, Barbosa TM, Garrido N, Vilaca Alves J, Carneiro AL, Aidar FJ, Novaes J (2019), PLOS ONE",GOLD,male,,27.5,,78.67,,mixed,LEG_EXTENSION,isolation,quads,isolation,isolation,,,,,,16.0,light,,,7.6663915,primary_training_target,6.974174999999999,False,cohort_mean_substitution,0.6922165000000007
reis2019,reis2019,reis_lab_p8,indirect_calorimetry_breath_by_breath,COSMED K4b2,CC BY 4.0,https://doi.org/10.1371/journal.pone.0221284,"Reis VM, Vianna JM, Barbosa TM, Garrido N, Vilaca Alves J, Carneiro AL, Aidar FJ, Novaes J (2019), PLOS ONE",GOLD,male,,27.5,,78.67,,mixed,LEG_EXTENSION,isolation,quads,isolation,isolation,,,,,,20.0,moderate,,,6.199196,primary_training_target,7.7572625,False,cohort_mean_substitution,-1.5580665000000007
reis2019,reis2019,reis_lab_p8,indirect_calorimetry_breath_by_breath,COSMED K4b2,CC BY 4.0,https://doi.org/10.1371/journal.pone.0221284,"Reis VM, Vianna JM, Barbosa TM, Garrido N, Vilaca Alves J, Carneiro AL, Aidar FJ, Novaes J (2019), PLOS ONE",GOLD,male,,27.5,,78.67,,mixed,LEG_EXTENSION,isolation,quads,isolation,isolation,,,,,,24.0,moderate,,,5.561969,primary_training_target,7.7572625,False,cohort_mean_substitution,-2.1952935
reis2019,reis2019,reis_lab_p9,indirect_calorimetry_breath_by_breath,COSMED K4b2,CC BY 4.0,https://doi.org/10.1371/journal.pone.0221284,"Reis VM, Vianna JM, Barbosa TM, Garrido N, Vilaca Alves J, Carneiro AL, Aidar FJ, Novaes J (2019), PLOS ONE",GOLD,male,,27.5,,78.67,,mixed,LEG_EXTENSION,isolation,quads,isolation,isolation,,,,,,12.0,light,,,7.3989135,primary_training_target,6.974174999999999,False,cohort_mean_substitution,0.424738500000001
reis2019,reis2019,reis_lab_p9,indirect_calorimetry_breath_by_breath,COSMED K4b2,CC BY 4.0,https://doi.org/10.1371/journal.pone.0221284,"Reis VM, Vianna JM, Barbosa TM, Garrido N, Vilaca Alves J, Carneiro AL, Aidar FJ, Novaes J (2019), PLOS ONE",GOLD,male,,27.5,,78.67,,mixed,LEG_EXTENSION,isolation,quads,isolation,isolation,,,,,,16.0,light,,,7.5562535,primary_training_target,6.974174999999999,False,cohort_mean_substitution,0.5820785000000015
reis2019,reis2019,reis_lab_p9,indirect_calorimetry_breath_by_breath,COSMED K4b2,CC BY 4.0,https://doi.org/10.1371/journal.pone.0221284,"Reis VM, Vianna JM, Barbosa TM, Garrido N, Vilaca Alves J, Carneiro AL, Aidar FJ, Novaes J (2019), PLOS ONE",GOLD,male,,27.5,,78.67,,mixed,LEG_EXTENSION,isolation,quads,isolation,isolation,,,,,,20.0,moderate,,,7.31631,primary_training_target,7.7572625,False,cohort_mean_substitution,-0.44095250000000075
reis2019,reis2019,reis_lab_p9,indirect_calorimetry_breath_by_breath,COSMED K4b2,CC BY 4.0,https://doi.org/10.1371/journal.pone.0221284,"Reis VM, Vianna JM, Barbosa TM, Garrido N, Vilaca Alves J, Carneiro AL, Aidar FJ, Novaes J (2019), PLOS ONE",GOLD,male,,27.5,,78.67,,mixed,LEG_EXTENSION,isolation,quads,isolation,isolation,,,,,,24.0,moderate,,,9.0431165,primary_training_target,7.7572625,False,cohort_mean_substitution,1.2858539999999996
reis2019,reis2019,reis_lab_p10,indirect_calorimetry_breath_by_breath,COSMED K4b2,CC BY 4.0,https://doi.org/10.1371/journal.pone.0221284,"Reis VM, Vianna JM, Barbosa TM, Garrido N, Vilaca Alves J, Carneiro AL, Aidar FJ, Novaes J (2019), PLOS ONE",GOLD,male,,27.5,,78.67,,mixed,LEG_EXTENSION,isolation,quads,isolation,isolation,,,,,,12.0,light,,,7.339911,primary_training_target,6.974174999999999,False,cohort_mean_substitution,0.36573600000000095
reis2019,reis2019,reis_lab_p10,indirect_calorimetry_breath_by_breath,COSMED K4b2,CC BY 4.0,https://doi.org/10.1371/journal.pone.0221284,"Reis VM, Vianna JM, Barbosa TM, Garrido N, Vilaca Alves J, Carneiro AL, Aidar FJ, Novaes J (2019), PLOS ONE",GOLD,male,,27.5,,78.67,,mixed,LEG_EXTENSION,isolation,quads,isolation,isolation,,,,,,16.0,light,,,8.873976,primary_training_target,6.974174999999999,False,cohort_mean_substitution,1.8998010000000018
reis2019,reis2019,reis_lab_p10,indirect_calorimetry_breath_by_breath,COSMED K4b2,CC BY 4.0,https://doi.org/10.1371/journal.pone.0221284,"Reis VM, Vianna JM, Barbosa TM, Garrido N, Vilaca Alves J, Carneiro AL, Aidar FJ, Novaes J (2019), PLOS ONE",GOLD,male,,27.5,,78.67,,mixed,LEG_EXTENSION,isolation,quads,isolation,isolation,,,,,,20.0,moderate,,,6.411605000000001,primary_training_target,7.7572625,False,cohort_mean_substitution,-1.3456574999999997
reis2019,reis2019,reis_lab_p10,indirect_calorimetry_breath_by_breath,COSMED K4b2,CC BY 4.0,https://doi.org/10.1371/journal.pone.0221284,"Reis VM, Vianna JM, Barbosa TM, Garrido N, Vilaca Alves J, Carneiro AL, Aidar FJ, Novaes J (2019), PLOS ONE",GOLD,male,,27.5,,78.67,,mixed,LEG_EXTENSION,isolation,quads,isolation,isolation,,,,,,24.0,moderate,,,7.442182000000001,primary_training_target,7.7572625,False,cohort_mean_substitution,-0.31508049999999965
reis2019,reis2019,reis_lab_p11,indirect_calorimetry_breath_by_breath,COSMED K4b2,CC BY 4.0,https://doi.org/10.1371/journal.pone.0221284,"Reis VM, Vianna JM, Barbosa TM, Garrido N, Vilaca Alves J, Carneiro AL, Aidar FJ, Novaes J (2019), PLOS ONE",GOLD,male,,27.5,,78.67,,mixed,LEG_EXTENSION,isolation,quads,isolation,isolation,,,,,,12.0,light,,,5.841247500000001,primary_training_target,6.974174999999999,False,cohort_mean_substitution,-1.1329274999999983
reis2019,reis2019,reis_lab_p11,indirect_calorimetry_breath_by_breath,COSMED K4b2,CC BY 4.0,https://doi.org/10.1371/journal.pone.0221284,"Reis VM, Vianna JM, Barbosa TM, Garrido N, Vilaca Alves J, Carneiro AL, Aidar FJ, Novaes J (2019), PLOS ONE",GOLD,male,,27.5,,78.67,,mixed,LEG_EXTENSION,isolation,quads,isolation,isolation,,,,,,16.0,light,,,6.4706075,primary_training_target,6.974174999999999,False,cohort_mean_substitution,-0.5035674999999991
reis2019,reis2019,reis_lab_p11,indirect_calorimetry_breath_by_breath,COSMED K4b2,CC BY 4.0,https://doi.org/10.1371/journal.pone.0221284,"Reis VM, Vianna JM, Barbosa TM, Garrido N, Vilaca Alves J, Carneiro AL, Aidar FJ, Novaes J (2019), PLOS ONE",GOLD,male,,27.5,,78.67,,mixed,LEG_EXTENSION,isolation,quads,isolation,isolation,,,,,,20.0,moderate,,,6.517809499999999,primary_training_target,7.7572625,False,cohort_mean_substitution,-1.239453000000001
reis2019,reis2019,reis_lab_p11,indirect_calorimetry_breath_by_breath,COSMED K4b2,CC BY 4.0,https://doi.org/10.1371/journal.pone.0221284,"Reis VM, Vianna JM, Barbosa TM, Garrido N, Vilaca Alves J, Carneiro AL, Aidar FJ, Novaes J (2019), PLOS ONE",GOLD,male,,27.5,,78.67,,mixed,LEG_EXTENSION,isolation,quads,isolation,isolation,,,,,,24.0,moderate,,,5.758644,primary_training_target,7.7572625,False,cohort_mean_substitution,-1.9986185
reis2019,reis2019,reis_lab_p12,indirect_calorimetry_breath_by_breath,COSMED K4b2,CC BY 4.0,https://doi.org/10.1371/journal.pone.0221284,"Reis VM, Vianna JM, Barbosa TM, Garrido N, Vilaca Alves J, Carneiro AL, Aidar FJ, Novaes J (2019), PLOS ONE",GOLD,male,,27.5,,78.67,,mixed,LEG_EXTENSION,isolation,quads,isolation,isolation,,,,,,12.0,light,,,5.451831,primary_training_target,6.974174999999999,False,cohort_mean_substitution,-1.5223439999999986
reis2019,reis2019,reis_lab_p12,indirect_calorimetry_breath_by_breath,COSMED K4b2,CC BY 4.0,https://doi.org/10.1371/journal.pone.0221284,"Reis VM, Vianna JM, Barbosa TM, Garrido N, Vilaca Alves J, Carneiro AL, Aidar FJ, Novaes J (2019), PLOS ONE",GOLD,male,,27.5,,78.67,,mixed,LEG_EXTENSION,isolation,quads,isolation,isolation,,,,,,16.0,light,,,6.2345975,primary_training_target,6.974174999999999,False,cohort_mean_substitution,-0.7395774999999993
reis2019,reis2019,reis_lab_p12,indirect_calorimetry_breath_by_breath,COSMED K4b2,CC BY 4.0,https://doi.org/10.1371/journal.pone.0221284,"Reis VM, Vianna JM, Barbosa TM, Garrido N, Vilaca Alves J, Carneiro AL, Aidar FJ, Novaes J (2019), PLOS ONE",GOLD,male,,27.5,,78.67,,mixed,LEG_EXTENSION,isolation,quads,isolation,isolation,,,,,,20.0,moderate,,,4.9758775,primary_training_target,7.7572625,False,cohort_mean_substitution,-2.781385
reis2019,reis2019,reis_lab_p12,indirect_calorimetry_breath_by_breath,COSMED K4b2,CC BY 4.0,https://doi.org/10.1371/journal.pone.0221284,"Reis VM, Vianna JM, Barbosa TM, Garrido N, Vilaca Alves J, Carneiro AL, Aidar FJ, Novaes J (2019), PLOS ONE",GOLD,male,,27.5,,78.67,,mixed,LEG_EXTENSION,isolation,quads,isolation,isolation,,,,,,24.0,moderate,,,5.601304,primary_training_target,7.7572625,False,cohort_mean_substitution,-2.1559585000000006
reis2019,reis2019,reis_lab_p13,indirect_calorimetry_breath_by_breath,COSMED K4b2,CC BY 4.0,https://doi.org/10.1371/journal.pone.0221284,"Reis VM, Vianna JM, Barbosa TM, Garrido N, Vilaca Alves J, Carneiro AL, Aidar FJ, Novaes J (2019), PLOS ONE",GOLD,male,,27.5,,78.67,,mixed,LEG_EXTENSION,isolation,quads,isolation,isolation,,,,,,12.0,light,,,5.451831,primary_training_target,6.974174999999999,False,cohort_mean_substitution,-1.5223439999999986
reis2019,reis2019,reis_lab_p13,indirect_calorimetry_breath_by_breath,COSMED K4b2,CC BY 4.0,https://doi.org/10.1371/journal.pone.0221284,"Reis VM, Vianna JM, Barbosa TM, Garrido N, Vilaca Alves J, Carneiro AL, Aidar FJ, Novaes J (2019), PLOS ONE",GOLD,male,,27.5,,78.67,,mixed,LEG_EXTENSION,isolation,quads,isolation,isolation,,,,,,16.0,light,,,5.5816365,primary_training_target,6.974174999999999,False,cohort_mean_substitution,-1.3925384999999988
reis2019,reis2019,reis_lab_p13,indirect_calorimetry_breath_by_breath,COSMED K4b2,CC BY 4.0,https://doi.org/10.1371/journal.pone.0221284,"Reis VM, Vianna JM, Barbosa TM, Garrido N, Vilaca Alves J, Carneiro AL, Aidar FJ, Novaes J (2019), PLOS ONE",GOLD,male,,27.5,,78.67,,mixed,LEG_EXTENSION,isolation,quads,isolation,isolation,,,,,,20.0,moderate,,,5.495099500000001,primary_training_target,7.7572625,False,cohort_mean_substitution,-2.2621629999999993
reis2019,reis2019,reis_lab_p13,indirect_calorimetry_breath_by_breath,COSMED K4b2,CC BY 4.0,https://doi.org/10.1371/journal.pone.0221284,"Reis VM, Vianna JM, Barbosa TM, Garrido N, Vilaca Alves J, Carneiro AL, Aidar FJ, Novaes J (2019), PLOS ONE",GOLD,male,,27.5,,78.67,,mixed,LEG_EXTENSION,isolation,quads,isolation,isolation,,,,,,24.0,moderate,,,7.457916000000001,primary_training_target,7.7572625,False,cohort_mean_substitution,-0.2993464999999995
reis2019,reis2019,reis_lab_p14,indirect_calorimetry_breath_by_breath,COSMED K4b2,CC BY 4.0,https://doi.org/10.1371/journal.pone.0221284,"Reis VM, Vianna JM, Barbosa TM, Garrido N, Vilaca Alves J, Carneiro AL, Aidar FJ, Novaes J (2019), PLOS ONE",GOLD,male,,27.5,,78.67,,mixed,LEG_EXTENSION,isolation,quads,isolation,isolation,,,,,,12.0,light,,,4.3858525,primary_training_target,6.974174999999999,False,cohort_mean_substitution,-2.5883224999999985
reis2019,reis2019,reis_lab_p14,indirect_calorimetry_breath_by_breath,COSMED K4b2,CC BY 4.0,https://doi.org/10.1371/journal.pone.0221284,"Reis VM, Vianna JM, Barbosa TM, Garrido N, Vilaca Alves J, Carneiro AL, Aidar FJ, Novaes J (2019), PLOS ONE",GOLD,male,,27.5,,78.67,,mixed,LEG_EXTENSION,isolation,quads,isolation,isolation,,,,,,16.0,light,,,6.05759,primary_training_target,6.974174999999999,False,cohort_mean_substitution,-0.9165849999999987
reis2019,reis2019,reis_lab_p14,indirect_calorimetry_breath_by_breath,COSMED K4b2,CC BY 4.0,https://doi.org/10.1371/journal.pone.0221284,"Reis VM, Vianna JM, Barbosa TM, Garrido N, Vilaca Alves J, Carneiro AL, Aidar FJ, Novaes J (2019), PLOS ONE",GOLD,male,,27.5,,78.67,,mixed,LEG_EXTENSION,isolation,quads,isolation,isolation,,,,,,20.0,moderate,,,4.9208085,primary_training_target,7.7572625,False,cohort_mean_substitution,-2.8364540000000007
reis2019,reis2019,reis_lab_p14,indirect_calorimetry_breath_by_breath,COSMED K4b2,CC BY 4.0,https://doi.org/10.1371/journal.pone.0221284,"Reis VM, Vianna JM, Barbosa TM, Garrido N, Vilaca Alves J, Carneiro AL, Aidar FJ, Novaes J (2019), PLOS ONE",GOLD,male,,27.5,,78.67,,mixed,LEG_EXTENSION,isolation,quads,isolation,isolation,,,,,,24.0,moderate,,,7.2730415,primary_training_target,7.7572625,False,cohort_mean_substitution,-0.4842210000000007
reis2019,reis2019,reis_lab_p1,indirect_calorimetry_breath_by_breath,COSMED K4b2,CC BY 4.0,https://doi.org/10.1371/journal.pone.0221284,"Reis VM, Vianna JM, Barbosa TM, Garrido N, Vilaca Alves J, Carneiro AL, Aidar FJ, Novaes J (2019), PLOS ONE",GOLD,male,,27.5,,78.67,,mixed,INCLINE_BENCH_PRESS,horizontal_push,upper_chest,compound,horizontal_push,,,,,,12.0,light,,,4.468456,primary_training_target,5.224175,False,cohort_mean_substitution,-0.755719
reis2019,reis2019,reis_lab_p1,indirect_calorimetry_breath_by_breath,COSMED K4b2,CC BY 4.0,https://doi.org/10.1371/journal.pone.0221284,"Reis VM, Vianna JM, Barbosa TM, Garrido N, Vilaca Alves J, Carneiro AL, Aidar FJ, Novaes J (2019), PLOS ONE",GOLD,male,,27.5,,78.67,,mixed,INCLINE_BENCH_PRESS,horizontal_push,upper_chest,compound,horizontal_push,,,,,,16.0,light,,,5.298424500000001,primary_training_target,5.224175,False,cohort_mean_substitution,0.07424950000000141
reis2019,reis2019,reis_lab_p1,indirect_calorimetry_breath_by_breath,COSMED K4b2,CC BY 4.0,https://doi.org/10.1371/journal.pone.0221284,"Reis VM, Vianna JM, Barbosa TM, Garrido N, Vilaca Alves J, Carneiro AL, Aidar FJ, Novaes J (2019), PLOS ONE",GOLD,male,,27.5,,78.67,,mixed,INCLINE_BENCH_PRESS,horizontal_push,upper_chest,compound,horizontal_push,,,,,,20.0,moderate,,,4.511724500000001,primary_training_target,6.1642625,False,cohort_mean_substitution,-1.6525379999999998
reis2019,reis2019,reis_lab_p1,indirect_calorimetry_breath_by_breath,COSMED K4b2,CC BY 4.0,https://doi.org/10.1371/journal.pone.0221284,"Reis VM, Vianna JM, Barbosa TM, Garrido N, Vilaca Alves J, Carneiro AL, Aidar FJ, Novaes J (2019), PLOS ONE",GOLD,male,,27.5,,78.67,,mixed,INCLINE_BENCH_PRESS,horizontal_push,upper_chest,compound,horizontal_push,,,,,,24.0,moderate,,,5.357427,primary_training_target,6.1642625,False,cohort_mean_substitution,-0.8068355
reis2019,reis2019,reis_lab_p2,indirect_calorimetry_breath_by_breath,COSMED K4b2,CC BY 4.0,https://doi.org/10.1371/journal.pone.0221284,"Reis VM, Vianna JM, Barbosa TM, Garrido N, Vilaca Alves J, Carneiro AL, Aidar FJ, Novaes J (2019), PLOS ONE",GOLD,male,,27.5,,78.67,,mixed,INCLINE_BENCH_PRESS,horizontal_push,upper_chest,compound,horizontal_push,,,,,,12.0,light,,,3.54015,primary_training_target,5.224175,False,cohort_mean_substitution,-1.6840249999999997
reis2019,reis2019,reis_lab_p2,indirect_calorimetry_breath_by_breath,COSMED K4b2,CC BY 4.0,https://doi.org/10.1371/journal.pone.0221284,"Reis VM, Vianna JM, Barbosa TM, Garrido N, Vilaca Alves J, Carneiro AL, Aidar FJ, Novaes J (2019), PLOS ONE",GOLD,male,,27.5,,78.67,,mixed,INCLINE_BENCH_PRESS,horizontal_push,upper_chest,compound,horizontal_push,,,,,,16.0,light,,,3.7722265,primary_training_target,5.224175,False,cohort_mean_substitution,-1.4519484999999999
reis2019,reis2019,reis_lab_p2,indirect_calorimetry_breath_by_breath,COSMED K4b2,CC BY 4.0,https://doi.org/10.1371/journal.pone.0221284,"Reis VM, Vianna JM, Barbosa TM, Garrido N, Vilaca Alves J, Carneiro AL, Aidar FJ, Novaes J (2019), PLOS ONE",GOLD,male,,27.5,,78.67,,mixed,INCLINE_BENCH_PRESS,horizontal_push,upper_chest,compound,horizontal_push,,,,,,24.0,moderate,,,6.277866000000001,primary_training_target,6.1642625,False,cohort_mean_substitution,0.11360350000000086
reis2019,reis2019,reis_lab_p3,indirect_calorimetry_breath_by_breath,COSMED K4b2,CC BY 4.0,https://doi.org/10.1371/journal.pone.0221284,"Reis VM, Vianna JM, Barbosa TM, Garrido N, Vilaca Alves J, Carneiro AL, Aidar FJ, Novaes J (2019), PLOS ONE",GOLD,male,,27.5,,78.67,,mixed,INCLINE_BENCH_PRESS,horizontal_push,upper_chest,compound,horizontal_push,,,,,,12.0,light,,,4.484190000000001,primary_training_target,5.224175,False,cohort_mean_substitution,-0.739984999999999
reis2019,reis2019,reis_lab_p3,indirect_calorimetry_breath_by_breath,COSMED K4b2,CC BY 4.0,https://doi.org/10.1371/journal.pone.0221284,"Reis VM, Vianna JM, Barbosa TM, Garrido N, Vilaca Alves J, Carneiro AL, Aidar FJ, Novaes J (2019), PLOS ONE",GOLD,male,,27.5,,78.67,,mixed,INCLINE_BENCH_PRESS,horizontal_push,upper_chest,compound,horizontal_push,,,,,,20.0,moderate,,,6.380137,primary_training_target,6.1642625,False,cohort_mean_substitution,0.21587449999999997
reis2019,reis2019,reis_lab_p3,indirect_calorimetry_breath_by_breath,COSMED K4b2,CC BY 4.0,https://doi.org/10.1371/journal.pone.0221284,"Reis VM, Vianna JM, Barbosa TM, Garrido N, Vilaca Alves J, Carneiro AL, Aidar FJ, Novaes J (2019), PLOS ONE",GOLD,male,,27.5,,78.67,,mixed,INCLINE_BENCH_PRESS,horizontal_push,upper_chest,compound,horizontal_push,,,,,,24.0,moderate,,,6.073324,primary_training_target,6.1642625,False,cohort_mean_substitution,-0.09093850000000003
reis2019,reis2019,reis_lab_p4,indirect_calorimetry_breath_by_breath,COSMED K4b2,CC BY 4.0,https://doi.org/10.1371/journal.pone.0221284,"Reis VM, Vianna JM, Barbosa TM, Garrido N, Vilaca Alves J, Carneiro AL, Aidar FJ, Novaes J (2019), PLOS ONE",GOLD,male,,27.5,,78.67,,mixed,INCLINE_BENCH_PRESS,horizontal_push,upper_chest,compound,horizontal_push,,,,,,12.0,light,,,6.250331500000001,primary_training_target,5.224175,False,cohort_mean_substitution,1.0261565000000008
reis2019,reis2019,reis_lab_p4,indirect_calorimetry_breath_by_breath,COSMED K4b2,CC BY 4.0,https://doi.org/10.1371/journal.pone.0221284,"Reis VM, Vianna JM, Barbosa TM, Garrido N, Vilaca Alves J, Carneiro AL, Aidar FJ, Novaes J (2019), PLOS ONE",GOLD,male,,27.5,,78.67,,mixed,INCLINE_BENCH_PRESS,horizontal_push,upper_chest,compound,horizontal_push,,,,,,20.0,moderate,,,6.167728000000001,primary_training_target,6.1642625,False,cohort_mean_substitution,0.0034655000000007874
reis2019,reis2019,reis_lab_p4,indirect_calorimetry_breath_by_breath,COSMED K4b2,CC BY 4.0,https://doi.org/10.1371/journal.pone.0221284,"Reis VM, Vianna JM, Barbosa TM, Garrido N, Vilaca Alves J, Carneiro AL, Aidar FJ, Novaes J (2019), PLOS ONE",GOLD,male,,27.5,,78.67,,mixed,INCLINE_BENCH_PRESS,horizontal_push,upper_chest,compound,horizontal_push,,,,,,24.0,moderate,,,7.198305,primary_training_target,6.1642625,False,cohort_mean_substitution,1.0340425
reis2019,reis2019,reis_lab_p5,indirect_calorimetry_breath_by_breath,COSMED K4b2,CC BY 4.0,https://doi.org/10.1371/journal.pone.0221284,"Reis VM, Vianna JM, Barbosa TM, Garrido N, Vilaca Alves J, Carneiro AL, Aidar FJ, Novaes J (2019), PLOS ONE",GOLD,male,,27.5,,78.67,,mixed,INCLINE_BENCH_PRESS,horizontal_push,upper_chest,compound,horizontal_push,,,,,,12.0,light,,,4.928675500000001,primary_training_target,5.224175,False,cohort_mean_substitution,-0.29549949999999914
reis2019,reis2019,reis_lab_p5,indirect_calorimetry_breath_by_breath,COSMED K4b2,CC BY 4.0,https://doi.org/10.1371/journal.pone.0221284,"Reis VM, Vianna JM, Barbosa TM, Garrido N, Vilaca Alves J, Carneiro AL, Aidar FJ, Novaes J (2019), PLOS ONE",GOLD,male,,27.5,,78.67,,mixed,INCLINE_BENCH_PRESS,horizontal_push,upper_chest,compound,horizontal_push,,,,,,16.0,light,,,6.584679,primary_training_target,5.224175,False,cohort_mean_substitution,1.3605040000000006
reis2019,reis2019,reis_lab_p5,indirect_calorimetry_breath_by_breath,COSMED K4b2,CC BY 4.0,https://doi.org/10.1371/journal.pone.0221284,"Reis VM, Vianna JM, Barbosa TM, Garrido N, Vilaca Alves J, Carneiro AL, Aidar FJ, Novaes J (2019), PLOS ONE",GOLD,male,,27.5,,78.67,,mixed,INCLINE_BENCH_PRESS,horizontal_push,upper_chest,compound,horizontal_push,,,,,,20.0,moderate,,,7.3281105,primary_training_target,6.1642625,False,cohort_mean_substitution,1.1638479999999998
reis2019,reis2019,reis_lab_p5,indirect_calorimetry_breath_by_breath,COSMED K4b2,CC BY 4.0,https://doi.org/10.1371/journal.pone.0221284,"Reis VM, Vianna JM, Barbosa TM, Garrido N, Vilaca Alves J, Carneiro AL, Aidar FJ, Novaes J (2019), PLOS ONE",GOLD,male,,27.5,,78.67,,mixed,INCLINE_BENCH_PRESS,horizontal_push,upper_chest,compound,horizontal_push,,,,,,24.0,moderate,,,8.264283500000001,primary_training_target,6.1642625,False,cohort_mean_substitution,2.100021000000001
reis2019,reis2019,reis_lab_p6,indirect_calorimetry_breath_by_breath,COSMED K4b2,CC BY 4.0,https://doi.org/10.1371/journal.pone.0221284,"Reis VM, Vianna JM, Barbosa TM, Garrido N, Vilaca Alves J, Carneiro AL, Aidar FJ, Novaes J (2019), PLOS ONE",GOLD,male,,27.5,,78.67,,mixed,INCLINE_BENCH_PRESS,horizontal_push,upper_chest,compound,horizontal_push,,,,,,12.0,light,,,5.9277845,primary_training_target,5.224175,False,cohort_mean_substitution,0.7036094999999998
reis2019,reis2019,reis_lab_p6,indirect_calorimetry_breath_by_breath,COSMED K4b2,CC BY 4.0,https://doi.org/10.1371/journal.pone.0221284,"Reis VM, Vianna JM, Barbosa TM, Garrido N, Vilaca Alves J, Carneiro AL, Aidar FJ, Novaes J (2019), PLOS ONE",GOLD,male,,27.5,,78.67,,mixed,INCLINE_BENCH_PRESS,horizontal_push,upper_chest,compound,horizontal_push,,,,,,16.0,light,,,5.2708900000000005,primary_training_target,5.224175,False,cohort_mean_substitution,0.04671500000000073
reis2019,reis2019,reis_lab_p6,indirect_calorimetry_breath_by_breath,COSMED K4b2,CC BY 4.0,https://doi.org/10.1371/journal.pone.0221284,"Reis VM, Vianna JM, Barbosa TM, Garrido N, Vilaca Alves J, Carneiro AL, Aidar FJ, Novaes J (2019), PLOS ONE",GOLD,male,,27.5,,78.67,,mixed,INCLINE_BENCH_PRESS,horizontal_push,upper_chest,compound,horizontal_push,,,,,,20.0,moderate,,,10.109095,primary_training_target,6.1642625,False,cohort_mean_substitution,3.9448324999999995
reis2019,reis2019,reis_lab_p6,indirect_calorimetry_breath_by_breath,COSMED K4b2,CC BY 4.0,https://doi.org/10.1371/journal.pone.0221284,"Reis VM, Vianna JM, Barbosa TM, Garrido N, Vilaca Alves J, Carneiro AL, Aidar FJ, Novaes J (2019), PLOS ONE",GOLD,male,,27.5,,78.67,,mixed,INCLINE_BENCH_PRESS,horizontal_push,upper_chest,compound,horizontal_push,,,,,,24.0,moderate,,,10.624383500000002,primary_training_target,6.1642625,False,cohort_mean_substitution,4.460121000000002
reis2019,reis2019,reis_lab_p7,indirect_calorimetry_breath_by_breath,COSMED K4b2,CC BY 4.0,https://doi.org/10.1371/journal.pone.0221284,"Reis VM, Vianna JM, Barbosa TM, Garrido N, Vilaca Alves J, Carneiro AL, Aidar FJ, Novaes J (2019), PLOS ONE",GOLD,male,,27.5,,78.67,,mixed,INCLINE_BENCH_PRESS,horizontal_push,upper_chest,compound,horizontal_push,,,,,,12.0,light,,,5.4242965,primary_training_target,5.224175,False,cohort_mean_substitution,0.20012149999999984
reis2019,reis2019,reis_lab_p7,indirect_calorimetry_breath_by_breath,COSMED K4b2,CC BY 4.0,https://doi.org/10.1371/journal.pone.0221284,"Reis VM, Vianna JM, Barbosa TM, Garrido N, Vilaca Alves J, Carneiro AL, Aidar FJ, Novaes J (2019), PLOS ONE",GOLD,male,,27.5,,78.67,,mixed,INCLINE_BENCH_PRESS,horizontal_push,upper_chest,compound,horizontal_push,,,,,,16.0,light,,,5.868782,primary_training_target,5.224175,False,cohort_mean_substitution,0.6446070000000006
reis2019,reis2019,reis_lab_p7,indirect_calorimetry_breath_by_breath,COSMED K4b2,CC BY 4.0,https://doi.org/10.1371/journal.pone.0221284,"Reis VM, Vianna JM, Barbosa TM, Garrido N, Vilaca Alves J, Carneiro AL, Aidar FJ, Novaes J (2019), PLOS ONE",GOLD,male,,27.5,,78.67,,mixed,INCLINE_BENCH_PRESS,horizontal_push,upper_chest,compound,horizontal_push,,,,,,20.0,moderate,,,6.0890580000000005,primary_training_target,6.1642625,False,cohort_mean_substitution,-0.0752044999999999
reis2019,reis2019,reis_lab_p7,indirect_calorimetry_breath_by_breath,COSMED K4b2,CC BY 4.0,https://doi.org/10.1371/journal.pone.0221284,"Reis VM, Vianna JM, Barbosa TM, Garrido N, Vilaca Alves J, Carneiro AL, Aidar FJ, Novaes J (2019), PLOS ONE",GOLD,male,,27.5,,78.67,,mixed,INCLINE_BENCH_PRESS,horizontal_push,upper_chest,compound,horizontal_push,,,,,,24.0,moderate,,,6.1244595,primary_training_target,6.1642625,False,cohort_mean_substitution,-0.03980300000000003
reis2019,reis2019,reis_lab_p8,indirect_calorimetry_breath_by_breath,COSMED K4b2,CC BY 4.0,https://doi.org/10.1371/journal.pone.0221284,"Reis VM, Vianna JM, Barbosa TM, Garrido N, Vilaca Alves J, Carneiro AL, Aidar FJ, Novaes J (2019), PLOS ONE",GOLD,male,,27.5,,78.67,,mixed,INCLINE_BENCH_PRESS,horizontal_push,upper_chest,compound,horizontal_push,,,,,,12.0,light,,,4.216712,primary_training_target,5.224175,False,cohort_mean_substitution,-1.0074629999999996
reis2019,reis2019,reis_lab_p8,indirect_calorimetry_breath_by_breath,COSMED K4b2,CC BY 4.0,https://doi.org/10.1371/journal.pone.0221284,"Reis VM, Vianna JM, Barbosa TM, Garrido N, Vilaca Alves J, Carneiro AL, Aidar FJ, Novaes J (2019), PLOS ONE",GOLD,male,,27.5,,78.67,,mixed,INCLINE_BENCH_PRESS,horizontal_push,upper_chest,compound,horizontal_push,,,,,,16.0,light,,,4.696599,primary_training_target,5.224175,False,cohort_mean_substitution,-0.5275759999999998
reis2019,reis2019,reis_lab_p8,indirect_calorimetry_breath_by_breath,COSMED K4b2,CC BY 4.0,https://doi.org/10.1371/journal.pone.0221284,"Reis VM, Vianna JM, Barbosa TM, Garrido N, Vilaca Alves J, Carneiro AL, Aidar FJ, Novaes J (2019), PLOS ONE",GOLD,male,,27.5,,78.67,,mixed,INCLINE_BENCH_PRESS,horizontal_push,upper_chest,compound,horizontal_push,,,,,,24.0,moderate,,,6.694817,primary_training_target,6.1642625,False,cohort_mean_substitution,0.5305544999999992
reis2019,reis2019,reis_lab_p9,indirect_calorimetry_breath_by_breath,COSMED K4b2,CC BY 4.0,https://doi.org/10.1371/journal.pone.0221284,"Reis VM, Vianna JM, Barbosa TM, Garrido N, Vilaca Alves J, Carneiro AL, Aidar FJ, Novaes J (2019), PLOS ONE",GOLD,male,,27.5,,78.67,,mixed,INCLINE_BENCH_PRESS,horizontal_push,upper_chest,compound,horizontal_push,,,,,,12.0,light,,,7.1550365000000005,primary_training_target,5.224175,False,cohort_mean_substitution,1.9308615000000007
reis2019,reis2019,reis_lab_p9,indirect_calorimetry_breath_by_breath,COSMED K4b2,CC BY 4.0,https://doi.org/10.1371/journal.pone.0221284,"Reis VM, Vianna JM, Barbosa TM, Garrido N, Vilaca Alves J, Carneiro AL, Aidar FJ, Novaes J (2019), PLOS ONE",GOLD,male,,27.5,,78.67,,mixed,INCLINE_BENCH_PRESS,horizontal_push,upper_chest,compound,horizontal_push,,,,,,16.0,light,,,8.10301,primary_training_target,5.224175,False,cohort_mean_substitution,2.8788349999999996
reis2019,reis2019,reis_lab_p9,indirect_calorimetry_breath_by_breath,COSMED K4b2,CC BY 4.0,https://doi.org/10.1371/journal.pone.0221284,"Reis VM, Vianna JM, Barbosa TM, Garrido N, Vilaca Alves J, Carneiro AL, Aidar FJ, Novaes J (2019), PLOS ONE",GOLD,male,,27.5,,78.67,,mixed,INCLINE_BENCH_PRESS,horizontal_push,upper_chest,compound,horizontal_push,,,,,,20.0,moderate,,,7.0370315,primary_training_target,6.1642625,False,cohort_mean_substitution,0.8727689999999999
reis2019,reis2019,reis_lab_p9,indirect_calorimetry_breath_by_breath,COSMED K4b2,CC BY 4.0,https://doi.org/10.1371/journal.pone.0221284,"Reis VM, Vianna JM, Barbosa TM, Garrido N, Vilaca Alves J, Carneiro AL, Aidar FJ, Novaes J (2019), PLOS ONE",GOLD,male,,27.5,,78.67,,mixed,INCLINE_BENCH_PRESS,horizontal_push,upper_chest,compound,horizontal_push,,,,,,24.0,moderate,,,6.891492,primary_training_target,6.1642625,False,cohort_mean_substitution,0.7272295
reis2019,reis2019,reis_lab_p10,indirect_calorimetry_breath_by_breath,COSMED K4b2,CC BY 4.0,https://doi.org/10.1371/journal.pone.0221284,"Reis VM, Vianna JM, Barbosa TM, Garrido N, Vilaca Alves J, Carneiro AL, Aidar FJ, Novaes J (2019), PLOS ONE",GOLD,male,,27.5,,78.67,,mixed,INCLINE_BENCH_PRESS,horizontal_push,upper_chest,compound,horizontal_push,,,,,,12.0,light,,,5.0073455,primary_training_target,5.224175,False,cohort_mean_substitution,-0.21682950000000023
reis2019,reis2019,reis_lab_p10,indirect_calorimetry_breath_by_breath,COSMED K4b2,CC BY 4.0,https://doi.org/10.1371/journal.pone.0221284,"Reis VM, Vianna JM, Barbosa TM, Garrido N, Vilaca Alves J, Carneiro AL, Aidar FJ, Novaes J (2019), PLOS ONE",GOLD,male,,27.5,,78.67,,mixed,INCLINE_BENCH_PRESS,horizontal_push,upper_chest,compound,horizontal_push,,,,,,16.0,light,,,6.482408,primary_training_target,5.224175,False,cohort_mean_substitution,1.2582330000000006
reis2019,reis2019,reis_lab_p10,indirect_calorimetry_breath_by_breath,COSMED K4b2,CC BY 4.0,https://doi.org/10.1371/journal.pone.0221284,"Reis VM, Vianna JM, Barbosa TM, Garrido N, Vilaca Alves J, Carneiro AL, Aidar FJ, Novaes J (2019), PLOS ONE",GOLD,male,,27.5,,78.67,,mixed,INCLINE_BENCH_PRESS,horizontal_push,upper_chest,compound,horizontal_push,,,,,,20.0,moderate,,,5.255156,primary_training_target,6.1642625,False,cohort_mean_substitution,-0.9091065
reis2019,reis2019,reis_lab_p10,indirect_calorimetry_breath_by_breath,COSMED K4b2,CC BY 4.0,https://doi.org/10.1371/journal.pone.0221284,"Reis VM, Vianna JM, Barbosa TM, Garrido N, Vilaca Alves J, Carneiro AL, Aidar FJ, Novaes J (2019), PLOS ONE",GOLD,male,,27.5,,78.67,,mixed,INCLINE_BENCH_PRESS,horizontal_push,upper_chest,compound,horizontal_push,,,,,,24.0,moderate,,,3.9925025,primary_training_target,6.1642625,False,cohort_mean_substitution,-2.1717600000000004
reis2019,reis2019,reis_lab_p11,indirect_calorimetry_breath_by_breath,COSMED K4b2,CC BY 4.0,https://doi.org/10.1371/journal.pone.0221284,"Reis VM, Vianna JM, Barbosa TM, Garrido N, Vilaca Alves J, Carneiro AL, Aidar FJ, Novaes J (2019), PLOS ONE",GOLD,male,,27.5,,78.67,,mixed,INCLINE_BENCH_PRESS,horizontal_push,upper_chest,compound,horizontal_push,,,,,,12.0,light,,,5.491166000000001,primary_training_target,5.224175,False,cohort_mean_substitution,0.26699100000000087
reis2019,reis2019,reis_lab_p11,indirect_calorimetry_breath_by_breath,COSMED K4b2,CC BY 4.0,https://doi.org/10.1371/journal.pone.0221284,"Reis VM, Vianna JM, Barbosa TM, Garrido N, Vilaca Alves J, Carneiro AL, Aidar FJ, Novaes J (2019), PLOS ONE",GOLD,male,,27.5,,78.67,,mixed,INCLINE_BENCH_PRESS,horizontal_push,upper_chest,compound,horizontal_push,,,,,,16.0,light,,,6.167728000000001,primary_training_target,5.224175,False,cohort_mean_substitution,0.9435530000000014
reis2019,reis2019,reis_lab_p11,indirect_calorimetry_breath_by_breath,COSMED K4b2,CC BY 4.0,https://doi.org/10.1371/journal.pone.0221284,"Reis VM, Vianna JM, Barbosa TM, Garrido N, Vilaca Alves J, Carneiro AL, Aidar FJ, Novaes J (2019), PLOS ONE",GOLD,male,,27.5,,78.67,,mixed,INCLINE_BENCH_PRESS,horizontal_push,upper_chest,compound,horizontal_push,,,,,,20.0,moderate,,,5.888449500000001,primary_training_target,6.1642625,False,cohort_mean_substitution,-0.2758129999999994
reis2019,reis2019,reis_lab_p11,indirect_calorimetry_breath_by_breath,COSMED K4b2,CC BY 4.0,https://doi.org/10.1371/journal.pone.0221284,"Reis VM, Vianna JM, Barbosa TM, Garrido N, Vilaca Alves J, Carneiro AL, Aidar FJ, Novaes J (2019), PLOS ONE",GOLD,male,,27.5,,78.67,,mixed,INCLINE_BENCH_PRESS,horizontal_push,upper_chest,compound,horizontal_push,,,,,,24.0,moderate,,,4.570727,primary_training_target,6.1642625,False,cohort_mean_substitution,-1.5935355000000007
reis2019,reis2019,reis_lab_p12,indirect_calorimetry_breath_by_breath,COSMED K4b2,CC BY 4.0,https://doi.org/10.1371/journal.pone.0221284,"Reis VM, Vianna JM, Barbosa TM, Garrido N, Vilaca Alves J, Carneiro AL, Aidar FJ, Novaes J (2019), PLOS ONE",GOLD,male,,27.5,,78.67,,mixed,INCLINE_BENCH_PRESS,horizontal_push,upper_chest,compound,horizontal_push,,,,,,12.0,light,,,4.1970445,primary_training_target,5.224175,False,cohort_mean_substitution,-1.0271305000000002
reis2019,reis2019,reis_lab_p12,indirect_calorimetry_breath_by_breath,COSMED K4b2,CC BY 4.0,https://doi.org/10.1371/journal.pone.0221284,"Reis VM, Vianna JM, Barbosa TM, Garrido N, Vilaca Alves J, Carneiro AL, Aidar FJ, Novaes J (2019), PLOS ONE",GOLD,male,,27.5,,78.67,,mixed,INCLINE_BENCH_PRESS,horizontal_push,upper_chest,compound,horizontal_push,,,,,,16.0,light,,,3.8744975,primary_training_target,5.224175,False,cohort_mean_substitution,-1.3496774999999999
reis2019,reis2019,reis_lab_p12,indirect_calorimetry_breath_by_breath,COSMED K4b2,CC BY 4.0,https://doi.org/10.1371/journal.pone.0221284,"Reis VM, Vianna JM, Barbosa TM, Garrido N, Vilaca Alves J, Carneiro AL, Aidar FJ, Novaes J (2019), PLOS ONE",GOLD,male,,27.5,,78.67,,mixed,INCLINE_BENCH_PRESS,horizontal_push,upper_chest,compound,horizontal_push,,,,,,20.0,moderate,,,4.259980499999999,primary_training_target,6.1642625,False,cohort_mean_substitution,-1.9042820000000011
reis2019,reis2019,reis_lab_p12,indirect_calorimetry_breath_by_breath,COSMED K4b2,CC BY 4.0,https://doi.org/10.1371/journal.pone.0221284,"Reis VM, Vianna JM, Barbosa TM, Garrido N, Vilaca Alves J, Carneiro AL, Aidar FJ, Novaes J (2019), PLOS ONE",GOLD,male,,27.5,,78.67,,mixed,INCLINE_BENCH_PRESS,horizontal_push,upper_chest,compound,horizontal_push,,,,,,24.0,moderate,,,4.374052,primary_training_target,6.1642625,False,cohort_mean_substitution,-1.7902105000000006
reis2019,reis2019,reis_lab_p13,indirect_calorimetry_breath_by_breath,COSMED K4b2,CC BY 4.0,https://doi.org/10.1371/journal.pone.0221284,"Reis VM, Vianna JM, Barbosa TM, Garrido N, Vilaca Alves J, Carneiro AL, Aidar FJ, Novaes J (2019), PLOS ONE",GOLD,male,,27.5,,78.67,,mixed,INCLINE_BENCH_PRESS,horizontal_push,upper_chest,compound,horizontal_push,,,,,,12.0,light,,,4.440921499999999,primary_training_target,5.224175,False,cohort_mean_substitution,-0.7832535000000007
reis2019,reis2019,reis_lab_p13,indirect_calorimetry_breath_by_breath,COSMED K4b2,CC BY 4.0,https://doi.org/10.1371/journal.pone.0221284,"Reis VM, Vianna JM, Barbosa TM, Garrido N, Vilaca Alves J, Carneiro AL, Aidar FJ, Novaes J (2019), PLOS ONE",GOLD,male,,27.5,,78.67,,mixed,INCLINE_BENCH_PRESS,horizontal_push,upper_chest,compound,horizontal_push,,,,,,16.0,light,,,4.712333,primary_training_target,5.224175,False,cohort_mean_substitution,-0.5118419999999997
reis2019,reis2019,reis_lab_p13,indirect_calorimetry_breath_by_breath,COSMED K4b2,CC BY 4.0,https://doi.org/10.1371/journal.pone.0221284,"Reis VM, Vianna JM, Barbosa TM, Garrido N, Vilaca Alves J, Carneiro AL, Aidar FJ, Novaes J (2019), PLOS ONE",GOLD,male,,27.5,,78.67,,mixed,INCLINE_BENCH_PRESS,horizontal_push,upper_chest,compound,horizontal_push,,,,,,20.0,moderate,,,4.350451,primary_training_target,6.1642625,False,cohort_mean_substitution,-1.8138115000000008
reis2019,reis2019,reis_lab_p13,indirect_calorimetry_breath_by_breath,COSMED K4b2,CC BY 4.0,https://doi.org/10.1371/journal.pone.0221284,"Reis VM, Vianna JM, Barbosa TM, Garrido N, Vilaca Alves J, Carneiro AL, Aidar FJ, Novaes J (2019), PLOS ONE",GOLD,male,,27.5,,78.67,,mixed,INCLINE_BENCH_PRESS,horizontal_push,upper_chest,compound,horizontal_push,,,,,,24.0,moderate,,,5.0702815,primary_training_target,6.1642625,False,cohort_mean_substitution,-1.0939810000000003
reis2019,reis2019,reis_lab_p14,indirect_calorimetry_breath_by_breath,COSMED K4b2,CC BY 4.0,https://doi.org/10.1371/journal.pone.0221284,"Reis VM, Vianna JM, Barbosa TM, Garrido N, Vilaca Alves J, Carneiro AL, Aidar FJ, Novaes J (2019), PLOS ONE",GOLD,male,,27.5,,78.67,,mixed,INCLINE_BENCH_PRESS,horizontal_push,upper_chest,compound,horizontal_push,,,,,,12.0,light,,,4.570727,primary_training_target,5.224175,False,cohort_mean_substitution,-0.653448
reis2019,reis2019,reis_lab_p14,indirect_calorimetry_breath_by_breath,COSMED K4b2,CC BY 4.0,https://doi.org/10.1371/journal.pone.0221284,"Reis VM, Vianna JM, Barbosa TM, Garrido N, Vilaca Alves J, Carneiro AL, Aidar FJ, Novaes J (2019), PLOS ONE",GOLD,male,,27.5,,78.67,,mixed,INCLINE_BENCH_PRESS,horizontal_push,upper_chest,compound,horizontal_push,,,,,,16.0,light,,,4.586461,primary_training_target,5.224175,False,cohort_mean_substitution,-0.6377139999999999
reis2019,reis2019,reis_lab_p14,indirect_calorimetry_breath_by_breath,COSMED K4b2,CC BY 4.0,https://doi.org/10.1371/journal.pone.0221284,"Reis VM, Vianna JM, Barbosa TM, Garrido N, Vilaca Alves J, Carneiro AL, Aidar FJ, Novaes J (2019), PLOS ONE",GOLD,male,,27.5,,78.67,,mixed,INCLINE_BENCH_PRESS,horizontal_push,upper_chest,compound,horizontal_push,,,,,,20.0,moderate,,,3.9177660000000007,primary_training_target,6.1642625,False,cohort_mean_substitution,-2.2464964999999997
reis2019,reis2019,reis_lab_p14,indirect_calorimetry_breath_by_breath,COSMED K4b2,CC BY 4.0,https://doi.org/10.1371/journal.pone.0221284,"Reis VM, Vianna JM, Barbosa TM, Garrido N, Vilaca Alves J, Carneiro AL, Aidar FJ, Novaes J (2019), PLOS ONE",GOLD,male,,27.5,,78.67,,mixed,INCLINE_BENCH_PRESS,horizontal_push,upper_chest,compound,horizontal_push,,,,,,24.0,moderate,,,4.594328000000001,primary_training_target,6.1642625,False,cohort_mean_substitution,-1.5699344999999996
reis2019,reis2019,reis_lab_p1,indirect_calorimetry_breath_by_breath,COSMED K4b2,CC BY 4.0,https://doi.org/10.1371/journal.pone.0221284,"Reis VM, Vianna JM, Barbosa TM, Garrido N, Vilaca Alves J, Carneiro AL, Aidar FJ, Novaes J (2019), PLOS ONE",GOLD,male,,27.5,,78.67,,mixed,BARBELL_SQUAT,squat,quads,compound,squat,,,,,,12.0,light,,,8.9565795,primary_training_target,10.536175,False,cohort_mean_substitution,-1.5795955
reis2019,reis2019,reis_lab_p1,indirect_calorimetry_breath_by_breath,COSMED K4b2,CC BY 4.0,https://doi.org/10.1371/journal.pone.0221284,"Reis VM, Vianna JM, Barbosa TM, Garrido N, Vilaca Alves J, Carneiro AL, Aidar FJ, Novaes J (2019), PLOS ONE",GOLD,male,,27.5,,78.67,,mixed,BARBELL_SQUAT,squat,quads,compound,squat,,,,,,16.0,light,,,9.094252,primary_training_target,10.536175,False,cohort_mean_substitution,-1.441923000000001
reis2019,reis2019,reis_lab_p1,indirect_calorimetry_breath_by_breath,COSMED K4b2,CC BY 4.0,https://doi.org/10.1371/journal.pone.0221284,"Reis VM, Vianna JM, Barbosa TM, Garrido N, Vilaca Alves J, Carneiro AL, Aidar FJ, Novaes J (2019), PLOS ONE",GOLD,male,,27.5,,78.67,,mixed,BARBELL_SQUAT,squat,quads,compound,squat,,,,,,20.0,moderate,,,10.2546345,primary_training_target,11.5542625,False,cohort_mean_substitution,-1.2996280000000002
reis2019,reis2019,reis_lab_p1,indirect_calorimetry_breath_by_breath,COSMED K4b2,CC BY 4.0,https://doi.org/10.1371/journal.pone.0221284,"Reis VM, Vianna JM, Barbosa TM, Garrido N, Vilaca Alves J, Carneiro AL, Aidar FJ, Novaes J (2019), PLOS ONE",GOLD,male,,27.5,,78.67,,mixed,BARBELL_SQUAT,squat,quads,compound,squat,,,,,,24.0,moderate,,,10.195632000000002,primary_training_target,11.5542625,False,cohort_mean_substitution,-1.3586304999999985
reis2019,reis2019,reis_lab_p2,indirect_calorimetry_breath_by_breath,COSMED K4b2,CC BY 4.0,https://doi.org/10.1371/journal.pone.0221284,"Reis VM, Vianna JM, Barbosa TM, Garrido N, Vilaca Alves J, Carneiro AL, Aidar FJ, Novaes J (2019), PLOS ONE",GOLD,male,,27.5,,78.67,,mixed,BARBELL_SQUAT,squat,quads,compound,squat,,,,,,12.0,light,,,10.714854,primary_training_target,10.536175,False,cohort_mean_substitution,0.1786790000000007
reis2019,reis2019,reis_lab_p2,indirect_calorimetry_breath_by_breath,COSMED K4b2,CC BY 4.0,https://doi.org/10.1371/journal.pone.0221284,"Reis VM, Vianna JM, Barbosa TM, Garrido N, Vilaca Alves J, Carneiro AL, Aidar FJ, Novaes J (2019), PLOS ONE",GOLD,male,,27.5,,78.67,,mixed,BARBELL_SQUAT,squat,quads,compound,squat,,,,,,16.0,light,,,12.713072,primary_training_target,10.536175,False,cohort_mean_substitution,2.1768970000000003
reis2019,reis2019,reis_lab_p2,indirect_calorimetry_breath_by_breath,COSMED K4b2,CC BY 4.0,https://doi.org/10.1371/journal.pone.0221284,"Reis VM, Vianna JM, Barbosa TM, Garrido N, Vilaca Alves J, Carneiro AL, Aidar FJ, Novaes J (2019), PLOS ONE",GOLD,male,,27.5,,78.67,,mixed,BARBELL_SQUAT,squat,quads,compound,squat,,,,,,20.0,moderate,,,11.179007000000002,primary_training_target,11.5542625,False,cohort_mean_substitution,-0.37525549999999797
reis2019,reis2019,reis_lab_p2,indirect_calorimetry_breath_by_breath,COSMED K4b2,CC BY 4.0,https://doi.org/10.1371/journal.pone.0221284,"Reis VM, Vianna JM, Barbosa TM, Garrido N, Vilaca Alves J, Carneiro AL, Aidar FJ, Novaes J (2019), PLOS ONE",GOLD,male,,27.5,,78.67,,mixed,BARBELL_SQUAT,squat,quads,compound,squat,,,,,,24.0,moderate,,,12.964816,primary_training_target,11.5542625,False,cohort_mean_substitution,1.4105535000000007
reis2019,reis2019,reis_lab_p3,indirect_calorimetry_breath_by_breath,COSMED K4b2,CC BY 4.0,https://doi.org/10.1371/journal.pone.0221284,"Reis VM, Vianna JM, Barbosa TM, Garrido N, Vilaca Alves J, Carneiro AL, Aidar FJ, Novaes J (2019), PLOS ONE",GOLD,male,,27.5,,78.67,,mixed,BARBELL_SQUAT,squat,quads,compound,squat,,,,,,12.0,light,,,7.076366499999999,primary_training_target,10.536175,False,cohort_mean_substitution,-3.459808500000001
reis2019,reis2019,reis_lab_p3,indirect_calorimetry_breath_by_breath,COSMED K4b2,CC BY 4.0,https://doi.org/10.1371/journal.pone.0221284,"Reis VM, Vianna JM, Barbosa TM, Garrido N, Vilaca Alves J, Carneiro AL, Aidar FJ, Novaes J (2019), PLOS ONE",GOLD,male,,27.5,,78.67,,mixed,BARBELL_SQUAT,squat,quads,compound,squat,,,,,,16.0,light,,,8.622232,primary_training_target,10.536175,False,cohort_mean_substitution,-1.9139429999999997
reis2019,reis2019,reis_lab_p3,indirect_calorimetry_breath_by_breath,COSMED K4b2,CC BY 4.0,https://doi.org/10.1371/journal.pone.0221284,"Reis VM, Vianna JM, Barbosa TM, Garrido N, Vilaca Alves J, Carneiro AL, Aidar FJ, Novaes J (2019), PLOS ONE",GOLD,male,,27.5,,78.67,,mixed,BARBELL_SQUAT,squat,quads,compound,squat,,,,,,20.0,moderate,,,8.146278500000001,primary_training_target,11.5542625,False,cohort_mean_substitution,-3.407983999999999
reis2019,reis2019,reis_lab_p3,indirect_calorimetry_breath_by_breath,COSMED K4b2,CC BY 4.0,https://doi.org/10.1371/journal.pone.0221284,"Reis VM, Vianna JM, Barbosa TM, Garrido N, Vilaca Alves J, Carneiro AL, Aidar FJ, Novaes J (2019), PLOS ONE",GOLD,male,,27.5,,78.67,,mixed,BARBELL_SQUAT,squat,quads,compound,squat,,,,,,24.0,moderate,,,9.353863,primary_training_target,11.5542625,False,cohort_mean_substitution,-2.2003994999999996
reis2019,reis2019,reis_lab_p4,indirect_calorimetry_breath_by_breath,COSMED K4b2,CC BY 4.0,https://doi.org/10.1371/journal.pone.0221284,"Reis VM, Vianna JM, Barbosa TM, Garrido N, Vilaca Alves J, Carneiro AL, Aidar FJ, Novaes J (2019), PLOS ONE",GOLD,male,,27.5,,78.67,,mixed,BARBELL_SQUAT,squat,quads,compound,squat,,,,,,12.0,light,,,10.4749105,primary_training_target,10.536175,False,cohort_mean_substitution,-0.061264500000000055
reis2019,reis2019,reis_lab_p4,indirect_calorimetry_breath_by_breath,COSMED K4b2,CC BY 4.0,https://doi.org/10.1371/journal.pone.0221284,"Reis VM, Vianna JM, Barbosa TM, Garrido N, Vilaca Alves J, Carneiro AL, Aidar FJ, Novaes J (2019), PLOS ONE",GOLD,male,,27.5,,78.67,,mixed,BARBELL_SQUAT,squat,quads,compound,squat,,,,,,16.0,light,,,11.580224,primary_training_target,10.536175,False,cohort_mean_substitution,1.0440489999999993
reis2019,reis2019,reis_lab_p4,indirect_calorimetry_breath_by_breath,COSMED K4b2,CC BY 4.0,https://doi.org/10.1371/journal.pone.0221284,"Reis VM, Vianna JM, Barbosa TM, Garrido N, Vilaca Alves J, Carneiro AL, Aidar FJ, Novaes J (2019), PLOS ONE",GOLD,male,,27.5,,78.67,,mixed,BARBELL_SQUAT,squat,quads,compound,squat,,,,,,20.0,moderate,,,12.071911500000002,primary_training_target,11.5542625,False,cohort_mean_substitution,0.5176490000000022
reis2019,reis2019,reis_lab_p4,indirect_calorimetry_breath_by_breath,COSMED K4b2,CC BY 4.0,https://doi.org/10.1371/journal.pone.0221284,"Reis VM, Vianna JM, Barbosa TM, Garrido N, Vilaca Alves J, Carneiro AL, Aidar FJ, Novaes J (2019), PLOS ONE",GOLD,male,,27.5,,78.67,,mixed,BARBELL_SQUAT,squat,quads,compound,squat,,,,,,24.0,moderate,,,12.327589,primary_training_target,11.5542625,False,cohort_mean_substitution,0.7733264999999996
reis2019,reis2019,reis_lab_p5,indirect_calorimetry_breath_by_breath,COSMED K4b2,CC BY 4.0,https://doi.org/10.1371/journal.pone.0221284,"Reis VM, Vianna JM, Barbosa TM, Garrido N, Vilaca Alves J, Carneiro AL, Aidar FJ, Novaes J (2019), PLOS ONE",GOLD,male,,27.5,,78.67,,mixed,BARBELL_SQUAT,squat,quads,compound,squat,,,,,,12.0,light,,,11.4976205,primary_training_target,10.536175,False,cohort_mean_substitution,0.9614455
reis2019,reis2019,reis_lab_p5,indirect_calorimetry_breath_by_breath,COSMED K4b2,CC BY 4.0,https://doi.org/10.1371/journal.pone.0221284,"Reis VM, Vianna JM, Barbosa TM, Garrido N, Vilaca Alves J, Carneiro AL, Aidar FJ, Novaes J (2019), PLOS ONE",GOLD,male,,27.5,,78.67,,mixed,BARBELL_SQUAT,squat,quads,compound,squat,,,,,,16.0,light,,,9.9163535,primary_training_target,10.536175,False,cohort_mean_substitution,-0.6198215000000005
reis2019,reis2019,reis_lab_p5,indirect_calorimetry_breath_by_breath,COSMED K4b2,CC BY 4.0,https://doi.org/10.1371/journal.pone.0221284,"Reis VM, Vianna JM, Barbosa TM, Garrido N, Vilaca Alves J, Carneiro AL, Aidar FJ, Novaes J (2019), PLOS ONE",GOLD,male,,27.5,,78.67,,mixed,BARBELL_SQUAT,squat,quads,compound,squat,,,,,,20.0,moderate,,,12.461328000000002,primary_training_target,11.5542625,False,cohort_mean_substitution,0.9070655000000016
reis2019,reis2019,reis_lab_p5,indirect_calorimetry_breath_by_breath,COSMED K4b2,CC BY 4.0,https://doi.org/10.1371/journal.pone.0221284,"Reis VM, Vianna JM, Barbosa TM, Garrido N, Vilaca Alves J, Carneiro AL, Aidar FJ, Novaes J (2019), PLOS ONE",GOLD,male,,27.5,,78.67,,mixed,BARBELL_SQUAT,squat,quads,compound,squat,,,,,,24.0,moderate,,,10.3097035,primary_training_target,11.5542625,False,cohort_mean_substitution,-1.2445590000000006
reis2019,reis2019,reis_lab_p6,indirect_calorimetry_breath_by_breath,COSMED K4b2,CC BY 4.0,https://doi.org/10.1371/journal.pone.0221284,"Reis VM, Vianna JM, Barbosa TM, Garrido N, Vilaca Alves J, Carneiro AL, Aidar FJ, Novaes J (2019), PLOS ONE",GOLD,male,,27.5,,78.67,,mixed,BARBELL_SQUAT,squat,quads,compound,squat,,,,,,12.0,light,,,11.391416,primary_training_target,10.536175,False,cohort_mean_substitution,0.8552409999999995
reis2019,reis2019,reis_lab_p6,indirect_calorimetry_breath_by_breath,COSMED K4b2,CC BY 4.0,https://doi.org/10.1371/journal.pone.0221284,"Reis VM, Vianna JM, Barbosa TM, Garrido N, Vilaca Alves J, Carneiro AL, Aidar FJ, Novaes J (2019), PLOS ONE",GOLD,male,,27.5,,78.67,,mixed,BARBELL_SQUAT,squat,quads,compound,squat,,,,,,16.0,light,,,11.446485,primary_training_target,10.536175,False,cohort_mean_substitution,0.9103099999999991
reis2019,reis2019,reis_lab_p6,indirect_calorimetry_breath_by_breath,COSMED K4b2,CC BY 4.0,https://doi.org/10.1371/journal.pone.0221284,"Reis VM, Vianna JM, Barbosa TM, Garrido N, Vilaca Alves J, Carneiro AL, Aidar FJ, Novaes J (2019), PLOS ONE",GOLD,male,,27.5,,78.67,,mixed,BARBELL_SQUAT,squat,quads,compound,squat,,,,,,20.0,moderate,,,13.680713,primary_training_target,11.5542625,False,cohort_mean_substitution,2.1264505000000007
reis2019,reis2019,reis_lab_p6,indirect_calorimetry_breath_by_breath,COSMED K4b2,CC BY 4.0,https://doi.org/10.1371/journal.pone.0221284,"Reis VM, Vianna JM, Barbosa TM, Garrido N, Vilaca Alves J, Carneiro AL, Aidar FJ, Novaes J (2019), PLOS ONE",GOLD,male,,27.5,,78.67,,mixed,BARBELL_SQUAT,squat,quads,compound,squat,,,,,,24.0,moderate,,,11.446485,primary_training_target,11.5542625,False,cohort_mean_substitution,-0.10777750000000097
reis2019,reis2019,reis_lab_p7,indirect_calorimetry_breath_by_breath,COSMED K4b2,CC BY 4.0,https://doi.org/10.1371/journal.pone.0221284,"Reis VM, Vianna JM, Barbosa TM, Garrido N, Vilaca Alves J, Carneiro AL, Aidar FJ, Novaes J (2019), PLOS ONE",GOLD,male,,27.5,,78.67,,mixed,BARBELL_SQUAT,squat,quads,compound,squat,,,,,,12.0,light,,,8.26035,primary_training_target,10.536175,False,cohort_mean_substitution,-2.2758249999999993
reis2019,reis2019,reis_lab_p7,indirect_calorimetry_breath_by_breath,COSMED K4b2,CC BY 4.0,https://doi.org/10.1371/journal.pone.0221284,"Reis VM, Vianna JM, Barbosa TM, Garrido N, Vilaca Alves J, Carneiro AL, Aidar FJ, Novaes J (2019), PLOS ONE",GOLD,male,,27.5,,78.67,,mixed,BARBELL_SQUAT,squat,quads,compound,squat,,,,,,16.0,light,,,9.6016735,primary_training_target,10.536175,False,cohort_mean_substitution,-0.9345014999999997
reis2019,reis2019,reis_lab_p7,indirect_calorimetry_breath_by_breath,COSMED K4b2,CC BY 4.0,https://doi.org/10.1371/journal.pone.0221284,"Reis VM, Vianna JM, Barbosa TM, Garrido N, Vilaca Alves J, Carneiro AL, Aidar FJ, Novaes J (2019), PLOS ONE",GOLD,male,,27.5,,78.67,,mixed,BARBELL_SQUAT,squat,quads,compound,squat,,,,,,20.0,moderate,,,12.311855,primary_training_target,11.5542625,False,cohort_mean_substitution,0.7575924999999994
reis2019,reis2019,reis_lab_p7,indirect_calorimetry_breath_by_breath,COSMED K4b2,CC BY 4.0,https://doi.org/10.1371/journal.pone.0221284,"Reis VM, Vianna JM, Barbosa TM, Garrido N, Vilaca Alves J, Carneiro AL, Aidar FJ, Novaes J (2019), PLOS ONE",GOLD,male,,27.5,,78.67,,mixed,BARBELL_SQUAT,squat,quads,compound,squat,,,,,,24.0,moderate,,,11.4346845,primary_training_target,11.5542625,False,cohort_mean_substitution,-0.11957800000000063
reis2019,reis2019,reis_lab_p8,indirect_calorimetry_breath_by_breath,COSMED K4b2,CC BY 4.0,https://doi.org/10.1371/journal.pone.0221284,"Reis VM, Vianna JM, Barbosa TM, Garrido N, Vilaca Alves J, Carneiro AL, Aidar FJ, Novaes J (2019), PLOS ONE",GOLD,male,,27.5,,78.67,,mixed,BARBELL_SQUAT,squat,quads,compound,squat,,,,,,12.0,light,,,11.808367,primary_training_target,10.536175,False,cohort_mean_substitution,1.2721920000000004
reis2019,reis2019,reis_lab_p8,indirect_calorimetry_breath_by_breath,COSMED K4b2,CC BY 4.0,https://doi.org/10.1371/journal.pone.0221284,"Reis VM, Vianna JM, Barbosa TM, Garrido N, Vilaca Alves J, Carneiro AL, Aidar FJ, Novaes J (2019), PLOS ONE",GOLD,male,,27.5,,78.67,,mixed,BARBELL_SQUAT,squat,quads,compound,squat,,,,,,16.0,light,,,10.899728500000002,primary_training_target,10.536175,False,cohort_mean_substitution,0.36355350000000186
reis2019,reis2019,reis_lab_p8,indirect_calorimetry_breath_by_breath,COSMED K4b2,CC BY 4.0,https://doi.org/10.1371/journal.pone.0221284,"Reis VM, Vianna JM, Barbosa TM, Garrido N, Vilaca Alves J, Carneiro AL, Aidar FJ, Novaes J (2019), PLOS ONE",GOLD,male,,27.5,,78.67,,mixed,BARBELL_SQUAT,squat,quads,compound,squat,,,,,,20.0,moderate,,,12.260719500000002,primary_training_target,11.5542625,False,cohort_mean_substitution,0.7064570000000021
reis2019,reis2019,reis_lab_p8,indirect_calorimetry_breath_by_breath,COSMED K4b2,CC BY 4.0,https://doi.org/10.1371/journal.pone.0221284,"Reis VM, Vianna JM, Barbosa TM, Garrido N, Vilaca Alves J, Carneiro AL, Aidar FJ, Novaes J (2019), PLOS ONE",GOLD,male,,27.5,,78.67,,mixed,BARBELL_SQUAT,squat,quads,compound,squat,,,,,,24.0,moderate,,,13.53124,primary_training_target,11.5542625,False,cohort_mean_substitution,1.9769775000000003
reis2019,reis2019,reis_lab_p9,indirect_calorimetry_breath_by_breath,COSMED K4b2,CC BY 4.0,https://doi.org/10.1371/journal.pone.0221284,"Reis VM, Vianna JM, Barbosa TM, Garrido N, Vilaca Alves J, Carneiro AL, Aidar FJ, Novaes J (2019), PLOS ONE",GOLD,male,,27.5,,78.67,,mixed,BARBELL_SQUAT,squat,quads,compound,squat,,,,,,12.0,light,,,12.138781000000002,primary_training_target,10.536175,False,cohort_mean_substitution,1.6026060000000015
reis2019,reis2019,reis_lab_p9,indirect_calorimetry_breath_by_breath,COSMED K4b2,CC BY 4.0,https://doi.org/10.1371/journal.pone.0221284,"Reis VM, Vianna JM, Barbosa TM, Garrido N, Vilaca Alves J, Carneiro AL, Aidar FJ, Novaes J (2019), PLOS ONE",GOLD,male,,27.5,,78.67,,mixed,BARBELL_SQUAT,squat,quads,compound,squat,,,,,,16.0,light,,,12.2135175,primary_training_target,10.536175,False,cohort_mean_substitution,1.6773425
reis2019,reis2019,reis_lab_p9,indirect_calorimetry_breath_by_breath,COSMED K4b2,CC BY 4.0,https://doi.org/10.1371/journal.pone.0221284,"Reis VM, Vianna JM, Barbosa TM, Garrido N, Vilaca Alves J, Carneiro AL, Aidar FJ, Novaes J (2019), PLOS ONE",GOLD,male,,27.5,,78.67,,mixed,BARBELL_SQUAT,squat,quads,compound,squat,,,,,,20.0,moderate,,,12.500663,primary_training_target,11.5542625,False,cohort_mean_substitution,0.9464004999999993
reis2019,reis2019,reis_lab_p9,indirect_calorimetry_breath_by_breath,COSMED K4b2,CC BY 4.0,https://doi.org/10.1371/journal.pone.0221284,"Reis VM, Vianna JM, Barbosa TM, Garrido N, Vilaca Alves J, Carneiro AL, Aidar FJ, Novaes J (2019), PLOS ONE",GOLD,male,,27.5,,78.67,,mixed,BARBELL_SQUAT,squat,quads,compound,squat,,,,,,24.0,moderate,,,14.2196025,primary_training_target,11.5542625,False,cohort_mean_substitution,2.6653400000000005
reis2019,reis2019,reis_lab_p10,indirect_calorimetry_breath_by_breath,COSMED K4b2,CC BY 4.0,https://doi.org/10.1371/journal.pone.0221284,"Reis VM, Vianna JM, Barbosa TM, Garrido N, Vilaca Alves J, Carneiro AL, Aidar FJ, Novaes J (2019), PLOS ONE",GOLD,male,,27.5,,78.67,,mixed,BARBELL_SQUAT,squat,quads,compound,squat,,,,,,12.0,light,,,12.917614000000002,primary_training_target,10.536175,False,cohort_mean_substitution,2.381439000000002
reis2019,reis2019,reis_lab_p10,indirect_calorimetry_breath_by_breath,COSMED K4b2,CC BY 4.0,https://doi.org/10.1371/journal.pone.0221284,"Reis VM, Vianna JM, Barbosa TM, Garrido N, Vilaca Alves J, Carneiro AL, Aidar FJ, Novaes J (2019), PLOS ONE",GOLD,male,,27.5,,78.67,,mixed,BARBELL_SQUAT,squat,quads,compound,squat,,,,,,16.0,light,,,10.2625015,primary_training_target,10.536175,False,cohort_mean_substitution,-0.27367349999999924
reis2019,reis2019,reis_lab_p10,indirect_calorimetry_breath_by_breath,COSMED K4b2,CC BY 4.0,https://doi.org/10.1371/journal.pone.0221284,"Reis VM, Vianna JM, Barbosa TM, Garrido N, Vilaca Alves J, Carneiro AL, Aidar FJ, Novaes J (2019), PLOS ONE",GOLD,male,,27.5,,78.67,,mixed,BARBELL_SQUAT,squat,quads,compound,squat,,,,,,20.0,moderate,,,13.3857005,primary_training_target,11.5542625,False,cohort_mean_substitution,1.8314380000000003
reis2019,reis2019,reis_lab_p10,indirect_calorimetry_breath_by_breath,COSMED K4b2,CC BY 4.0,https://doi.org/10.1371/journal.pone.0221284,"Reis VM, Vianna JM, Barbosa TM, Garrido N, Vilaca Alves J, Carneiro AL, Aidar FJ, Novaes J (2019), PLOS ONE",GOLD,male,,27.5,,78.67,,mixed,BARBELL_SQUAT,squat,quads,compound,squat,,,,,,24.0,moderate,,,11.7414975,primary_training_target,11.5542625,False,cohort_mean_substitution,0.18723499999999937
reis2019,reis2019,reis_lab_p11,indirect_calorimetry_breath_by_breath,COSMED K4b2,CC BY 4.0,https://doi.org/10.1371/journal.pone.0221284,"Reis VM, Vianna JM, Barbosa TM, Garrido N, Vilaca Alves J, Carneiro AL, Aidar FJ, Novaes J (2019), PLOS ONE",GOLD,male,,27.5,,78.67,,mixed,BARBELL_SQUAT,squat,quads,compound,squat,,,,,,12.0,light,,,9.20439,primary_training_target,10.536175,False,cohort_mean_substitution,-1.331785
reis2019,reis2019,reis_lab_p11,indirect_calorimetry_breath_by_breath,COSMED K4b2,CC BY 4.0,https://doi.org/10.1371/journal.pone.0221284,"Reis VM, Vianna JM, Barbosa TM, Garrido N, Vilaca Alves J, Carneiro AL, Aidar FJ, Novaes J (2019), PLOS ONE",GOLD,male,,27.5,,78.67,,mixed,BARBELL_SQUAT,squat,quads,compound,squat,,,,,,16.0,light,,,9.6016735,primary_training_target,10.536175,False,cohort_mean_substitution,-0.9345014999999997
reis2019,reis2019,reis_lab_p11,indirect_calorimetry_breath_by_breath,COSMED K4b2,CC BY 4.0,https://doi.org/10.1371/journal.pone.0221284,"Reis VM, Vianna JM, Barbosa TM, Garrido N, Vilaca Alves J, Carneiro AL, Aidar FJ, Novaes J (2019), PLOS ONE",GOLD,male,,27.5,,78.67,,mixed,BARBELL_SQUAT,squat,quads,compound,squat,,,,,,20.0,moderate,,,10.486711,primary_training_target,11.5542625,False,cohort_mean_substitution,-1.0675515000000004
reis2019,reis2019,reis_lab_p11,indirect_calorimetry_breath_by_breath,COSMED K4b2,CC BY 4.0,https://doi.org/10.1371/journal.pone.0221284,"Reis VM, Vianna JM, Barbosa TM, Garrido N, Vilaca Alves J, Carneiro AL, Aidar FJ, Novaes J (2019), PLOS ONE",GOLD,male,,27.5,,78.67,,mixed,BARBELL_SQUAT,squat,quads,compound,squat,,,,,,24.0,moderate,,,10.360839,primary_training_target,11.5542625,False,cohort_mean_substitution,-1.1934234999999997
reis2019,reis2019,reis_lab_p12,indirect_calorimetry_breath_by_breath,COSMED K4b2,CC BY 4.0,https://doi.org/10.1371/journal.pone.0221284,"Reis VM, Vianna JM, Barbosa TM, Garrido N, Vilaca Alves J, Carneiro AL, Aidar FJ, Novaes J (2019), PLOS ONE",GOLD,male,,27.5,,78.67,,mixed,BARBELL_SQUAT,squat,quads,compound,squat,,,,,,12.0,light,,,7.969271000000001,primary_training_target,10.536175,False,cohort_mean_substitution,-2.566903999999999
reis2019,reis2019,reis_lab_p12,indirect_calorimetry_breath_by_breath,COSMED K4b2,CC BY 4.0,https://doi.org/10.1371/journal.pone.0221284,"Reis VM, Vianna JM, Barbosa TM, Garrido N, Vilaca Alves J, Carneiro AL, Aidar FJ, Novaes J (2019), PLOS ONE",GOLD,male,,27.5,,78.67,,mixed,BARBELL_SQUAT,squat,quads,compound,squat,,,,,,16.0,light,,,9.0273825,primary_training_target,10.536175,False,cohort_mean_substitution,-1.5087925000000002
reis2019,reis2019,reis_lab_p12,indirect_calorimetry_breath_by_breath,COSMED K4b2,CC BY 4.0,https://doi.org/10.1371/journal.pone.0221284,"Reis VM, Vianna JM, Barbosa TM, Garrido N, Vilaca Alves J, Carneiro AL, Aidar FJ, Novaes J (2019), PLOS ONE",GOLD,male,,27.5,,78.67,,mixed,BARBELL_SQUAT,squat,quads,compound,squat,,,,,,20.0,moderate,,,9.157188,primary_training_target,11.5542625,False,cohort_mean_substitution,-2.3970745000000004
reis2019,reis2019,reis_lab_p12,indirect_calorimetry_breath_by_breath,COSMED K4b2,CC BY 4.0,https://doi.org/10.1371/journal.pone.0221284,"Reis VM, Vianna JM, Barbosa TM, Garrido N, Vilaca Alves J, Carneiro AL, Aidar FJ, Novaes J (2019), PLOS ONE",GOLD,male,,27.5,,78.67,,mixed,BARBELL_SQUAT,squat,quads,compound,squat,,,,,,24.0,moderate,,,8.984114,primary_training_target,11.5542625,False,cohort_mean_substitution,-2.5701485
reis2019,reis2019,reis_lab_p13,indirect_calorimetry_breath_by_breath,COSMED K4b2,CC BY 4.0,https://doi.org/10.1371/journal.pone.0221284,"Reis VM, Vianna JM, Barbosa TM, Garrido N, Vilaca Alves J, Carneiro AL, Aidar FJ, Novaes J (2019), PLOS ONE",GOLD,male,,27.5,,78.67,,mixed,BARBELL_SQUAT,squat,quads,compound,squat,,,,,,12.0,light,,,11.8437685,primary_training_target,10.536175,False,cohort_mean_substitution,1.3075934999999994
reis2019,reis2019,reis_lab_p13,indirect_calorimetry_breath_by_breath,COSMED K4b2,CC BY 4.0,https://doi.org/10.1371/journal.pone.0221284,"Reis VM, Vianna JM, Barbosa TM, Garrido N, Vilaca Alves J, Carneiro AL, Aidar FJ, Novaes J (2019), PLOS ONE",GOLD,male,,27.5,,78.67,,mixed,BARBELL_SQUAT,squat,quads,compound,squat,,,,,,16.0,light,,,10.6479845,primary_training_target,10.536175,False,cohort_mean_substitution,0.11180949999999967
reis2019,reis2019,reis_lab_p13,indirect_calorimetry_breath_by_breath,COSMED K4b2,CC BY 4.0,https://doi.org/10.1371/journal.pone.0221284,"Reis VM, Vianna JM, Barbosa TM, Garrido N, Vilaca Alves J, Carneiro AL, Aidar FJ, Novaes J (2019), PLOS ONE",GOLD,male,,27.5,,78.67,,mixed,BARBELL_SQUAT,squat,quads,compound,squat,,,,,,20.0,moderate,,,11.4582855,primary_training_target,11.5542625,False,cohort_mean_substitution,-0.09597699999999953
reis2019,reis2019,reis_lab_p13,indirect_calorimetry_breath_by_breath,COSMED K4b2,CC BY 4.0,https://doi.org/10.1371/journal.pone.0221284,"Reis VM, Vianna JM, Barbosa TM, Garrido N, Vilaca Alves J, Carneiro AL, Aidar FJ, Novaes J (2019), PLOS ONE",GOLD,male,,27.5,,78.67,,mixed,BARBELL_SQUAT,squat,quads,compound,squat,,,,,,24.0,moderate,,,11.32848,primary_training_target,11.5542625,False,cohort_mean_substitution,-0.22578249999999933
reis2019,reis2019,reis_lab_p14,indirect_calorimetry_breath_by_breath,COSMED K4b2,CC BY 4.0,https://doi.org/10.1371/journal.pone.0221284,"Reis VM, Vianna JM, Barbosa TM, Garrido N, Vilaca Alves J, Carneiro AL, Aidar FJ, Novaes J (2019), PLOS ONE",GOLD,male,,27.5,,78.67,,mixed,BARBELL_SQUAT,squat,quads,compound,squat,,,,,,12.0,light,,,11.076736,primary_training_target,10.536175,False,cohort_mean_substitution,0.5405610000000003
reis2019,reis2019,reis_lab_p14,indirect_calorimetry_breath_by_breath,COSMED K4b2,CC BY 4.0,https://doi.org/10.1371/journal.pone.0221284,"Reis VM, Vianna JM, Barbosa TM, Garrido N, Vilaca Alves J, Carneiro AL, Aidar FJ, Novaes J (2019), PLOS ONE",GOLD,male,,27.5,,78.67,,mixed,BARBELL_SQUAT,squat,quads,compound,squat,,,,,,16.0,light,,,12.713072,primary_training_target,10.536175,False,cohort_mean_substitution,2.1768970000000003
reis2019,reis2019,reis_lab_p14,indirect_calorimetry_breath_by_breath,COSMED K4b2,CC BY 4.0,https://doi.org/10.1371/journal.pone.0221284,"Reis VM, Vianna JM, Barbosa TM, Garrido N, Vilaca Alves J, Carneiro AL, Aidar FJ, Novaes J (2019), PLOS ONE",GOLD,male,,27.5,,78.67,,mixed,BARBELL_SQUAT,squat,quads,compound,squat,,,,,,20.0,moderate,,,12.6068675,primary_training_target,11.5542625,False,cohort_mean_substitution,1.0526049999999998
reis2019,reis2019,reis_lab_p14,indirect_calorimetry_breath_by_breath,COSMED K4b2,CC BY 4.0,https://doi.org/10.1371/journal.pone.0221284,"Reis VM, Vianna JM, Barbosa TM, Garrido N, Vilaca Alves J, Carneiro AL, Aidar FJ, Novaes J (2019), PLOS ONE",GOLD,male,,27.5,,78.67,,mixed,BARBELL_SQUAT,squat,quads,compound,squat,,,,,,24.0,moderate,,,12.964816,primary_training_target,11.5542625,False,cohort_mean_substitution,1.4105535000000007
brunelli2019,brunelli2019,brunelli2019_p1,indirect_calorimetry_breath_by_breath,Oxycon (portable gas analyzer),CC BY 4.0,https://doi.org/10.1371/journal.pone.0224801,"Brunelli DT, Finardi EAR, Bonfante ILP, Gaspari AF, Sardeli AV, Souza TMF, Chacon-Mikahil MP, Cavaglieri CR (2019), PLOS ONE",GOLD,male,,22.0,,71.8,,untrained,LEG_EXTENSION,isolation,quads,isolation,isolation,3.0,,,,,,,,92.418,,confirmatory_only_incompatible_unit,,False,,
brunelli2019,brunelli2019,brunelli2019_p1,indirect_calorimetry_breath_by_breath,Oxycon (portable gas analyzer),CC BY 4.0,https://doi.org/10.1371/journal.pone.0224801,"Brunelli DT, Finardi EAR, Bonfante ILP, Gaspari AF, Sardeli AV, Souza TMF, Chacon-Mikahil MP, Cavaglieri CR (2019), PLOS ONE",GOLD,male,,22.0,,71.8,,untrained,LEG_EXTENSION,isolation,quads,isolation,isolation,3.0,,,,,30.0,,,106.23,,confirmatory_only_incompatible_unit,,False,,
brunelli2019,brunelli2019,brunelli2019_p1,indirect_calorimetry_breath_by_breath,Oxycon (portable gas analyzer),CC BY 4.0,https://doi.org/10.1371/journal.pone.0224801,"Brunelli DT, Finardi EAR, Bonfante ILP, Gaspari AF, Sardeli AV, Souza TMF, Chacon-Mikahil MP, Cavaglieri CR (2019), PLOS ONE",GOLD,male,,22.0,,71.8,,untrained,LEG_EXTENSION,isolation,quads,isolation,isolation,3.0,,,,,80.0,,,107.808,,confirmatory_only_incompatible_unit,,False,,
brunelli2019,brunelli2019,brunelli2019_p2,indirect_calorimetry_breath_by_breath,Oxycon (portable gas analyzer),CC BY 4.0,https://doi.org/10.1371/journal.pone.0224801,"Brunelli DT, Finardi EAR, Bonfante ILP, Gaspari AF, Sardeli AV, Souza TMF, Chacon-Mikahil MP, Cavaglieri CR (2019), PLOS ONE",GOLD,male,,22.0,,71.8,,untrained,LEG_EXTENSION,isolation,quads,isolation,isolation,3.0,,,,,,,,96.906,,confirmatory_only_incompatible_unit,,False,,
brunelli2019,brunelli2019,brunelli2019_p2,indirect_calorimetry_breath_by_breath,Oxycon (portable gas analyzer),CC BY 4.0,https://doi.org/10.1371/journal.pone.0224801,"Brunelli DT, Finardi EAR, Bonfante ILP, Gaspari AF, Sardeli AV, Souza TMF, Chacon-Mikahil MP, Cavaglieri CR (2019), PLOS ONE",GOLD,male,,22.0,,71.8,,untrained,LEG_EXTENSION,isolation,quads,isolation,isolation,3.0,,,,,30.0,,,122.234,,confirmatory_only_incompatible_unit,,False,,
brunelli2019,brunelli2019,brunelli2019_p2,indirect_calorimetry_breath_by_breath,Oxycon (portable gas analyzer),CC BY 4.0,https://doi.org/10.1371/journal.pone.0224801,"Brunelli DT, Finardi EAR, Bonfante ILP, Gaspari AF, Sardeli AV, Souza TMF, Chacon-Mikahil MP, Cavaglieri CR (2019), PLOS ONE",GOLD,male,,22.0,,71.8,,untrained,LEG_EXTENSION,isolation,quads,isolation,isolation,3.0,,,,,80.0,,,125.737,,confirmatory_only_incompatible_unit,,False,,
brunelli2019,brunelli2019,brunelli2019_p3,indirect_calorimetry_breath_by_breath,Oxycon (portable gas analyzer),CC BY 4.0,https://doi.org/10.1371/journal.pone.0224801,"Brunelli DT, Finardi EAR, Bonfante ILP, Gaspari AF, Sardeli AV, Souza TMF, Chacon-Mikahil MP, Cavaglieri CR (2019), PLOS ONE",GOLD,male,,22.0,,71.8,,untrained,LEG_EXTENSION,isolation,quads,isolation,isolation,3.0,,,,,,,,95.682,,confirmatory_only_incompatible_unit,,False,,
brunelli2019,brunelli2019,brunelli2019_p3,indirect_calorimetry_breath_by_breath,Oxycon (portable gas analyzer),CC BY 4.0,https://doi.org/10.1371/journal.pone.0224801,"Brunelli DT, Finardi EAR, Bonfante ILP, Gaspari AF, Sardeli AV, Souza TMF, Chacon-Mikahil MP, Cavaglieri CR (2019), PLOS ONE",GOLD,male,,22.0,,71.8,,untrained,LEG_EXTENSION,isolation,quads,isolation,isolation,3.0,,,,,30.0,,,137.468,,confirmatory_only_incompatible_unit,,False,,
brunelli2019,brunelli2019,brunelli2019_p3,indirect_calorimetry_breath_by_breath,Oxycon (portable gas analyzer),CC BY 4.0,https://doi.org/10.1371/journal.pone.0224801,"Brunelli DT, Finardi EAR, Bonfante ILP, Gaspari AF, Sardeli AV, Souza TMF, Chacon-Mikahil MP, Cavaglieri CR (2019), PLOS ONE",GOLD,male,,22.0,,71.8,,untrained,LEG_EXTENSION,isolation,quads,isolation,isolation,3.0,,,,,80.0,,,121.216,,confirmatory_only_incompatible_unit,,False,,
brunelli2019,brunelli2019,brunelli2019_p4,indirect_calorimetry_breath_by_breath,Oxycon (portable gas analyzer),CC BY 4.0,https://doi.org/10.1371/journal.pone.0224801,"Brunelli DT, Finardi EAR, Bonfante ILP, Gaspari AF, Sardeli AV, Souza TMF, Chacon-Mikahil MP, Cavaglieri CR (2019), PLOS ONE",GOLD,male,,22.0,,71.8,,untrained,LEG_EXTENSION,isolation,quads,isolation,isolation,3.0,,,,,,,,80.45700000000001,,confirmatory_only_incompatible_unit,,False,,
brunelli2019,brunelli2019,brunelli2019_p4,indirect_calorimetry_breath_by_breath,Oxycon (portable gas analyzer),CC BY 4.0,https://doi.org/10.1371/journal.pone.0224801,"Brunelli DT, Finardi EAR, Bonfante ILP, Gaspari AF, Sardeli AV, Souza TMF, Chacon-Mikahil MP, Cavaglieri CR (2019), PLOS ONE",GOLD,male,,22.0,,71.8,,untrained,LEG_EXTENSION,isolation,quads,isolation,isolation,3.0,,,,,30.0,,,119.06,,confirmatory_only_incompatible_unit,,False,,
brunelli2019,brunelli2019,brunelli2019_p4,indirect_calorimetry_breath_by_breath,Oxycon (portable gas analyzer),CC BY 4.0,https://doi.org/10.1371/journal.pone.0224801,"Brunelli DT, Finardi EAR, Bonfante ILP, Gaspari AF, Sardeli AV, Souza TMF, Chacon-Mikahil MP, Cavaglieri CR (2019), PLOS ONE",GOLD,male,,22.0,,71.8,,untrained,LEG_EXTENSION,isolation,quads,isolation,isolation,3.0,,,,,80.0,,,117.468,,confirmatory_only_incompatible_unit,,False,,
brunelli2019,brunelli2019,brunelli2019_p5,indirect_calorimetry_breath_by_breath,Oxycon (portable gas analyzer),CC BY 4.0,https://doi.org/10.1371/journal.pone.0224801,"Brunelli DT, Finardi EAR, Bonfante ILP, Gaspari AF, Sardeli AV, Souza TMF, Chacon-Mikahil MP, Cavaglieri CR (2019), PLOS ONE",GOLD,male,,22.0,,71.8,,untrained,LEG_EXTENSION,isolation,quads,isolation,isolation,3.0,,,,,,,,72.362,,confirmatory_only_incompatible_unit,,False,,
brunelli2019,brunelli2019,brunelli2019_p5,indirect_calorimetry_breath_by_breath,Oxycon (portable gas analyzer),CC BY 4.0,https://doi.org/10.1371/journal.pone.0224801,"Brunelli DT, Finardi EAR, Bonfante ILP, Gaspari AF, Sardeli AV, Souza TMF, Chacon-Mikahil MP, Cavaglieri CR (2019), PLOS ONE",GOLD,male,,22.0,,71.8,,untrained,LEG_EXTENSION,isolation,quads,isolation,isolation,3.0,,,,,30.0,,,102.666,,confirmatory_only_incompatible_unit,,False,,
brunelli2019,brunelli2019,brunelli2019_p5,indirect_calorimetry_breath_by_breath,Oxycon (portable gas analyzer),CC BY 4.0,https://doi.org/10.1371/journal.pone.0224801,"Brunelli DT, Finardi EAR, Bonfante ILP, Gaspari AF, Sardeli AV, Souza TMF, Chacon-Mikahil MP, Cavaglieri CR (2019), PLOS ONE",GOLD,male,,22.0,,71.8,,untrained,LEG_EXTENSION,isolation,quads,isolation,isolation,3.0,,,,,80.0,,,148.424,,confirmatory_only_incompatible_unit,,False,,
brunelli2019,brunelli2019,brunelli2019_p6,indirect_calorimetry_breath_by_breath,Oxycon (portable gas analyzer),CC BY 4.0,https://doi.org/10.1371/journal.pone.0224801,"Brunelli DT, Finardi EAR, Bonfante ILP, Gaspari AF, Sardeli AV, Souza TMF, Chacon-Mikahil MP, Cavaglieri CR (2019), PLOS ONE",GOLD,male,,22.0,,71.8,,untrained,LEG_EXTENSION,isolation,quads,isolation,isolation,3.0,,,,,,,,96.671,,confirmatory_only_incompatible_unit,,False,,
brunelli2019,brunelli2019,brunelli2019_p6,indirect_calorimetry_breath_by_breath,Oxycon (portable gas analyzer),CC BY 4.0,https://doi.org/10.1371/journal.pone.0224801,"Brunelli DT, Finardi EAR, Bonfante ILP, Gaspari AF, Sardeli AV, Souza TMF, Chacon-Mikahil MP, Cavaglieri CR (2019), PLOS ONE",GOLD,male,,22.0,,71.8,,untrained,LEG_EXTENSION,isolation,quads,isolation,isolation,3.0,,,,,30.0,,,135.183,,confirmatory_only_incompatible_unit,,False,,
brunelli2019,brunelli2019,brunelli2019_p6,indirect_calorimetry_breath_by_breath,Oxycon (portable gas analyzer),CC BY 4.0,https://doi.org/10.1371/journal.pone.0224801,"Brunelli DT, Finardi EAR, Bonfante ILP, Gaspari AF, Sardeli AV, Souza TMF, Chacon-Mikahil MP, Cavaglieri CR (2019), PLOS ONE",GOLD,male,,22.0,,71.8,,untrained,LEG_EXTENSION,isolation,quads,isolation,isolation,3.0,,,,,80.0,,,124.808,,confirmatory_only_incompatible_unit,,False,,
brunelli2019,brunelli2019,brunelli2019_p7,indirect_calorimetry_breath_by_breath,Oxycon (portable gas analyzer),CC BY 4.0,https://doi.org/10.1371/journal.pone.0224801,"Brunelli DT, Finardi EAR, Bonfante ILP, Gaspari AF, Sardeli AV, Souza TMF, Chacon-Mikahil MP, Cavaglieri CR (2019), PLOS ONE",GOLD,male,,22.0,,71.8,,untrained,LEG_EXTENSION,isolation,quads,isolation,isolation,3.0,,,,,,,,89.709,,confirmatory_only_incompatible_unit,,False,,
brunelli2019,brunelli2019,brunelli2019_p7,indirect_calorimetry_breath_by_breath,Oxycon (portable gas analyzer),CC BY 4.0,https://doi.org/10.1371/journal.pone.0224801,"Brunelli DT, Finardi EAR, Bonfante ILP, Gaspari AF, Sardeli AV, Souza TMF, Chacon-Mikahil MP, Cavaglieri CR (2019), PLOS ONE",GOLD,male,,22.0,,71.8,,untrained,LEG_EXTENSION,isolation,quads,isolation,isolation,3.0,,,,,30.0,,,108.931,,confirmatory_only_incompatible_unit,,False,,
brunelli2019,brunelli2019,brunelli2019_p7,indirect_calorimetry_breath_by_breath,Oxycon (portable gas analyzer),CC BY 4.0,https://doi.org/10.1371/journal.pone.0224801,"Brunelli DT, Finardi EAR, Bonfante ILP, Gaspari AF, Sardeli AV, Souza TMF, Chacon-Mikahil MP, Cavaglieri CR (2019), PLOS ONE",GOLD,male,,22.0,,71.8,,untrained,LEG_EXTENSION,isolation,quads,isolation,isolation,3.0,,,,,80.0,,,89.886,,confirmatory_only_incompatible_unit,,False,,
brunelli2019,brunelli2019,brunelli2019_p8,indirect_calorimetry_breath_by_breath,Oxycon (portable gas analyzer),CC BY 4.0,https://doi.org/10.1371/journal.pone.0224801,"Brunelli DT, Finardi EAR, Bonfante ILP, Gaspari AF, Sardeli AV, Souza TMF, Chacon-Mikahil MP, Cavaglieri CR (2019), PLOS ONE",GOLD,male,,22.0,,71.8,,untrained,LEG_EXTENSION,isolation,quads,isolation,isolation,3.0,,,,,,,,85.104,,confirmatory_only_incompatible_unit,,False,,
brunelli2019,brunelli2019,brunelli2019_p8,indirect_calorimetry_breath_by_breath,Oxycon (portable gas analyzer),CC BY 4.0,https://doi.org/10.1371/journal.pone.0224801,"Brunelli DT, Finardi EAR, Bonfante ILP, Gaspari AF, Sardeli AV, Souza TMF, Chacon-Mikahil MP, Cavaglieri CR (2019), PLOS ONE",GOLD,male,,22.0,,71.8,,untrained,LEG_EXTENSION,isolation,quads,isolation,isolation,3.0,,,,,30.0,,,122.816,,confirmatory_only_incompatible_unit,,False,,
brunelli2019,brunelli2019,brunelli2019_p8,indirect_calorimetry_breath_by_breath,Oxycon (portable gas analyzer),CC BY 4.0,https://doi.org/10.1371/journal.pone.0224801,"Brunelli DT, Finardi EAR, Bonfante ILP, Gaspari AF, Sardeli AV, Souza TMF, Chacon-Mikahil MP, Cavaglieri CR (2019), PLOS ONE",GOLD,male,,22.0,,71.8,,untrained,LEG_EXTENSION,isolation,quads,isolation,isolation,3.0,,,,,80.0,,,96.932,,confirmatory_only_incompatible_unit,,False,,
brunelli2019,brunelli2019,brunelli2019_p9,indirect_calorimetry_breath_by_breath,Oxycon (portable gas analyzer),CC BY 4.0,https://doi.org/10.1371/journal.pone.0224801,"Brunelli DT, Finardi EAR, Bonfante ILP, Gaspari AF, Sardeli AV, Souza TMF, Chacon-Mikahil MP, Cavaglieri CR (2019), PLOS ONE",GOLD,male,,22.0,,71.8,,untrained,LEG_EXTENSION,isolation,quads,isolation,isolation,3.0,,,,,,,,95.355,,confirmatory_only_incompatible_unit,,False,,
brunelli2019,brunelli2019,brunelli2019_p9,indirect_calorimetry_breath_by_breath,Oxycon (portable gas analyzer),CC BY 4.0,https://doi.org/10.1371/journal.pone.0224801,"Brunelli DT, Finardi EAR, Bonfante ILP, Gaspari AF, Sardeli AV, Souza TMF, Chacon-Mikahil MP, Cavaglieri CR (2019), PLOS ONE",GOLD,male,,22.0,,71.8,,untrained,LEG_EXTENSION,isolation,quads,isolation,isolation,3.0,,,,,30.0,,,140.278,,confirmatory_only_incompatible_unit,,False,,
brunelli2019,brunelli2019,brunelli2019_p9,indirect_calorimetry_breath_by_breath,Oxycon (portable gas analyzer),CC BY 4.0,https://doi.org/10.1371/journal.pone.0224801,"Brunelli DT, Finardi EAR, Bonfante ILP, Gaspari AF, Sardeli AV, Souza TMF, Chacon-Mikahil MP, Cavaglieri CR (2019), PLOS ONE",GOLD,male,,22.0,,71.8,,untrained,LEG_EXTENSION,isolation,quads,isolation,isolation,3.0,,,,,80.0,,,98.262,,confirmatory_only_incompatible_unit,,False,,
brunelli2019,brunelli2019,brunelli2019_p10,indirect_calorimetry_breath_by_breath,Oxycon (portable gas analyzer),CC BY 4.0,https://doi.org/10.1371/journal.pone.0224801,"Brunelli DT, Finardi EAR, Bonfante ILP, Gaspari AF, Sardeli AV, Souza TMF, Chacon-Mikahil MP, Cavaglieri CR (2019), PLOS ONE",GOLD,male,,22.0,,71.8,,untrained,LEG_EXTENSION,isolation,quads,isolation,isolation,3.0,,,,,,,,95.064,,confirmatory_only_incompatible_unit,,False,,
brunelli2019,brunelli2019,brunelli2019_p10,indirect_calorimetry_breath_by_breath,Oxycon (portable gas analyzer),CC BY 4.0,https://doi.org/10.1371/journal.pone.0224801,"Brunelli DT, Finardi EAR, Bonfante ILP, Gaspari AF, Sardeli AV, Souza TMF, Chacon-Mikahil MP, Cavaglieri CR (2019), PLOS ONE",GOLD,male,,22.0,,71.8,,untrained,LEG_EXTENSION,isolation,quads,isolation,isolation,3.0,,,,,30.0,,,125.092,,confirmatory_only_incompatible_unit,,False,,
brunelli2019,brunelli2019,brunelli2019_p10,indirect_calorimetry_breath_by_breath,Oxycon (portable gas analyzer),CC BY 4.0,https://doi.org/10.1371/journal.pone.0224801,"Brunelli DT, Finardi EAR, Bonfante ILP, Gaspari AF, Sardeli AV, Souza TMF, Chacon-Mikahil MP, Cavaglieri CR (2019), PLOS ONE",GOLD,male,,22.0,,71.8,,untrained,LEG_EXTENSION,isolation,quads,isolation,isolation,3.0,,,,,80.0,,,161.757,,confirmatory_only_incompatible_unit,,False,,
brunelli2019,brunelli2019,brunelli2019_p11,indirect_calorimetry_breath_by_breath,Oxycon (portable gas analyzer),CC BY 4.0,https://doi.org/10.1371/journal.pone.0224801,"Brunelli DT, Finardi EAR, Bonfante ILP, Gaspari AF, Sardeli AV, Souza TMF, Chacon-Mikahil MP, Cavaglieri CR (2019), PLOS ONE",GOLD,male,,22.0,,71.8,,untrained,LEG_EXTENSION,isolation,quads,isolation,isolation,3.0,,,,,,,,95.832,,confirmatory_only_incompatible_unit,,False,,
brunelli2019,brunelli2019,brunelli2019_p11,indirect_calorimetry_breath_by_breath,Oxycon (portable gas analyzer),CC BY 4.0,https://doi.org/10.1371/journal.pone.0224801,"Brunelli DT, Finardi EAR, Bonfante ILP, Gaspari AF, Sardeli AV, Souza TMF, Chacon-Mikahil MP, Cavaglieri CR (2019), PLOS ONE",GOLD,male,,22.0,,71.8,,untrained,LEG_EXTENSION,isolation,quads,isolation,isolation,3.0,,,,,30.0,,,149.34199999999998,,confirmatory_only_incompatible_unit,,False,,
brunelli2019,brunelli2019,brunelli2019_p11,indirect_calorimetry_breath_by_breath,Oxycon (portable gas analyzer),CC BY 4.0,https://doi.org/10.1371/journal.pone.0224801,"Brunelli DT, Finardi EAR, Bonfante ILP, Gaspari AF, Sardeli AV, Souza TMF, Chacon-Mikahil MP, Cavaglieri CR (2019), PLOS ONE",GOLD,male,,22.0,,71.8,,untrained,LEG_EXTENSION,isolation,quads,isolation,isolation,3.0,,,,,80.0,,,163.23033333333333,,confirmatory_only_incompatible_unit,,False,,
